-- MySQL dump 10.13  Distrib 5.7.21, for Linux (x86_64)
--
-- Host: localhost    Database: olastivos
-- ------------------------------------------------------
-- Server version	5.7.21-0ubuntu0.16.04.1

/*!40101 SET @OLD_CHARACTER_SET_CLIENT=@@CHARACTER_SET_CLIENT */;
/*!40101 SET @OLD_CHARACTER_SET_RESULTS=@@CHARACTER_SET_RESULTS */;
/*!40101 SET @OLD_COLLATION_CONNECTION=@@COLLATION_CONNECTION */;
/*!40101 SET NAMES utf8 */;
/*!40103 SET @OLD_TIME_ZONE=@@TIME_ZONE */;
/*!40103 SET TIME_ZONE='+00:00' */;
/*!40014 SET @OLD_UNIQUE_CHECKS=@@UNIQUE_CHECKS, UNIQUE_CHECKS=0 */;
/*!40014 SET @OLD_FOREIGN_KEY_CHECKS=@@FOREIGN_KEY_CHECKS, FOREIGN_KEY_CHECKS=0 */;
/*!40101 SET @OLD_SQL_MODE=@@SQL_MODE, SQL_MODE='NO_AUTO_VALUE_ON_ZERO' */;
/*!40111 SET @OLD_SQL_NOTES=@@SQL_NOTES, SQL_NOTES=0 */;

--
-- Table structure for table `ages`
--

DROP TABLE IF EXISTS `ages`;
/*!40101 SET @saved_cs_client     = @@character_set_client */;
/*!40101 SET character_set_client = utf8 */;
CREATE TABLE `ages` (
  `id` int(10) unsigned NOT NULL AUTO_INCREMENT,
  `name` varchar(191) COLLATE utf8mb4_unicode_ci NOT NULL,
  `category` varchar(191) COLLATE utf8mb4_unicode_ci NOT NULL,
  `min` int(10) unsigned DEFAULT NULL,
  `max` int(10) unsigned NOT NULL,
  `created_at` timestamp NULL DEFAULT NULL,
  `updated_at` timestamp NULL DEFAULT NULL,
  PRIMARY KEY (`id`)
) ENGINE=InnoDB AUTO_INCREMENT=6 DEFAULT CHARSET=utf8mb4 COLLATE=utf8mb4_unicode_ci;
/*!40101 SET character_set_client = @saved_cs_client */;

--
-- Dumping data for table `ages`
--

LOCK TABLES `ages` WRITE;
/*!40000 ALTER TABLE `ages` DISABLE KEYS */;
INSERT INTO `ages` VALUES (1,'Άνδρες/Γυναίκες','senior',0,99,'2017-12-26 14:00:48','2017-12-26 14:00:48'),(2,'Κάτω των 23','u23',20,22,'2017-12-26 14:00:48','2017-12-26 14:00:48'),(3,'Έφηφοι/Νεανίδες','u20',0,19,'2017-12-26 14:00:48','2017-12-26 14:00:48'),(4,'Παίδες/Κορασίδες','u18',0,17,'2017-12-26 14:00:48','2017-12-26 14:00:48'),(5,'Παμπαίδες/Παγκορασίδες','u16',0,15,'2017-12-26 14:00:48','2017-12-26 14:00:48');
/*!40000 ALTER TABLE `ages` ENABLE KEYS */;
UNLOCK TABLES;

--
-- Table structure for table `athletes`
--

DROP TABLE IF EXISTS `athletes`;
/*!40101 SET @saved_cs_client     = @@character_set_client */;
/*!40101 SET character_set_client = utf8 */;
CREATE TABLE `athletes` (
  `id` int(10) unsigned NOT NULL AUTO_INCREMENT,
  `first_name` varchar(191) COLLATE utf8mb4_unicode_ci NOT NULL,
  `last_name` varchar(191) COLLATE utf8mb4_unicode_ci NOT NULL,
  `dob` date DEFAULT NULL,
  `year` year(4) NOT NULL,
  `gender` varchar(191) COLLATE utf8mb4_unicode_ci NOT NULL,
  `picture` varchar(191) COLLATE utf8mb4_unicode_ci NOT NULL DEFAULT 'athlete.jpg',
  `status` tinyint(1) NOT NULL DEFAULT '0',
  `club_id` int(10) unsigned NOT NULL,
  `created_at` timestamp NULL DEFAULT NULL,
  `updated_at` timestamp NULL DEFAULT NULL,
  PRIMARY KEY (`id`),
  KEY `athletes_club_id_foreign` (`club_id`),
  CONSTRAINT `athletes_club_id_foreign` FOREIGN KEY (`club_id`) REFERENCES `clubs` (`id`)
) ENGINE=InnoDB AUTO_INCREMENT=170 DEFAULT CHARSET=utf8mb4 COLLATE=utf8mb4_unicode_ci;
/*!40101 SET character_set_client = @saved_cs_client */;

--
-- Dumping data for table `athletes`
--

LOCK TABLES `athletes` WRITE;
/*!40000 ALTER TABLE `athletes` DISABLE KEYS */;
INSERT INTO `athletes` VALUES (1,'Γιάννης','Ζησιμίδης','1967-08-17',1967,'male','/img/athlete.png',1,2,'2017-12-30 15:18:37','2018-02-04 14:42:33'),(2,'Πρόδρομος','Κατσαντώνης','1975-10-20',1975,'male','/img/athlete.png',1,3,'2017-12-30 15:24:46','2018-02-04 14:42:33'),(3,'Ραμόνα','Παπαϊωάννου','1989-06-15',1989,'female','/img/athlete.png',1,5,'2017-12-30 19:52:43','2018-02-04 14:42:33'),(4,'Ελένη','Αρτυματά','1986-05-16',1986,'female','/img/athlete.png',1,3,'2017-12-30 19:56:23','2018-02-04 14:42:33'),(5,'Ναταλία','Ευαγγελίδου','1991-03-10',1991,'female','/img/athlete.png',1,1,'2017-12-30 20:00:42','2018-02-04 14:42:33'),(6,'Άντρη','Αβραάμ','1963-01-20',1963,'female','/img/athlete.png',1,3,'2017-12-30 20:24:20','2018-02-04 14:42:33'),(7,'Μόρφω','Μπαούρδα','1982-01-13',1982,'female','/img/athlete.png',1,4,'2017-12-30 20:29:55','2018-02-04 14:42:33'),(8,'Άντρη','Σιάλου','1973-01-27',1973,'female','/img/athlete.png',1,3,'2017-12-30 20:40:10','2018-02-04 14:42:33'),(9,'Ευριπίδης','Δημοσθένους','1972-10-14',1972,'male','/img/athlete.png',1,2,'2017-12-31 08:17:17','2018-02-04 14:42:33'),(10,'Σπύρος','Σπύρου','1958-06-06',1958,'male','/img/athlete.png',1,1,'2017-12-31 08:18:45','2018-02-04 14:42:33'),(11,'Αμίν','Χατίρι','1988-11-20',1988,'male','/img/athlete.png',1,4,'2017-12-31 08:19:58','2018-02-04 14:42:33'),(12,'Φίλιππος','Φιλίππου','1956-09-25',1956,'male','/img/athlete.png',1,3,'2017-12-31 08:20:50','2018-02-04 14:42:33'),(13,'Μάριος','Κασιανίδης','1954-09-16',1954,'male','/img/athlete.png',1,1,'2017-12-31 08:21:38','2018-02-04 14:42:33'),(14,'Μίλαν','Τραΐκοβιτς','1992-09-17',1992,'male','/img/athlete.png',1,2,'2017-12-31 08:22:41','2018-02-04 14:42:33'),(15,'Σταύρος','Τζιωρτζής','1948-09-15',1948,'male','/img/athlete.png',1,3,'2017-12-31 08:24:06','2018-02-27 09:32:21'),(16,'Δημήτρης','Αραούζος','1961-02-19',1961,'male','/img/athlete.png',1,1,'2017-12-31 18:37:06','2018-02-27 11:16:41'),(17,'Μιχάλης','Ροδοσθένους','1959-06-15',1959,'male','/img/athlete.png',1,2,'2017-12-31 18:38:19','2018-02-27 11:16:41'),(18,'Κυριάκος','Ιωάννου','1984-07-26',1984,'male','/img/athlete.png',1,2,'2017-12-31 18:38:57','2018-02-04 14:42:33'),(19,'Σταύρος','Σπύρου','2000-11-19',2000,'male','/img/athlete.png',1,1,'2017-12-31 18:40:01','2018-02-04 14:42:33'),(20,'Νίκανδρος','Στυλιανού','1989-08-22',1989,'male','/img/athlete.png',1,6,'2017-12-31 18:40:50','2018-02-04 14:42:33'),(21,'Λούκας','Λουκά','1945-05-15',1945,'male','/img/athlete.png',1,3,'2017-12-31 18:42:01','2018-02-04 14:42:33'),(22,'Απόστολος','Παρέλλης','1985-07-24',1985,'male','/img/athlete.png',1,1,'2017-12-31 18:42:36','2018-02-04 14:42:33'),(23,'Παναγιώτης','Καλογήρου','1976-06-06',1976,'male','/img/athlete.png',1,1,'2017-12-31 18:43:10','2018-02-27 19:10:12'),(24,'Κώστας','Σταθελάκος','1987-12-30',1987,'male','/img/athlete.png',1,4,'2017-12-31 18:43:47','2018-02-04 14:42:33'),(25,'Γεώργιος','Ανδρέου','1974-07-26',1974,'male','/img/athlete.png',1,4,'2017-12-31 18:44:37','2018-03-02 11:41:57'),(26,'Στέλλα','Χριστοφόρου','1992-03-02',1992,'female','/img/athlete.png',1,1,'2018-01-01 09:12:33','2018-02-25 15:02:06'),(27,'Λεοντία','Καλλένου','1994-10-05',1994,'female','/img/athlete.png',1,1,'2018-01-01 09:22:55','2018-02-25 10:19:35'),(28,'Άννα Ντακμάρα','Χαντζλίκ','1986-02-20',1986,'female','/img/athlete.png',1,2,'2018-01-01 09:25:30','2018-03-04 10:52:34'),(29,'Μαρία','Λάμπρου-Τελώνη','1953-02-23',1953,'female','/img/athlete.png',1,2,'2018-01-01 09:27:18','2018-03-04 12:22:00'),(30,'Νίνα','Σερπέζοβα','1981-05-06',1981,'female','/img/athlete.png',1,2,'2018-01-01 09:28:51','2018-03-04 12:22:00'),(31,'Μαριάννα','Ζαχαριάδη','1990-02-25',1990,'female','/img/athlete.png',1,1,'2018-01-01 09:30:30','2018-02-04 14:42:33'),(32,'Ολυμπία','Μενελάου','1966-04-29',1966,'female','/img/athlete.png',1,2,'2018-01-01 09:37:23','2018-03-04 12:22:00'),(33,'Ανδρονίκη','Λαδά','1991-04-19',1991,'female','/img/athlete.png',1,2,'2018-01-01 09:39:28','2018-03-04 12:22:00'),(34,'Αλεξάνδρα','Τσίησιου','1981-07-02',1981,'female','/img/athlete.png',1,1,'2018-01-01 09:41:40','2018-03-04 12:22:00'),(35,'Σκεύη','Θεοδώρου','1986-03-15',1986,'female','/img/athlete.png',1,4,'2018-01-01 09:43:08','2018-03-04 12:22:00'),(36,'Άννινος','Μαρκουλλίδης','1971-02-08',1971,'male','/img/athlete.png',1,2,'2018-01-04 10:51:27','2018-02-17 11:27:37'),(37,'Γεώργιος','Σκέντερ','1978-05-09',1978,'male','/img/athlete.png',1,6,'2018-01-04 10:57:04','2018-03-01 13:01:58'),(38,'Χρίστος','Δημητρίου','1993-09-22',1993,'male','/img/athlete.png',1,1,'2018-01-04 11:40:19','2018-02-04 14:42:33'),(39,'Χρήστος','Παπαπέτρου','1973-12-21',1973,'male','/img/athlete.png',0,2,'2018-01-04 11:44:57','2018-02-04 14:42:33'),(40,'Γεώργιος','Λουκαίδης','1972-01-01',1972,'male','/img/athlete.png',0,4,'2018-01-04 11:45:50','2018-02-04 14:42:33'),(41,'Στέλιος','Μαρνέρος','1973-02-22',1973,'male','/img/athlete.png',0,2,'2018-01-04 11:47:10','2018-02-04 14:42:33'),(42,'Δημήτρης','Αραούζος','1961-02-19',1961,'male','/img/athlete.png',0,1,'2018-01-04 11:50:21','2018-02-04 14:42:33'),(43,'Δημήτρης','Χονδροκούκης','1988-01-26',1988,'male','/img/athlete.png',0,1,'2018-01-04 11:51:03','2018-02-04 14:42:33'),(44,'Μάριος','Χατζηανδρέου','1962-09-19',1962,'male','/img/athlete.png',1,1,'2018-01-04 12:08:50','2018-02-04 14:42:33'),(45,'Σκεύη','Ανδρέου','1997-01-15',1997,'female','/img/athlete.png',1,3,'2018-01-06 08:30:12','2018-02-04 14:42:33'),(46,'Αλίσσα','Καλλινίκου','1985-05-24',1985,'female','/img/athlete.png',1,5,'2018-01-06 08:30:49','2018-03-04 14:05:28'),(47,'Μερόπη','Παναγιώτου','1994-12-01',1994,'female','/img/athlete.png',1,1,'2018-01-06 08:31:23','2018-02-25 10:07:22'),(48,'Μαριλένα','Σοφοκλέους','1986-10-30',1986,'female','/img/athlete.png',0,1,'2018-01-06 08:32:18','2018-02-04 14:42:33'),(49,'Ευγενία','Κορκοκίου','1988-05-06',1988,'female','/img/athlete.png',0,6,'2018-01-06 08:36:08','2018-02-04 14:42:33'),(50,'Φιλίππα','Φωτοπούλου','1996-12-20',1996,'female','/img/athlete.png',1,1,'2018-01-06 08:36:49','2018-02-04 14:42:33'),(51,'Θωμαίδα','Πολυδώρου','1986-11-07',1986,'female','/img/athlete.png',0,6,'2018-01-06 08:37:30','2018-02-04 14:42:33'),(52,'Γαβριέλλα','Φελλά','1998-01-21',1998,'female','/img/athlete.png',1,3,'2018-01-06 08:38:17','2018-03-05 17:52:43'),(53,'Μαριέλε','Ρούση','1998-06-30',1998,'female','/img/athlete.png',0,3,'2018-01-06 08:39:08','2018-02-04 14:42:33'),(54,'Χρυστάλλα','Κυριάκου','1996-10-01',1996,'female','/img/athlete.png',0,1,'2018-01-06 08:39:48','2018-02-04 14:42:33'),(55,'Άννυ','Χριστοφίδου','1981-01-07',1981,'female','/img/athlete.png',0,1,'2018-01-06 08:41:44','2018-02-04 14:42:33'),(56,'Ναταλία','Χριστοφή','1997-02-10',1997,'female','/img/athlete.png',0,3,'2018-01-06 08:46:08','2018-02-04 14:42:33'),(57,'Μαρία','Διοικητή','1982-11-06',1982,'female','/img/athlete.png',1,3,'2018-01-06 08:47:46','2018-02-04 14:42:33'),(58,'Φλώρα','Κάππα','1988-05-29',1988,'female','/img/athlete.png',0,1,'2018-01-06 08:48:24','2018-02-04 14:42:33'),(59,'Αναστασία','Μουρατίδου','1990-04-08',1990,'female','/img/athlete.png',0,4,'2018-01-06 08:53:46','2018-02-04 14:42:33'),(60,'Μαρίλια','Γρηγορίου','1980-02-13',1980,'female','/img/athlete.png',0,2,'2018-01-06 09:05:40','2018-02-04 14:42:33'),(61,'Αγνή','Χαραλάμπους','1975-09-02',1975,'female','/img/athlete.png',0,3,'2018-01-06 09:07:13','2018-02-04 14:42:33'),(62,'Στυλιάνα','Κυριακίδου','2000-08-14',2000,'female','/img/athlete.png',1,1,'2018-01-06 09:07:40','2018-03-01 16:58:05'),(63,'Αλεξάνδρα','Κλατσιά','1985-09-19',1985,'female','/img/athlete.png',0,1,'2018-01-06 09:08:19','2018-02-04 14:42:33'),(64,'Σοφία','Χατζισάββα','2001-04-20',2001,'female','/img/athlete.png',0,5,'2018-01-06 09:08:53','2018-02-04 14:42:33'),(65,'Πραξούλα','Ιωάννου','1985-06-13',1985,'female','/img/athlete.png',0,2,'2018-01-06 09:10:56','2018-02-04 14:42:33'),(66,'Αλεξία','Παπακώστα','1990-06-25',1990,'female','/img/athlete.png',0,2,'2018-01-06 09:11:53','2018-02-04 14:42:33'),(67,'Ηλιάνα','Ευαγγέλου','1999-07-29',1999,'female','/img/athlete.png',0,4,'2018-01-06 09:12:23','2018-02-04 14:42:33'),(68,'Ροδάμα','Λαγωνίδου','1995-04-02',1995,'female','/img/athlete.png',0,1,'2018-01-06 09:49:52','2018-02-04 14:42:33'),(69,'Χρυστάλλα','Χατζηπολυδώρου','1993-04-21',1993,'female','/img/athlete.png',1,1,'2018-01-06 09:50:27','2018-02-15 14:05:48'),(70,'Βάσω','Παπαϊωάννου','1978-11-01',1978,'female','/img/athlete.png',0,1,'2018-01-06 09:51:34','2018-02-04 14:42:33'),(71,'Στέφανη','Σοφοκλέους','1986-08-25',1986,'female','/img/athlete.png',0,1,'2018-01-06 09:52:53','2018-02-04 14:42:33'),(72,'Στέλλα','Θεοχάρους','1971-11-03',1971,'female','/img/athlete.png',0,2,'2018-01-06 09:54:16','2018-02-04 14:42:33'),(73,'Χρύσω','Γεωργίου','2003-02-25',2003,'female','/img/athlete.png',1,2,'2018-01-06 09:55:19','2018-03-05 17:52:43'),(74,'Άντρεα','Βάσου','2003-06-15',2003,'female','/img/athlete.png',0,2,'2018-01-06 09:56:14','2018-02-04 14:42:33'),(75,'Λουκία','Γεωργίου','2000-02-28',2000,'female','/img/athlete.png',0,3,'2018-01-06 09:56:40','2018-02-04 14:42:33'),(76,'Χαριθέα','Ηρακλέους','2002-05-05',2002,'female','/img/athlete.png',0,2,'2018-01-06 09:57:19','2018-02-04 14:42:33'),(77,'Δήμητρα','Κυριακίδου','1996-04-27',1996,'female','/img/athlete.png',1,5,'2018-01-06 09:58:11','2018-02-04 14:42:33'),(78,'Καλλιόπη','Κουντούρη','1997-07-07',1997,'female','/img/athlete.png',1,1,'2018-01-06 09:58:39','2018-02-04 14:42:33'),(79,'Ολίβια','Φωτοπούλου','1996-12-20',1996,'female','/img/athlete.png',1,1,'2018-01-06 09:59:12','2018-02-04 14:42:33'),(80,'Ιουλία','Ανδρέου','1977-01-04',1977,'female','/img/athlete.png',0,1,'2018-01-06 09:59:38','2018-02-15 14:13:30'),(81,'Νεκταρία','Παναγή','1990-03-20',1990,'female','/img/athlete.png',0,3,'2018-01-06 10:00:12','2018-02-04 14:42:33'),(82,'Μαρίνα','Μιχαήλ','1997-08-04',1997,'female','/img/athlete.png',0,1,'2018-01-06 10:00:34','2018-02-04 14:42:33'),(83,'Μελίζ','Ρετίφ','1989-03-26',1989,'female','/img/athlete.png',0,1,'2018-01-06 10:02:43','2018-02-04 14:42:33'),(84,'Ραφαηλία','Ιωάννου','1992-09-12',1992,'female','/img/athlete.png',0,2,'2018-01-06 10:05:33','2018-02-04 14:42:33'),(85,'Γεώργιος','Αρέστης','1981-12-27',1981,'male','/img/athlete.png',0,4,'2018-01-06 16:13:41','2018-02-04 14:42:33'),(86,'Αλέξανδρος','Πουρσανίδης','1993-01-23',1993,'male','/img/athlete.png',1,5,'2018-01-06 16:14:32','2018-02-25 21:05:21'),(87,'Άρης','Γεωργιάδης','1967-07-22',1967,'male','/img/athlete.png',0,1,'2018-01-06 16:15:13','2018-02-04 14:42:33'),(88,'Στέφανος','Ιωάννου','1982-06-12',1982,'male','/img/athlete.png',0,3,'2018-01-06 16:18:01','2018-02-04 14:42:33'),(89,'Κυριάκος','Αντωνίου','1990-05-13',1990,'male','/img/athlete.png',0,6,'2018-01-06 16:18:30','2018-02-04 14:42:33'),(90,'Αλέξανδρος','Καλογερογιάννης','1985-05-14',1985,'male','/img/athlete.png',1,2,'2018-01-06 16:19:06','2018-02-04 14:42:33'),(91,'Κωνσταντίνος','Τζιακούρης','1999-06-01',1999,'male','/img/athlete.png',1,2,'2018-01-06 16:19:42','2018-02-04 14:42:33'),(92,'Αιμίλιος','Ξενοφώντος','1986-11-27',1986,'male','/img/athlete.png',0,1,'2018-01-06 16:20:36','2018-02-04 14:42:33'),(93,'Παναγιώτης','Βόλου','1991-09-01',1991,'male','/img/athlete.png',0,2,'2018-01-06 16:22:25','2018-02-04 14:42:33'),(95,'Ηλίας','Λουκά','1974-07-23',1974,'male','/img/athlete.png',0,3,'2018-01-06 16:47:34','2018-02-04 14:42:33'),(96,'Περικλής','Κλεοβούλου','1993-03-01',1993,'male','/img/athlete.png',0,5,'2018-01-06 16:48:20','2018-02-04 14:42:33'),(97,'Αλέξανδρος','Σταυρίδης','1989-04-13',1989,'male','/img/athlete.png',0,4,'2018-01-06 16:48:53','2018-02-04 14:42:33'),(98,'Ζαχαρίας','Άρνος','1986-11-24',1986,'male','/img/athlete.png',0,1,'2018-01-06 16:49:26','2018-02-04 14:42:33'),(99,'Ρηγίνος','Μενελάου','1992-09-29',1992,'male','/img/athlete.png',0,6,'2018-01-06 16:49:56','2018-02-04 14:42:33'),(100,'Χρίστος','Παντελίδης','1997-08-24',1997,'male','/img/athlete.png',1,1,'2018-01-06 16:50:20','2018-02-04 14:42:33'),(101,'Ανδρέας','Χρυσάνθου','1997-08-11',1997,'male','/img/athlete.png',1,1,'2018-01-06 16:50:59','2018-02-04 14:42:33'),(102,'Βασίλης','Νεοφύτου','1994-10-08',1994,'male','/img/athlete.png',1,4,'2018-01-06 16:51:22','2018-02-04 14:42:33'),(103,'Δημήτρης','Θεοφυλάκτου','1958-05-11',1958,'male','/img/athlete.png',1,1,'2018-01-14 17:29:46','2018-02-04 14:42:33'),(104,'Χρίστος','Ζαχαρίου','1996-09-17',1996,'male','/img/athlete.png',1,2,'2018-01-16 13:26:27','2018-02-04 14:42:33'),(105,'Μαρία','Αριστοτέλους','1991-08-10',1991,'female','/img/athlete.png',1,1,'2018-01-18 11:11:37','2018-02-04 14:42:33'),(106,'Αντρέας','Χριστοφόρου','1998-05-22',1998,'male','/img/athlete.png',1,1,'2018-01-18 11:13:14','2018-02-04 14:42:33'),(107,'Γεώργιος','Κονιαράκης','1999-02-07',1999,'male','/img/athlete.png',1,2,'2018-01-18 11:15:11','2018-02-04 14:42:33'),(108,'Κωνσταντίνος','Χρίστου','1991-02-03',1991,'male','/img/athlete.png',1,2,'2018-01-20 17:46:41','2018-02-04 14:42:33'),(109,'Κρίτωνας','Κυριακίδης','1992-04-17',1992,'male','/img/athlete.png',1,6,'2018-01-20 17:48:13','2018-02-04 14:42:33'),(110,'Ανδρέας​','Χατζηθεωρής','1995-09-03',1995,'male','/img/athlete.png',1,3,'2018-01-22 10:39:07','2018-02-04 14:42:33'),(111,'Μιχάλης','Χαραλάμπους​','1988-01-04',1988,'male','/img/athlete.png',1,2,'2018-01-22 10:40:00','2018-02-04 14:42:33'),(112,'Σωκράτης','Λάμπρου','1999-02-20',1999,'male','/img/athlete.png',1,2,'2018-01-22 10:40:57','2018-02-04 14:42:33'),(113,'Δάφνη','Γεωργίου','1999-08-18',1999,'female','/img/athlete.png',1,4,'2018-01-22 10:41:56','2018-02-04 14:42:33'),(114,'Μαρία','Χριστοδούλου','1991-06-26',1991,'female','/img/athlete.png',1,2,'2018-01-22 10:43:23','2018-02-04 14:42:33'),(115,'Παρασκευή','Κρασιά','1990-02-06',1990,'female','/img/athlete.png',1,2,'2018-01-22 10:47:20','2018-02-04 14:42:33'),(116,'Χριστίνα','Καλογεροπούλου','1991-09-24',1991,'female','/img/athlete.png',1,2,'2018-01-22 10:53:16','2018-02-04 14:42:33'),(117,'Ανδρέας','Σεβαστού','1999-01-03',1999,'male','/img/athlete.png',1,2,'2018-01-26 17:24:41','2018-02-04 14:42:33'),(118,'Σάββας','Χαριλάου','2000-10-19',2000,'male','/img/athlete.png',1,5,'2018-01-26 17:38:41','2018-02-04 14:42:33'),(119,'Ιωάννου','Φώτης','1998-11-10',1998,'male','/img/athlete.png',1,1,'2018-01-26 17:48:28','2018-02-04 14:42:33'),(120,'Σωφρόνης','Χάρπας','1991-01-03',1991,'male','/img/athlete.png',1,3,'2018-01-26 17:51:47','2018-02-04 14:42:33'),(121,'Στέλιος','Παπαϊωάννου','1999-06-17',1999,'male','/img/athlete.png',1,2,'2018-01-26 18:03:29','2018-02-04 14:42:33'),(122,'Αγαθοκλής','Ζήσιμος','1998-07-21',1998,'male','/img/athlete.png',1,3,'2018-01-26 18:29:13','2018-02-04 14:42:33'),(123,'Λογγίνος','Αχιλλέως','1996-06-10',1996,'male','/img/athlete.png',1,6,'2018-01-26 19:14:38','2018-02-04 14:42:33'),(124,'Βασίλης','Μουαΐμης','1996-07-10',1996,'male','/img/athlete.png',1,3,'2018-01-26 19:19:53','2018-02-04 14:42:33'),(125,'Αντώνης','Αρέστη','1983-02-15',1983,'male','/img/athlete.png',1,2,'2018-01-26 19:26:54','2018-02-04 14:42:33'),(126,'Σάντα','Κολομείτεβα','2000-06-13',2000,'female','/img/athlete.png',1,2,'2018-01-26 20:16:36','2018-02-04 14:42:33'),(127,'Αγγελική','Αθανασοπούλου','1993-03-01',1993,'female','/img/athlete.png',1,2,'2018-01-26 21:16:00','2018-02-04 14:42:33'),(128,'Δήμητρα','Αραχωβίτη','1987-07-18',1987,'female','/img/athlete.png',1,2,'2018-01-26 21:16:47','2018-02-04 14:42:33'),(129,'Δέσποινα','Χαραλάμπους','2000-05-22',2000,'female','/img/athlete.png',1,3,'2018-01-26 21:30:00','2018-02-04 14:42:33'),(130,'Χριστονύμφη','Παίδιου','2002-03-21',2002,'female','/img/athlete.png',1,3,'2018-01-26 21:34:16','2018-02-04 14:42:33'),(131,'Νικόλας','Φράγκου','1994-04-12',1994,'male','/img/athlete.png',1,1,'2018-01-27 14:30:33','2018-02-04 14:42:33'),(132,'Βασίλης','Κωνσταντίνου','1992-09-13',1992,'male','/img/athlete.png',1,5,'2018-01-28 10:20:20','2018-02-04 14:42:33'),(133,'Χρίστος','Ταμάνης​','2000-12-22',2000,'male','/img/athlete.png',1,2,'2018-02-06 09:24:20','2018-02-07 21:58:51'),(134,'Αλεξάνδρα','Σκέντερ​','1996-04-16',1996,'female','/img/athlete.png',1,2,'2018-02-06 09:38:07','2018-02-07 21:58:51'),(135,'Νικολέττα','Νικολέττου​','1986-07-31',1986,'female','/img/athlete.png',1,4,'2018-02-06 09:42:10','2018-02-07 21:58:51'),(136,'Στέλλα','Σαράντη​','2000-12-09',2000,'female','/img/athlete.png',1,3,'2018-02-07 20:58:21','2018-02-07 21:58:51'),(137,'Ειρήνη','Γεωργίου','1990-12-16',1990,'female','/img/athlete.png',1,3,'2018-02-08 17:15:34','2018-02-15 14:05:28'),(138,'Ελπίδα','Χριστοδουλίδου','1986-11-20',1986,'female','/img/athlete.png',0,1,'2018-02-08 17:22:14','2018-02-08 17:22:14'),(139,'Παρασκευή','Θρασυβούλου','1994-02-21',1994,'female','/img/athlete.png',1,2,'2018-02-08 17:34:40','2018-02-15 14:05:28'),(140,'Δήμητρα','Αβραμοπούλου','2002-01-22',2002,'female','/img/athlete.png',1,5,'2018-02-08 18:26:57','2018-02-15 14:05:29'),(141,'Φίλιππος','Στυλιανούδης',NULL,1962,'male','/img/athlete.png',1,3,'2018-02-08 18:47:10','2018-02-08 18:55:40'),(142,'Μάριος','Αποστολίδης','1990-07-03',1990,'male','/img/athlete.png',1,3,'2018-02-13 18:57:53','2018-02-15 14:05:29'),(143,'Γιώργος','Κανάρης','2000-10-04',2000,'male','/img/athlete.png',1,5,'2018-02-14 13:24:46','2018-02-15 14:05:29'),(144,'Pavel','Borodin','2018-06-03',2018,'male','/img/athlete.png',0,1,'2018-02-16 17:51:58','2018-02-16 17:52:24'),(145,'Marian','Buscas Marius','1979-08-27',1979,'male','/img/athlete.png',0,2,'2018-02-16 17:55:24','2018-02-16 17:55:24'),(146,'Αβρααμάκης','Αβραάμ','1981-04-07',1981,'male','/img/athlete.png',0,1,'2018-02-16 17:56:01','2018-02-16 17:56:45'),(147,'Γεώργιος','Τοφή','1991-10-27',1991,'male','/img/athlete.png',0,3,'2018-02-16 17:57:07','2018-02-16 17:57:07'),(148,'Michael','Keenan','1974-03-05',1974,'male','/img/athlete.png',0,2,'2018-02-16 17:57:37','2018-02-16 18:03:53'),(149,'Κωνσταντίνος','Τιμινής','1991-09-25',1991,'male','/img/athlete.png',0,1,'2018-02-16 18:03:19','2018-02-16 18:03:19'),(150,'Χαράλαμπος','Κάνιος','1989-07-06',1989,'male','/img/athlete.png',0,1,'2018-02-16 18:03:43','2018-02-16 18:03:43'),(151,'Κώστας','Πατίνιος','1971-10-02',1971,'male','/img/athlete.png',0,6,'2018-02-16 18:07:33','2018-02-16 18:07:33'),(152,'Σίμος','Νεοφύτου','1985-05-26',1985,'male','/img/athlete.png',0,5,'2018-02-16 18:08:07','2018-02-16 18:08:07'),(153,'Αντώνης','Παπαδόπουλος','1976-11-02',1976,'male','/img/athlete.png',0,2,'2018-02-16 18:09:02','2018-02-16 18:09:02'),(154,'Γιώργος','Παναγή','1972-11-13',1972,'male','/img/athlete.png',0,1,'2018-02-16 18:20:21','2018-02-16 18:20:21'),(155,'Χρίστος','Βασιλείου',NULL,1987,'male','/img/athlete.png',0,1,'2018-02-16 18:20:53','2018-02-16 18:20:53'),(156,'Μιχάλης','Κίκας','1984-03-13',1984,'male','/img/athlete.png',0,1,'2018-02-16 18:21:25','2018-02-16 18:21:25'),(157,'Γιαννάκης','Αρέστη','1968-12-29',1968,'male','/img/athlete.png',0,5,'2018-02-16 18:21:58','2018-02-16 18:21:58'),(158,'Απόστολος','Κοσμάς','1968-08-17',1968,'male','/img/athlete.png',0,2,'2018-02-16 18:22:39','2018-02-16 18:22:39'),(159,'Μάριος','Βλάχος','1964-12-23',1964,'male','/img/athlete.png',0,2,'2018-02-16 18:23:35','2018-02-16 18:23:52'),(160,'Ανδρέου','Ιουλία','1977-01-04',1977,'female','/img/athlete.png',0,1,'2018-02-16 18:31:20','2018-02-16 18:31:20'),(161,'Ελένη','Ιωάννου','1984-01-20',1984,'female','/img/athlete.png',0,1,'2018-02-16 18:31:45','2018-02-16 18:31:45'),(162,'Σταυρούλα','Θρασυβούλου','1991-04-06',1991,'female','/img/athlete.png',0,2,'2018-02-16 18:32:43','2018-02-16 18:32:43'),(163,'Χριστίνα','Χιώτη','1990-05-15',1990,'female','/img/athlete.png',0,1,'2018-02-16 18:33:34','2018-02-16 18:33:34'),(164,'Ζοζάν','Τιμουρτουρκάν','1999-05-27',1999,'female','/img/athlete.png',0,2,'2018-02-16 18:34:21','2018-02-16 18:34:21'),(165,'Πόλα','Χατζηπαπά','1963-08-16',1963,'female','/img/athlete.png',0,2,'2018-02-16 18:34:57','2018-02-16 18:34:57'),(166,'Ελένη','Μπαρρόν','1968-06-06',1968,'female','/img/athlete.png',0,1,'2018-02-16 18:35:26','2018-02-16 18:35:26'),(167,'Μάρθα','Σωτηρίου','1987-08-28',1987,'female','/img/athlete.png',0,1,'2018-02-16 18:36:02','2018-02-16 18:36:21'),(168,'Χριστόφορος','Γενεθλή','1998-02-19',1998,'male','/img/athlete.png',1,2,'2018-03-01 13:06:07','2018-03-01 13:09:56'),(169,'Παναγιώτης','Κονταξής','2002-01-28',2002,'male','/img/athlete.png',1,2,'2018-03-01 15:26:53','2018-03-01 16:57:47');
/*!40000 ALTER TABLE `athletes` ENABLE KEYS */;
UNLOCK TABLES;

--
-- Table structure for table `clubs`
--

DROP TABLE IF EXISTS `clubs`;
/*!40101 SET @saved_cs_client     = @@character_set_client */;
/*!40101 SET character_set_client = utf8 */;
CREATE TABLE `clubs` (
  `id` int(10) unsigned NOT NULL AUTO_INCREMENT,
  `name` varchar(191) COLLATE utf8mb4_unicode_ci NOT NULL,
  `acronym` varchar(191) COLLATE utf8mb4_unicode_ci NOT NULL,
  `city` varchar(191) COLLATE utf8mb4_unicode_ci NOT NULL,
  `picture` varchar(191) COLLATE utf8mb4_unicode_ci NOT NULL DEFAULT 'club.jpg',
  `since` int(11) NOT NULL,
  `created_at` timestamp NULL DEFAULT NULL,
  `updated_at` timestamp NULL DEFAULT NULL,
  PRIMARY KEY (`id`),
  UNIQUE KEY `clubs_acronym_unique` (`acronym`)
) ENGINE=InnoDB AUTO_INCREMENT=7 DEFAULT CHARSET=utf8mb4 COLLATE=utf8mb4_unicode_ci;
/*!40101 SET character_set_client = @saved_cs_client */;

--
-- Dumping data for table `clubs`
--

LOCK TABLES `clubs` WRITE;
/*!40000 ALTER TABLE `clubs` DISABLE KEYS */;
INSERT INTO `clubs` VALUES (1,'Γυμναστικός Σύλλογος Τα Παγκύπρια','ΓΣΠ','Λευκωσία','/storage/pictures/clubs/GFa6JXZU8feApF7uKksseNdz8J2nzGdR3JnOiFJF.jpeg',1894,'2017-12-26 14:00:48','2017-12-26 19:14:36'),(2,'Γυμναστικός Σύλλογος τα Ολύμπια','ΓΣΟ','Λεμεσός','/storage/pictures/clubs/Cx4MyDQ8V3ZcXluGNhVbhVjTJ6a5Z7CtHOk9rjTK.png',1892,'2017-12-26 14:00:48','2017-12-26 19:14:45'),(3,'Γυμναστικός Σύλλογος Ευαγόρας','ΓΣΕ','Αμμόχωστος','/img/club.png',1903,'2017-12-26 14:00:48','2017-12-26 14:00:48'),(4,'Γυμναστικού Συλλόγου Ζήνων','ΓΣΖ','Λάρνακα','/img/club.png',1896,'2017-12-26 14:00:48','2017-12-26 14:00:48'),(5,'Γυμναστικός Σύλλογος Κόροιβος','ΓΣΚ','Πάφος','/img/club.png',1898,'2017-12-26 14:00:48','2017-12-26 14:00:48'),(6,'Γυμναστικός Συλλογος Πράξανδρος','ΓΣΠΡ','Κερύνεια','/img/club.png',1919,'2017-12-26 14:00:48','2017-12-26 14:00:48');
/*!40000 ALTER TABLE `clubs` ENABLE KEYS */;
UNLOCK TABLES;

--
-- Table structure for table `competition_competition_series`
--

DROP TABLE IF EXISTS `competition_competition_series`;
/*!40101 SET @saved_cs_client     = @@character_set_client */;
/*!40101 SET character_set_client = utf8 */;
CREATE TABLE `competition_competition_series` (
  `id` int(10) unsigned NOT NULL AUTO_INCREMENT,
  `competition_id` int(10) unsigned NOT NULL,
  `competition_series_id` int(10) unsigned NOT NULL,
  PRIMARY KEY (`id`),
  KEY `competition_competition_series_competition_id_foreign` (`competition_id`),
  KEY `competition_competition_series_competition_series_id_foreign` (`competition_series_id`),
  CONSTRAINT `competition_competition_series_competition_id_foreign` FOREIGN KEY (`competition_id`) REFERENCES `competitions` (`id`),
  CONSTRAINT `competition_competition_series_competition_series_id_foreign` FOREIGN KEY (`competition_series_id`) REFERENCES `competition_series` (`id`)
) ENGINE=InnoDB AUTO_INCREMENT=89 DEFAULT CHARSET=utf8mb4 COLLATE=utf8mb4_unicode_ci;
/*!40101 SET character_set_client = @saved_cs_client */;

--
-- Dumping data for table `competition_competition_series`
--

LOCK TABLES `competition_competition_series` WRITE;
/*!40000 ALTER TABLE `competition_competition_series` DISABLE KEYS */;
INSERT INTO `competition_competition_series` VALUES (1,52,28),(2,53,28),(3,54,28),(4,55,26),(5,56,9),(6,57,26),(7,58,26),(8,59,28),(9,60,28),(10,1,1),(11,2,3),(12,3,4),(13,4,6),(14,5,7),(15,6,14),(16,7,5),(17,8,15),(18,9,8),(19,16,20),(20,10,9),(21,17,1),(22,61,28),(23,62,27),(24,63,27),(25,64,27),(26,65,28),(27,66,28),(28,67,27),(29,68,27),(30,69,28),(31,70,29),(32,71,28),(33,72,26),(35,74,27),(36,75,27),(37,76,29),(38,77,21),(39,78,26),(40,79,26),(41,80,27),(42,81,27),(43,82,28),(44,83,27),(45,84,27),(46,85,27),(47,86,27),(48,87,27),(49,88,27),(50,43,27),(51,89,27),(52,90,27),(53,91,27),(54,92,27),(55,93,27),(56,94,27),(57,95,27),(58,96,28),(59,97,26),(60,98,13),(61,99,30),(62,100,18),(63,101,26),(64,102,18),(66,103,9),(67,104,31),(68,105,17),(69,106,32),(70,107,1),(71,108,30),(72,109,1),(73,110,33),(74,111,26),(75,112,19),(76,113,26),(77,114,26),(78,115,26),(79,116,26),(80,117,26),(81,118,26),(82,119,26),(83,120,12),(85,122,33),(86,123,34),(87,121,35),(88,124,18);
/*!40000 ALTER TABLE `competition_competition_series` ENABLE KEYS */;
UNLOCK TABLES;

--
-- Table structure for table `competition_series`
--

DROP TABLE IF EXISTS `competition_series`;
/*!40101 SET @saved_cs_client     = @@character_set_client */;
/*!40101 SET character_set_client = utf8 */;
CREATE TABLE `competition_series` (
  `id` int(10) unsigned NOT NULL AUTO_INCREMENT,
  `name` varchar(191) COLLATE utf8mb4_unicode_ci NOT NULL,
  `created_at` timestamp NULL DEFAULT NULL,
  `updated_at` timestamp NULL DEFAULT NULL,
  PRIMARY KEY (`id`)
) ENGINE=InnoDB AUTO_INCREMENT=36 DEFAULT CHARSET=utf8mb4 COLLATE=utf8mb4_unicode_ci;
/*!40101 SET character_set_client = @saved_cs_client */;

--
-- Dumping data for table `competition_series`
--

LOCK TABLES `competition_series` WRITE;
/*!40000 ALTER TABLE `competition_series` DISABLE KEYS */;
INSERT INTO `competition_series` VALUES (1,'Παγκύπριο Πρωτάθλημα Ανδρών/Γυναικών','2017-12-26 14:00:48','2018-01-01 10:07:55'),(3,'Ευρωπαϊκό Πρωτάθλημα Ανδρών/Γυναικών','2017-12-30 14:58:47','2017-12-30 15:00:54'),(4,'Παγκόσμιο Πρωτάθλημα Κλειστού Στίβου','2018-01-01 09:49:22','2018-01-01 09:49:22'),(5,'Βαλκανικό Πρωτάθλημα Κλειστού Στίβου Ανδρών/Γυναικών','2018-01-01 10:04:54','2018-01-01 10:04:54'),(6,'Βαλκανικό Πρωτάθλημα Κλειστού Στίβου Εφήβων/Νεανίδων','2018-01-01 10:05:41','2018-01-01 10:05:41'),(7,'Πανελλήνιο Πρωτάθλημα Κλειστού Στίβου Ανδρών/Γυναικών','2018-01-01 10:06:38','2018-01-01 10:06:38'),(8,'Κοινοπολιτειακοί Αγώνες','2018-01-01 10:10:35','2018-01-01 10:10:35'),(9,'Μεσογειακοί Αγώνες','2018-01-01 10:10:47','2018-01-01 10:10:47'),(10,'Πανευρωπαϊκό Πρωτάθλημα Παίδων/Κορασίδων','2018-01-01 10:11:15','2018-01-01 10:11:15'),(11,'Παγκόσμιο Πρωτάθλημα Εφήβων/Νεανίδων','2018-01-01 10:11:35','2018-01-01 10:11:35'),(12,'Ολυμπιακοί Αγώνες Νέων','2018-01-01 10:11:46','2018-01-01 10:11:46'),(13,'Ολυμπιακοί Αγώνες','2018-01-01 10:11:54','2018-01-01 10:11:54'),(14,'Παγκύπριο Πρωτάθλημα Μισού Μαραθωνίου','2018-01-01 10:22:03','2018-01-01 10:22:03'),(15,'Παγκύπριο Πρωτάθλημα 10000μ Ανδρών/Γυναικών','2018-01-01 12:16:20','2018-01-01 12:16:20'),(16,'Παγκύπριο Πρωτάθλημα Εφήβων/Νεανίδων','2018-01-02 09:54:14','2018-01-02 09:54:14'),(17,'Βαλκανικό Πρωτάθλημα Εφήβων/Νεανίδων','2018-01-02 09:55:07','2018-01-02 09:55:07'),(18,'Διεθνές Μίτινγκ','2018-01-02 10:05:42','2018-01-02 10:05:42'),(19,'Παγκόσμιο Πρωτάθλημα Ανδρών/Γυναικών','2018-01-03 11:10:53','2018-01-03 11:10:53'),(20,'Παγκύπριο Πρωτάθλημα Ανωμάλου Δρόμου','2018-01-04 12:01:58','2018-01-04 12:01:58'),(21,'Ευρωπαικό Πρωτάθλημα Κλειστού Στίβου Ανδρών/Γυναικών','2018-01-07 10:00:32','2018-01-07 10:00:32'),(22,'Παγκόσμια Πανεπιστημιάδα','2018-01-09 08:54:29','2018-01-09 08:54:29'),(23,'Πανελλήνιο Πρωτάθλημα Ανδρών/Γυναικών','2018-01-09 09:43:46','2018-01-09 09:43:46'),(24,'Αγώνες Μικρών Κρατών Ευρώπης','2018-01-09 18:43:32','2018-01-09 18:43:32'),(25,'Ντάιαμοντ Λιγκ','2018-01-09 19:33:41','2018-01-09 19:33:41'),(26,'N/A','2018-01-14 10:19:06','2018-01-14 10:19:06'),(27,'Κολεγιακό πρωτάθλημα Αμερικής','2018-01-15 12:09:28','2018-01-15 12:09:28'),(28,'Διεθνές Μίτινγκ Κλειστού Στίβου','2018-01-20 11:54:17','2018-01-20 11:54:17'),(29,'IAAF World Indoor Tour','2018-02-07 21:55:28','2018-02-07 21:55:28'),(30,'Ημερίδα','2018-02-27 11:08:13','2018-02-27 11:08:13'),(31,'Ευρωπαϊκό Πρωτάθλημα Κάτω των 23','2018-03-01 12:37:25','2018-03-01 12:37:25'),(32,'Παγκύπριο Εαρινό Πρωτάθλημα τα Μάτσεια','2018-03-01 15:20:54','2018-03-01 15:20:54'),(33,'Παγκόσμια Γυμνασιάδα','2018-03-02 10:54:37','2018-03-02 10:54:37'),(34,'Ευρωπαϊκό Πρωτάθλημα Ομάδων','2018-03-04 14:23:46','2018-03-04 14:23:46'),(35,'Ευρωπαϊκό Κύπελλο','2018-03-05 13:03:31','2018-03-05 13:03:31');
/*!40000 ALTER TABLE `competition_series` ENABLE KEYS */;
UNLOCK TABLES;

--
-- Table structure for table `competitions`
--

DROP TABLE IF EXISTS `competitions`;
/*!40101 SET @saved_cs_client     = @@character_set_client */;
/*!40101 SET character_set_client = utf8 */;
CREATE TABLE `competitions` (
  `id` int(10) unsigned NOT NULL AUTO_INCREMENT,
  `name` varchar(191) COLLATE utf8mb4_unicode_ci NOT NULL,
  `date_start` date NOT NULL,
  `date_finish` date NOT NULL,
  `country` varchar(191) COLLATE utf8mb4_unicode_ci NOT NULL,
  `city` varchar(191) COLLATE utf8mb4_unicode_ci NOT NULL,
  `picture` varchar(191) COLLATE utf8mb4_unicode_ci NOT NULL DEFAULT 'competition.jpg',
  `venue` varchar(191) COLLATE utf8mb4_unicode_ci DEFAULT NULL,
  `status` tinyint(1) NOT NULL DEFAULT '0',
  `created_at` timestamp NULL DEFAULT NULL,
  `updated_at` timestamp NULL DEFAULT NULL,
  PRIMARY KEY (`id`)
) ENGINE=InnoDB AUTO_INCREMENT=125 DEFAULT CHARSET=utf8mb4 COLLATE=utf8mb4_unicode_ci;
/*!40101 SET character_set_client = @saved_cs_client */;

--
-- Dumping data for table `competitions`
--

LOCK TABLES `competitions` WRITE;
/*!40000 ALTER TABLE `competitions` DISABLE KEYS */;
INSERT INTO `competitions` VALUES (1,'Παγκύπριο Πρωτάθλημα Ανδρών/Γυναικών 2018','2018-06-16','2018-06-17','Κύπρος','Παραλίμνι','/storage/pictures/competitions/z9E5QTSMtINed6HLfmLjRUcGjVfFF9qKf7bLFqR2.png','Στάδιο Τάσος Μάρκου',1,'2017-12-26 20:15:22','2017-12-30 18:34:44'),(2,'Ευρωπαϊκό Πρωτάθλημα - Βερολίνο 2018','2018-08-07','2018-08-12','Γερμανία','Βερολίνο','/storage/pictures/competitions/WpLQaNykFDShU3soOAoLUuzgoDcb2419ceOzwcbw.png',NULL,1,'2017-12-30 15:07:59','2018-01-04 13:11:06'),(3,'Παγκόσμιο Πρωτάθλημα Κλειστού Στίβου - Μπέρμιγχαμ 2018','2018-03-01','2018-03-04','Μεγάλη Βρετανία','Μπέρμιγχαμ','/storage/pictures/competitions/bccfIT948RyaEDcE2VfrBStCaVT2IgM2hOxXSmeh.png','Arena Birmingham',1,'2018-01-01 09:56:02','2018-01-01 11:43:29'),(4,'Βαλκανικό Πρωτάθλημα Κλειστού Στίβου Εφήβων/Νεανίδων 2018','2018-02-10','2018-02-10','Βουλγαρία','Σόφια','/img/competition.png',NULL,1,'2018-01-01 10:14:16','2018-01-01 12:13:57'),(5,'32ο Πανελλήνιο Πρωτάθλημα Κλειστού Στίβου Ανδρών/Γυναικών 2018','2018-02-10','2018-02-11','Ελλάδα','Αθήνα','/storage/pictures/competitions/MN4cRYgmDIwyk6mcN6Sy74MT5ybu258W6INHEeMi.png','Στάδιο Ειρήνης & Φιλίας',1,'2018-01-01 10:20:26','2018-02-10 10:47:11'),(6,'Παγκύπριο Πρωτάθλημα Μισού Μαραθωνίου 2018','2018-02-11','2018-02-11','Κύπρος','Λευκωσία','/storage/pictures/competitions/U75wdUgmQvnwLhzgLYppLakGlqZ3OQFuGNXGLPmd.png',NULL,1,'2018-01-01 10:23:14','2018-01-01 12:13:57'),(7,'Βαλκανικό Πρωτάθλημα Κλειστού Στίβου Ανδρών/Γυναικών 2018','2018-02-17','2018-02-17','Τουρκία','Κωνσταντινούπολη','/img/competition.png',NULL,1,'2018-01-01 10:30:21','2018-01-01 12:13:57'),(8,'Παγκύπριο Πρωτάθλημα 10000μ Ανδρών/Γυναικών 2018','2018-04-13','2018-04-13','Κύπρος','Παραλήμνη','/storage/pictures/competitions/HcE6WRry9CF4bdMm0pxVXkZ1WHYVciqW3i14f0BB.png','Στάδιο Τάσος Μάρκου',1,'2018-01-01 12:17:51','2018-01-01 12:24:47'),(9,'Κοινοπολιτειακοί Αγώνες - Γκόουλντ Κόουστ 2018','2018-04-08','2018-04-15','Αυστραλία','Γκόουλντ Κόουστ','/storage/pictures/competitions/HffgCIIoedfAvdxsFtuYKTW6PlHqB4XX5qylja4j.jpeg',NULL,1,'2018-01-01 12:22:52','2018-01-01 12:24:47'),(10,'Μεσογειακοί Αγώνες - Ταραγόνα 2018','2018-06-22','2018-07-01','Ισπανία','Ταραγόνα','/storage/pictures/competitions/4ZWP8HBHSReH4nwGVuslR7xU2ftepVuh4RhL6bVS.jpeg',NULL,1,'2018-01-01 12:29:56','2018-01-01 12:30:04'),(11,'Παγκύπριο Πρωτάθλημα Εφήβων/Νεανίδων 2018','2018-04-28','2018-04-29','Κύπρος','Λεμεσός','/storage/pictures/competitions/92ig8VOQzTRcL60qyBflArQHOQfxMIH30h0dGUBu.png','Τσίριο Στάδιο',1,'2018-01-02 09:56:18','2018-01-02 09:58:17'),(12,'Βαλκανικό Πρωτάθλημα Εφήβων/Νεανίδων 2018','2018-06-23','2018-06-24','Τουρκία','Μπούρσα','/img/competition.png',NULL,1,'2018-01-02 09:58:06','2018-01-02 09:58:17'),(13,'Βαρδιονογιάννεια 1996','1996-05-25','1996-05-25','Ελλάδα','Ρέθυμνο','/img/competition.png',NULL,1,'2018-01-02 10:08:15','2018-01-02 10:08:26'),(14,'Παγκόσμιο Πρωτάθλημα - Οσάκα 2007','2007-08-24','2007-09-02','Ιαπωνία','Οσάκα','/storage/pictures/competitions/42I8PcYL9UYRF6vJzAKnSyZI40uGilqKVq9YQGVr.png',NULL,1,'2018-01-03 11:15:53','2018-01-03 11:20:16'),(15,'Κοινοπολιτειακοί Αγώνες - Μπρίσμπεϊν 1982','1982-10-03','1982-10-09','Αυστραλία','Μπρίσμπεϊν','/storage/pictures/competitions/2lwHsoBLkpA2hzDQDQ6G70XvMsj5WNP6B050bKlT.png',NULL,1,'2018-01-03 21:13:19','2018-01-03 21:30:44'),(16,'Παγκύπριο Πρωτάθλημα Ανωμάλου Δρόμου 2018','2018-01-05','2018-01-05','Κύπρος','Λευκωσία','/storage/pictures/competitions/wHPefMos1J5fgSSclTjSyWf9aCGK7lXECHzPoCt6.png','Εθνικό Δασικό Πάρκο Αθαλάσσας',1,'2018-01-04 12:03:04','2018-01-04 12:04:38'),(17,'Παγκύπριο Πρωτάθλημα Ανδρών/Γυναικών 2016','2016-06-18','2016-06-19','Κύπρος','Λευκωσία','/storage/pictures/competitions/SGB2hJRMLhrSJ84Xm0rAfVDzXEKkXEbLe2GWibp4.png','Στάδιο ΓΣΠ',1,'2018-01-04 13:05:31','2018-01-04 13:11:43'),(18,'Ευρωπαϊκό Πρωτάθλημα - Βαρκελώνη 2010','2010-07-27','2010-08-01','Ισπανία','Βαρκελώνη','/storage/pictures/competitions/bSLflbOl69OBTFDCsoHM0JK2momT1RIW77VdwRek.png',NULL,1,'2018-01-04 13:13:35','2018-01-04 13:15:55'),(19,'Μεσογειακοί Αγώνες - Πεσκάρα 2009','2009-06-30','2009-07-03','Ιταλία','Πεσκάρα','/storage/pictures/competitions/1R53CtYaFRWcOtnIyBKkfL4TzrhBRYdC3RoSqP8l.jpeg','Stadio Adriatico',1,'2018-01-04 13:20:19','2018-01-04 13:24:45'),(20,'Τοφάλεια 2017','2017-07-01','2017-07-01','Ελλάδα','Πάτρα','/img/competition.png','Παμπελοποννησιακό Στάδιο',1,'2018-01-06 13:28:06','2018-01-06 13:36:47'),(21,'IFAM Oordegem 2016','2016-05-28','2016-05-28','Βέλγιο','Οόρτεκεμ','/img/competition.png',NULL,1,'2018-01-06 13:36:08','2018-01-06 13:39:39'),(22,'Βαλκανικό Πρωτάθλημα Κλειστού Στίβου - Κωνσταντινούπολη 2015','2015-02-21','2015-02-21','Τουρκία','Κωνσταντινούπολη','/img/competition.png',NULL,1,'2018-01-06 16:56:57','2018-01-07 09:53:11'),(23,'Βαλκανικό Πρωτάθλημα Κλειστού Στίβου - Βελιγράδι 2017','2017-02-25','2017-02-25','Σερβία','Βελιγράδι','/img/competition.png',NULL,1,'2018-01-07 09:49:15','2018-01-07 09:53:11'),(24,'Ευρωπαικό Πρωτάθλημα Κλειστού Στίβου - Βελιγράδι 2017','2017-03-03','2017-03-05','Σερβία','Βελιγράδι','/storage/pictures/competitions/kT9IhKLltfRWFUsGHYvhy8bTzAbHLctdFiB2nKAD.png',NULL,1,'2018-01-07 10:03:18','2018-01-07 10:09:36'),(25,'12th Meeting Iberoamericano','2016-06-03','2016-06-03','Ισπανία','Ουέλβα','/storage/pictures/competitions/1l7cYGwloIAHtCVdoKcqQNgSR1wdujdM4t0xA1v3.jpeg',NULL,1,'2018-01-09 08:28:18','2018-01-09 08:31:37'),(26,'Παγκόσμια Πανεπιστημιάδα - Πάλμα 1999','1999-07-09','1999-07-13','Ισπανία','Πάλμα ντε Μαγιόρκα','/storage/pictures/competitions/3TreiV7YKtjCU96cFw3icKCCfy87ieI5TSLisDVv.png','Estadio Son Moix',1,'2018-01-09 08:57:02','2018-01-09 10:08:10'),(27,'Πανελλήνιο Πρωτάθλημα 1998','1998-07-17','1998-07-19','Ελλάδα','Αθήνα','/storage/pictures/competitions/1pNtkixnSfcaWK1wV1GgYp0p1Rf2SfSYPp6Pv3wm.png','Ολυμπιακό Στάδιο Αθήνας',1,'2018-01-09 09:45:39','2018-01-09 09:47:25'),(28,'ΑΜΚΕ - Κύπρος 2009','2009-06-02','2009-06-06','Κύπρος','Λευκωσία','/storage/pictures/competitions/3EaFJBYIiQAyqLPd5JNRQXDyTc8CEvVwz1VYkvTF.jpeg','Στάδιο ΓΣΠ',1,'2018-01-09 18:46:39','2018-01-09 18:49:59'),(29,'Ηράκλεια 2016','2016-05-28','2016-05-28','Ελλάδα','Ηράκλειο','/img/competition.png','Στάδιο «Ελευθερίας»',1,'2018-01-09 19:01:33','2018-01-09 19:03:15'),(30,'Φεστιβάλ Ρίψεων - Τρίπολη 2015','2015-05-16','2015-05-16','Ελλάδα','Τρίπολη','/img/competition.png',NULL,1,'2018-01-09 19:08:01','2018-01-09 19:09:31'),(31,'Flanders Cup - Meeting voor Mon','2016-07-30','2016-07-30','Βέλγιο','Kessel-Lo','/img/competition.png',NULL,1,'2018-01-09 19:15:54','2018-01-09 19:18:34'),(32,'London Grand Prix','2017-07-09','2017-07-09','Αγγλία','Λονδίνο','/img/competition.png','Ολυμπιακό Στάδιο Λονδίνου',1,'2018-01-11 12:33:56','2018-01-11 12:37:56'),(33,'Ολυμπιακοί Αγώνες - Σεούλ 1988','1988-09-23','1988-10-02','Νότια Κορέα','Σεούλ','/storage/pictures/competitions/U7iDAhBGXUGScIsQUPPlyER2hwa6b0W0Z5OjNLL2.png','Seoul Olympic Stadium',1,'2018-01-11 12:42:56','2018-01-11 12:49:30'),(34,'Πανελλήνιο Πρωτάθλημα Κλειστού Στίβου Ανδρών/Γυναικών 2014','2014-02-08','2014-02-09','Ελλάδα','Αθήνα','/storage/pictures/competitions/6YXT0qDmzOiZwkUBoQM8xfn0bETYTPNPo8Fp69iu.png','Στάδιο Ειρήνης & Φιλίας',1,'2018-01-14 09:38:01','2018-01-14 09:51:34'),(35,'N/A','2009-02-21','2009-02-21','Ελλάδα','Πειραιάς','/img/competition.png',NULL,1,'2018-01-14 10:20:31','2018-01-14 10:22:31'),(36,'Μεσογειακοί Αγώνες - Καζαμπλάνκα 1983','1983-09-03','1983-09-17','Μαρόκο','Καζαμπλάνκα','/storage/pictures/competitions/iAgNbPz789F6ETD5rKkq9ddufeKXu90M3Wupe8yS.jpeg',NULL,1,'2018-01-14 10:32:57','2018-01-14 10:34:27'),(37,'N/A','1979-05-21','1979-05-21','Ηνωμένες Πολιτείες Αμερικής','Τέμπε (Αριζόνα)','/img/competition.png',NULL,1,'2018-01-15 11:57:51','2018-01-15 12:11:31'),(38,'Ημερίδα κλειστού στίβου','2012-02-04','2012-02-04','Ελλάδα','Πειραιάς','/img/competition.png','Στάδιο Ειρήνης & Φιλίας',1,'2018-01-16 12:27:48','2018-01-20 11:54:59'),(39,'N/A','1973-10-28','1973-10-28','Ελλάδα','Νέο Φάληρο','/img/competition.png',NULL,1,'2018-01-16 12:53:56','2018-01-16 13:12:26'),(40,'Παπαφλέσσεια 2012','2012-06-02','2012-06-02','Ελλάδα','Καλαμάτα','/img/competition.png',NULL,1,'2018-01-16 13:02:12','2018-01-16 13:12:26'),(41,'Ted Nelson Invitational','2018-01-12','2018-01-12','Ηνωμένες Πολιτείες Αμερικής','Τέξας','/img/competition.png','Gilliam Indoor Track and Field Stadium',1,'2018-01-16 13:39:48','2018-01-16 13:40:57'),(42,'Πανελλήνιο Πρωτάθλημα Κλειστού Στίβου 2015','2015-02-14','2015-02-15','Ελλάδα','Πειραιάς','/img/competition.png','Στάδιο Ειρήνης & Φιλίας',1,'2018-01-16 14:11:35','2018-01-16 17:26:50'),(43,'N/A','2016-02-06','2016-02-06','Ηνωμένες Πολιτείες Αμερικής','ΗΠΑ','/img/competition.png',NULL,1,'2018-01-16 17:01:26','2018-02-25 14:43:52'),(44,'Ημερίδα κλειστού στίβου','2013-02-10','2013-02-10','Ελλάδα','Πειραιάς','/img/competition.png','Στάδιο Ειρήνης & Φιλίας',1,'2018-01-16 17:10:15','2018-01-20 11:54:45'),(45,'UAB Blazer Invitational','2018-01-12','2018-01-12','Ηνωμένες Πολιτείες Αμερικής','Birmingham, AL','/img/competition.png','Birmingham Crossplex Arena',1,'2018-01-16 17:20:53','2018-01-18 11:44:14'),(46,'Πανελλήνιο Πρωτάθλημα Κλειστού Στίβου 2004','2004-02-07','2004-02-08','Ελλάδα','Πειραιάς','/img/competition.png','Στάδιο Ειρήνης & Φιλίας',1,'2018-01-18 10:39:01','2018-01-18 10:44:24'),(47,'N/A','2016-02-19','2016-02-19','Ηνωμένες Πολιτείες Αμερικής','Οχάιο','/img/competition.png',NULL,1,'2018-01-18 10:52:03','2018-01-18 10:55:02'),(48,'Kentucky Track & Field Invitational','2018-01-12','2018-01-13','Ηνωμένες Πολιτείες Αμερικής','Lexington, KY','/img/competition.png',NULL,1,'2018-01-18 10:58:55','2018-01-18 11:02:26'),(49,'Ημερίδα κλειστού στίβου','2018-01-13','2018-01-13','Ελλάδα','Άγιος Κοσμάς','/img/competition.png',NULL,1,'2018-01-18 11:08:14','2018-01-20 11:54:32'),(50,'Gladstein Invitational','2018-01-19','2018-01-20','Ηνωμένες Πολιτείες Αμερικής','Bloomington, IN','/img/competition.png',NULL,1,'2018-01-20 17:33:12','2018-01-20 17:53:33'),(51,'Vanderbilt Invitational','2018-01-19','2018-01-20','Ηνωμένες Πολιτείες Αμερικής','Nashville, TN','/img/competition.png',NULL,1,'2018-01-20 17:41:38','2018-01-20 17:53:33'),(52,'Kuldiga Catherine\'s Cup','2018-01-20','2018-01-20','Λετονία','Kuldiga','/img/competition.png','Indoor hall Kuldiga',1,'2018-01-21 10:04:10','2018-01-23 11:11:50'),(53,'Ημερίδα κλειστού στίβου','2018-01-20','2018-01-20','Ελλάδα','Άγιος Κοσμάς','/img/competition.png',NULL,1,'2018-01-21 10:14:28','2018-01-23 11:11:50'),(54,'N/A','2018-01-20','2018-01-20','Βουλγαρία','Σόφια','/img/competition.png',NULL,1,'2018-01-23 11:04:45','2018-02-25 14:43:22'),(55,'N/A','1981-06-19','1981-06-19','Τσεχία','Πράγα','/img/competition.png',NULL,1,'2018-01-24 19:30:04','2018-01-24 20:28:02'),(56,'Μεσογειακοί Αγώνες - Αθήνα 1991','1991-06-28','1991-07-12','Ελλάδα','Αθήνα','/img/competition.png','ΟΑΚΑ',1,'2018-01-24 20:21:16','2018-01-24 20:28:02'),(57,'N/A','1975-04-09','1975-04-09','Ελλάδα','Αθήνα','/img/competition.png',NULL,1,'2018-01-24 20:55:58','2018-01-24 21:02:39'),(58,'N/A','1983-08-27','1983-08-27','Ιταλία','Ριτσόνε','/img/competition.png',NULL,1,'2018-01-24 21:18:00','2018-01-24 21:39:58'),(59,'Ημερίδα κλειστού στίβου ΣΕΦ','2018-01-26','2018-01-26','Ελλάδα','Πειραιάς','/img/competition.png','Στάδιο Ειρήνης & Φιλίας',1,'2018-01-26 11:25:37','2018-01-26 16:53:54'),(60,'Indoor Track & Field Vienna','2018-01-27','2018-01-27','Αυστρία','Βιέννη','/storage/pictures/competitions/EpLBQOb1T0hkvjuAtwA5Ux9m9o8uqqwz5yTpuGhw.jpeg',NULL,1,'2018-01-26 11:26:33','2018-01-30 12:39:50'),(61,'Elite Indoor Meeting, Val de Reuil','2018-01-27','2018-01-27','Γαλλία','Ντε Λεουάρ','/img/competition.png','Κλειστό Στάδιο Jesse Owens',1,'2018-01-28 10:17:22','2018-01-28 10:22:55'),(62,'Indiana University Relays','2018-01-26','2018-01-27','Ηνωμένες Πολιτείες Αμερικής','Bloomington, IN','/img/competition.png',NULL,1,'2018-01-30 12:52:20','2018-01-30 13:11:12'),(63,'Clemson Bob Pollock Invitational','2018-01-26','2018-01-27','Ηνωμένες Πολιτείες Αμερικής','Clemson, SC','/img/competition.png',NULL,1,'2018-01-30 12:57:49','2018-01-30 13:11:12'),(64,'Houston Invitational','2018-01-26','2018-01-27','Ηνωμένες Πολιτείες Αμερικής','Houston, TX','/img/competition.png',NULL,1,'2018-01-30 13:07:56','2018-01-30 13:11:12'),(65,'AIT Grand Prix 2017','2017-02-15','2017-02-15','Ιρλανδία','Athlone','/img/competition.png',NULL,1,'2018-02-01 16:14:22','2018-02-06 09:14:47'),(66,'Ημερίδα κλειστού στίβου','2018-02-03','2018-02-03','Ελλάδα','Άγιος Κοσμάς','/img/competition.png',NULL,1,'2018-02-06 09:15:44','2018-02-07 21:58:51'),(67,'Meyo Invitational 2018','2018-02-02','2018-02-03','Ηνωμένες Πολιτείες Αμερικής','Notre Dame, IN','/img/competition.png',NULL,1,'2018-02-07 21:12:54','2018-02-07 21:58:51'),(68,'New Mexico Classic','2018-02-02','2018-02-03','Ηνωμένες Πολιτείες Αμερικής','Albuquerque, NM','/img/competition.png',NULL,1,'2018-02-07 21:16:07','2018-02-07 21:58:51'),(69,'LSAC 3rd Indoor Open Meeting','2018-02-03','2018-02-03','Αγγλία','Loughborough','/img/competition.png',NULL,1,'2018-02-07 21:49:37','2018-02-07 21:58:51'),(70,'13. International PSD Bank Meeting Dusseldorf 2018','2018-02-06','2018-02-06','Γερμανία','Ντίσελντορφ','/img/competition.png',NULL,1,'2018-02-07 21:56:18','2018-02-07 21:58:51'),(71,'IFAM Indoor 2018','2018-02-10','2018-02-10','Βέλγιο','Γάνδη','/img/competition.png',NULL,1,'2018-02-08 18:30:36','2018-02-08 18:31:01'),(72,'N/A','1979-10-06','1979-10-06','Κύπρος','Λευκωσία','/img/competition.png',NULL,1,'2018-02-08 18:54:21','2018-02-08 18:55:40'),(74,'Howie Ryan Invitational','2018-02-09','2018-02-09','Ηνωμένες Πολιτείες Αμερικής','Houston, TX','/img/competition.png',NULL,1,'2018-02-15 17:28:26','2018-02-15 17:33:06'),(75,'Clemson Tiger Paw Invitational','2018-02-09','2018-02-10','Ηνωμένες Πολιτείες Αμερικής','Clemson, SC','/img/competition.png',NULL,1,'2018-02-15 17:30:30','2018-02-15 17:33:06'),(76,'Copernicus Cup','2018-02-15','2018-02-15','Πολωνία','Τορούν','/img/competition.png',NULL,1,'2018-02-15 17:34:55','2018-02-24 10:46:02'),(77,'25ο Ευρωπαϊκό Πρωτάθλημα Κλειστού Στίβου - Βαλένθια 1998','1998-02-27','1998-03-01','Ισπανία','Βαλένθια','/img/competition.png','Luis Puig Palace',1,'2018-02-17 11:12:00','2018-02-17 11:27:37'),(78,'N/A','2000-02-05','2000-02-05','Ουγγαρία','Ναρετζιχάζα','/img/competition.png',NULL,1,'2018-02-17 11:16:08','2018-02-17 11:27:37'),(79,'N/A','1999-02-28','1999-02-28','Ουγγαρία','Βουδαπέστη','/img/competition.png',NULL,1,'2018-02-17 11:24:31','2018-02-17 11:27:37'),(80,'Southland Conference Indoor Track & Field Championships','2018-02-21','2018-02-22','Ηνωμένες Πολιτείες Αμερικής','Birmingham, AL','/img/competition.png',NULL,1,'2018-02-24 10:34:37','2018-02-24 10:46:02'),(81,'2018 Alex Wilson Invitational','2018-02-17','2018-02-17','Ηνωμένες Πολιτείες Αμερικής','Notre Dame, IN','/img/competition.png',NULL,1,'2018-02-24 10:38:31','2018-02-24 10:46:02'),(82,'AIT Grand Prix 2018','2018-02-21','2018-02-21','Ιρλανδία','Athlone','/img/competition.png',NULL,1,'2018-02-24 10:40:54','2018-02-24 10:46:02'),(83,'N/A','2016-02-26','2016-02-26','Ηνωμένες Πολιτείες Αμερικής','ΗΠΑ','/img/competition.png',NULL,1,'2018-02-25 10:01:03','2018-02-25 10:07:03'),(84,'N/A','2014-01-18','2014-01-18','Ηνωμένες Πολιτείες Αμερικής','ΗΠΑ','/img/competition.png',NULL,1,'2018-02-25 10:03:29','2018-02-25 10:07:03'),(85,'NCAA Division I Indoor Track & Field Championship','2015-03-13','2015-03-14','Ηνωμένες Πολιτείες Αμερικής','Fayetteville, AR','/img/competition.png',NULL,1,'2018-02-25 10:17:26','2018-02-25 14:02:27'),(86,'SEC Championships','2015-05-14','2015-05-16','Ηνωμένες Πολιτείες Αμερικής','Mississippi State, MS','/img/competition.png',NULL,1,'2018-02-25 14:02:53','2018-02-25 14:06:01'),(87,'N/A','2015-05-28','2015-05-28','Ηνωμένες Πολιτείες Αμερικής','ΗΠΑ','/img/competition.png',NULL,1,'2018-02-25 14:21:44','2018-02-25 15:02:06'),(88,'N/A','2015-04-17','2015-04-17','Ηνωμένες Πολιτείες Αμερικής','ΗΠΑ','/img/competition.png',NULL,1,'2018-02-25 14:40:13','2018-02-25 15:02:06'),(89,'Georgia vs. Missouri','2011-04-23','2011-04-23','Ηνωμένες Πολιτείες Αμερικής','Athens, GA','/img/competition.png',NULL,1,'2018-02-25 14:52:05','2018-02-25 15:02:06'),(90,'Mid-American Indoor Track & Field Championships','2018-02-23','2018-02-24','Ηνωμένες Πολιτείες Αμερικής','Bowling Green, OH','/img/competition.png',NULL,1,'2018-02-25 14:59:48','2018-02-25 15:02:06'),(91,'SEC Indoor Track & Field Championships','2011-02-25','2011-02-27','Ηνωμένες Πολιτείες Αμερικής','Fayetteville, AR','/img/competition.png',NULL,1,'2018-02-25 15:07:43','2018-02-25 15:10:59'),(92,'2013 Mark Colligan Memorial','2013-02-09','2013-02-09','Ηνωμένες Πολιτείες Αμερικής','Lincoln, NE','/img/competition.png',NULL,1,'2018-02-25 15:14:47','2018-02-25 15:19:30'),(93,'Vanderbilt Commodore Invite','2017-01-13','2017-01-14','Ηνωμένες Πολιτείες Αμερικής','Nashville, TN','/img/competition.png',NULL,1,'2018-02-25 15:17:57','2018-02-25 15:19:30'),(94,'Florida Relays','2015-04-02','2015-04-04','Ηνωμένες Πολιτείες Αμερικής','Gainesville, FL','/img/competition.png',NULL,1,'2018-02-25 20:55:58','2018-02-25 21:05:21'),(95,'SEC Indoor Championships','2018-02-24','2018-02-25','Ηνωμένες Πολιτείες Αμερικής','College Station, TX','/img/competition.png',NULL,1,'2018-02-26 10:18:37','2018-02-26 10:20:15'),(96,'Istanbul Indoor Cup','2018-02-18','2018-02-18','Τουρκία','Κωνσταντινούπολη','/img/competition.png',NULL,1,'2018-02-26 13:12:00','2018-02-26 13:13:07'),(97,'N/A','1972-06-28','1972-06-28','Ελλάδα','Νέο Φάληρο','/img/competition.png',NULL,1,'2018-02-27 09:26:27','2018-02-27 09:32:21'),(98,'Ολυμπιακοί Αγώνες - Μόναχο 1972','1972-09-02','1972-09-02','Γερμανία','Μόναχο','/storage/pictures/competitions/6hB6WgL9quTCq2CSvKqtGQ7hqCAVA7yOnjzKxTPJ.png',NULL,1,'2018-02-27 09:31:09','2018-02-27 09:32:21'),(99,'Διασωματειακοί Αγώνες «Τα Διαγόρεια»','1982-03-25','1982-03-25','Κύπρος','Λευκωσία','/img/competition.png',NULL,1,'2018-02-27 11:08:24','2018-02-27 11:16:41'),(100,'38α Βενιζέλεια 1986','1986-05-24','1986-05-24','Ελλάδα','Χανιά','/storage/pictures/competitions/wdPOkZI38mHb6MRnnHjepTBACMot5TshwGajlaMU.png',NULL,1,'2018-02-27 11:15:24','2018-02-27 11:16:41'),(101,'N/A','2004-04-14','2004-04-14','Κύπρος','Λάρνακα','/img/competition.png',NULL,1,'2018-02-27 18:59:06','2018-02-27 19:10:12'),(102,'66th Cork City Sports','2017-07-18','2017-07-18','Ιρλανδία','Κορκ','/img/competition.png',NULL,1,'2018-02-28 10:41:00','2018-02-28 10:46:11'),(103,'Μεσογειακοί Αγώνες - Μπάρι 1997','1997-06-15','1997-06-19','Ιταλία','Μπάρι','/storage/pictures/competitions/rGfL8ySLDKckLCkQ0CpktNUOMUtDmgIaoUfW7tW2.png','Stadio San Nicola',1,'2018-02-28 11:21:12','2018-03-01 12:39:03'),(104,'Ευρωπαϊκό Πρωτάθλημα Κάτω των 23 - Ντέμπρετσεν 2007','2007-07-12','2007-07-15','Ουγγαρία','Ντέμπρετσεν','/img/competition.png',NULL,1,'2018-03-01 12:37:40','2018-03-01 12:39:03'),(105,'Βαλκανικό Πρωτάθλημα Εφήβων/Νεανίδων 2017','2017-07-01','2017-07-02','Ρουμανία','Πιτέστι','/img/competition.png',NULL,1,'2018-03-01 13:01:38','2018-03-01 13:09:56'),(106,'Παγκύπριο Εαρινό Πρωτάθλημα τα 56Α Μάτσεια','2017-05-20','2017-05-21','Κύπρος','Λευκωσία','/img/competition.png','Στάδιο ΓΣΠ',1,'2018-03-01 15:21:10','2018-03-01 16:57:47'),(107,'Παγκύπριο Πρωτάθλημα Ανδρών/Γυναικών 2017','2017-06-17','2017-06-18','Κύπρος','Λεμεσός','/storage/pictures/competitions/sqCSko7Y5IQahCxMRDiScN48Eq2tpqhTP2GHwruf.png','Τσίριο Στάδιο',1,'2018-03-01 15:31:11','2018-03-01 16:57:47'),(108,'Παγκύπριοι Αγώνες 25ης Μαρτίου','2017-03-26','2017-03-26','Κύπρος','Λευκωσία','/img/competition.png','Στάδιο ΓΣΠ',1,'2018-03-01 16:45:55','2018-03-01 16:57:47'),(109,'Παγκύπριο Πρωτάθλημα Ανδρών/Γυναικών 2012','2012-06-09','2012-06-10','Κύπρος','Λεμεσός','/img/competition.png','Τσίριο Στάδιο',1,'2018-03-01 21:51:42','2018-03-01 21:57:17'),(110,'Παγκόσμια Γυμνασιάδα - Ντόχα 2009','2012-12-08','2012-12-12','Κατάρ','Ντόχα','/storage/pictures/competitions/1PO0seZ1b57l21eBVSYbiX5VzUeuu0QDNuOfh1a2.jpeg','Khalifa Stadium',1,'2018-03-02 10:56:39','2018-03-05 17:52:19'),(111,'N/A','2000-08-11','2000-08-12','Ελλάδα','Βόλος','/img/competition.png',NULL,1,'2018-03-02 11:15:04','2018-03-02 11:41:57'),(112,'Παγκόσμιο Πρωτάθλημα - Λονδίνο 2017','2017-08-04','2017-08-13','Αγγλία','Λονδίνο','/img/competition.png','Ολυμπιακό Στάδιο',1,'2018-03-04 10:34:56','2018-03-04 10:52:34'),(113,'N/A','2004-07-04','2004-07-04','Ελλάδα','Ηράκλειο','/img/competition.png',NULL,1,'2018-03-04 10:47:11','2018-03-04 10:52:34'),(114,'N/A','1985-03-25','1985-03-25','Κύπρος','Λεμεσός','/img/competition.png',NULL,1,'2018-03-04 11:06:01','2018-03-04 12:21:25'),(115,'N/A','2012-07-05','2012-07-05','Κύπρος','Λεμεσός','/img/competition.png','Τσίρειο',1,'2018-03-04 11:12:32','2018-03-04 12:21:25'),(116,'N/A','2001-03-25','2001-03-25','Κύπρος','Λεμεσός','/img/competition.png',NULL,1,'2018-03-04 11:34:23','2018-03-04 12:21:25'),(117,'N/A','2014-03-25','2014-03-25','Κύπρος','Λεμεσός','/img/competition.png',NULL,1,'2018-03-04 12:12:10','2018-03-04 12:21:25'),(118,'N/A','2006-05-18','2006-05-18','Ελλάδα','Πάτρα','/img/competition.png',NULL,1,'2018-03-04 12:16:04','2018-03-04 12:21:25'),(119,'N/A','2009-05-17','2009-05-17','Ελλάδα','Τρίπολη','/img/competition.png',NULL,1,'2018-03-04 12:18:55','2018-03-04 12:21:25'),(120,'Ολυμπιακοί Αγώνες Νέων - Νανκίνγκ 2014','2014-08-20','2014-08-28','Κίνα','Νανκίνγκ','/img/competition.png','Ολυμπιακό Κέντρο Νανκίνγκ',1,'2018-03-04 13:38:12','2018-03-04 14:05:28'),(121,'Ευρωπαϊκό Κύπελλο 2005 - Δεύτερη Κατηγορία','2005-06-18','2005-06-19','Τουρκία','Κωνσταντινούπολη','/img/competition.png',NULL,1,'2018-03-04 13:57:36','2018-03-05 13:03:22'),(122,'Παγκόσμια Γυμνασιάδα - Καέν 2002','2002-05-27','2002-06-03','Γαλλία','Καέν','/img/competition.png',NULL,1,'2018-03-04 14:02:17','2018-03-04 14:05:28'),(123,'Ευρωπαϊκό Πρωτάθλημα Ομάδων 2009 - Δεύτερη Κατηγορία','2009-06-20','2009-06-21','Σλοβακία','Μπάνσκα Μπιστρίτσα','/img/competition.png',NULL,1,'2018-03-04 14:25:22','2018-03-04 15:33:42'),(124,'24th Annual Gupton Jeep Tom King Classic','2018-03-03','2018-03-03','Ηνωμένες Πολιτείες Αμερικής','Nashville, TN','/img/competition.png',NULL,1,'2018-03-05 18:03:33','2018-03-05 18:05:36');
/*!40000 ALTER TABLE `competitions` ENABLE KEYS */;
UNLOCK TABLES;

--
-- Table structure for table `events`
--

DROP TABLE IF EXISTS `events`;
/*!40101 SET @saved_cs_client     = @@character_set_client */;
/*!40101 SET character_set_client = utf8 */;
CREATE TABLE `events` (
  `id` int(10) unsigned NOT NULL AUTO_INCREMENT,
  `name` varchar(191) COLLATE utf8mb4_unicode_ci NOT NULL,
  `type` varchar(191) COLLATE utf8mb4_unicode_ci NOT NULL,
  `season` varchar(191) COLLATE utf8mb4_unicode_ci NOT NULL,
  `gender` varchar(191) COLLATE utf8mb4_unicode_ci NOT NULL,
  `order` int(11) DEFAULT NULL,
  `created_at` timestamp NULL DEFAULT NULL,
  `updated_at` timestamp NULL DEFAULT NULL,
  PRIMARY KEY (`id`),
  UNIQUE KEY `events_name_type_season_gender_unique` (`name`,`type`,`season`,`gender`)
) ENGINE=InnoDB AUTO_INCREMENT=123 DEFAULT CHARSET=utf8mb4 COLLATE=utf8mb4_unicode_ci;
/*!40101 SET character_set_client = @saved_cs_client */;

--
-- Dumping data for table `events`
--

LOCK TABLES `events` WRITE;
/*!40000 ALTER TABLE `events` DISABLE KEYS */;
INSERT INTO `events` VALUES (1,'80m','track','outdoor','male',1,'2017-12-26 14:00:48','2018-02-14 13:37:56'),(2,'100m','track','outdoor','male',2,'2017-12-26 14:00:48','2018-02-14 13:37:56'),(3,'150m','track','outdoor','male',3,'2017-12-26 14:00:48','2018-02-14 13:37:56'),(4,'200m','track','outdoor','male',4,'2017-12-26 14:00:48','2018-02-14 13:37:56'),(5,'300m','track','outdoor','male',5,'2017-12-26 14:00:48','2018-02-14 13:37:56'),(6,'400m','track','outdoor','male',6,'2017-12-26 14:00:48','2018-02-14 13:37:56'),(7,'600m','track','outdoor','male',7,'2017-12-26 14:00:48','2018-02-14 13:37:56'),(8,'800m','track','outdoor','male',8,'2017-12-26 14:00:48','2018-02-14 13:37:56'),(9,'1000m','track','outdoor','male',9,'2017-12-26 14:00:48','2018-02-14 13:37:56'),(10,'1 Μίλι','track','outdoor','male',10,'2017-12-26 14:00:48','2018-02-14 13:37:56'),(11,'1500m','track','outdoor','male',11,'2017-12-26 14:00:48','2018-02-14 13:37:56'),(12,'3000m στηπλ','track','outdoor','male',12,'2017-12-26 14:00:48','2018-02-14 13:37:56'),(13,'5000m','track','outdoor','male',13,'2017-12-26 14:00:48','2018-02-14 13:37:56'),(14,'10000m','track','outdoor','male',14,'2017-12-26 14:00:48','2018-02-14 13:37:56'),(15,'Μαραθώνιος','track','outdoor','male',16,'2017-12-26 14:00:48','2018-02-25 20:59:30'),(16,'110m εμπόδια','track','outdoor','male',17,'2017-12-26 14:00:48','2018-02-25 20:59:30'),(17,'110m εμπόδια(91,4cm)','track','outdoor','male',18,'2017-12-26 14:00:48','2018-02-25 20:59:30'),(18,'110m εμπόδια(99cm)','track','outdoor','male',19,'2017-12-26 14:00:48','2018-02-25 20:59:30'),(19,'400m εμπόδια','track','outdoor','male',20,'2017-12-26 14:00:48','2018-02-25 20:59:30'),(20,'4x80m','relay','outdoor','male',21,'2017-12-26 14:00:48','2018-02-25 20:59:30'),(21,'4x100m','relay','outdoor','male',22,'2017-12-26 14:00:48','2018-02-25 20:59:30'),(22,'4x300m','relay','outdoor','male',23,'2017-12-26 14:00:48','2018-02-25 20:59:30'),(23,'4x400m','relay','outdoor','male',24,'2017-12-26 14:00:48','2018-02-25 20:59:30'),(24,'80m','track','outdoor','female',25,'2017-12-26 14:00:48','2018-02-25 20:59:30'),(25,'100m','track','outdoor','female',26,'2017-12-26 14:00:48','2018-02-25 20:59:30'),(26,'200m','track','outdoor','female',27,'2017-12-26 14:00:48','2018-02-25 20:59:30'),(27,'400m','track','outdoor','female',28,'2017-12-26 14:00:48','2018-02-25 20:59:30'),(28,'800m','track','outdoor','female',29,'2017-12-26 14:00:48','2018-02-25 20:59:30'),(29,'1 Μίλι','track','outdoor','female',31,'2017-12-26 14:00:48','2018-03-02 11:02:25'),(30,'1500m','track','outdoor','female',32,'2017-12-26 14:00:48','2018-03-02 11:02:25'),(31,'2000m στήπλ','track','outdoor','female',34,'2017-12-26 14:00:48','2018-03-02 11:02:25'),(32,'3000m στήπλ','track','outdoor','female',35,'2017-12-26 14:00:48','2018-03-02 11:02:25'),(33,'5000m','track','outdoor','female',36,'2017-12-26 14:00:48','2018-03-02 11:02:25'),(34,'10000m','track','outdoor','female',37,'2017-12-26 14:00:48','2018-03-02 11:02:25'),(35,'Μισός Μαραθώνιος','track','outdoor','female',38,'2017-12-26 14:00:48','2018-03-04 10:39:45'),(36,'Μαραθώνιος','track','outdoor','female',39,'2017-12-26 14:00:48','2018-03-02 11:02:25'),(37,'100m εμπόδια','track','outdoor','female',40,'2017-12-26 14:00:48','2018-03-02 11:02:25'),(38,'100m εμπόδια(76cm)','track','outdoor','female',41,'2017-12-26 14:00:48','2018-03-02 11:02:25'),(39,'400m εμπόδια','track','outdoor','female',42,'2017-12-26 14:00:48','2018-03-02 11:02:25'),(40,'4x80m','relay','outdoor','female',43,'2017-12-26 14:00:48','2018-03-02 21:13:20'),(41,'4x100m','relay','outdoor','female',44,'2017-12-26 14:00:48','2018-03-02 11:02:25'),(42,'4x300m','relay','outdoor','female',45,'2017-12-26 14:00:48','2018-03-02 21:13:12'),(43,'4x400m','relay','outdoor','female',46,'2017-12-26 14:00:48','2018-03-02 21:13:31'),(44,'Μήκος','field','outdoor','male',47,'2017-12-26 14:00:48','2018-03-02 11:02:25'),(45,'Ύψος','field','outdoor','male',48,'2017-12-26 14:00:48','2018-03-02 11:02:25'),(46,'Επι κοντώ','field','outdoor','male',49,'2017-12-26 14:00:48','2018-03-02 11:02:25'),(47,'Τριπλούν','field','outdoor','male',50,'2017-12-26 14:00:48','2018-03-02 11:02:25'),(48,'Σφαιροβολία','field','outdoor','male',51,'2017-12-26 14:00:48','2018-03-02 11:02:25'),(49,'Σφαιροβολία(5kg)','field','outdoor','male',52,'2017-12-26 14:00:48','2018-03-02 11:02:25'),(50,'Σφαιροβολία (6kg)','field','outdoor','male',53,'2017-12-26 14:00:48','2018-03-02 11:02:25'),(51,'Σφυροβολία','field','outdoor','male',54,'2017-12-26 14:00:48','2018-03-02 11:02:25'),(52,'Μισός Μαραθώνιος','track','outdoor','male',15,'2017-12-26 14:00:48','2018-02-25 20:59:30'),(53,'Σφυροβολία(6kg)','field','outdoor','male',55,'2017-12-26 14:00:48','2018-03-02 11:02:25'),(54,'Σφυροβολία(5kg)','field','outdoor','male',56,'2017-12-26 14:00:48','2018-03-02 11:02:25'),(55,'Ακοντισμός','field','outdoor','male',57,'2017-12-26 14:00:48','2018-03-02 11:02:25'),(56,'Ακοντισμός(700gr)','field','outdoor','male',58,'2017-12-26 14:00:48','2018-03-02 11:02:25'),(57,'Δισκοβολία','field','outdoor','male',59,'2017-12-26 14:00:48','2018-03-02 11:02:25'),(58,'Δισκοβολία(1.5kg)','field','outdoor','male',60,'2017-12-26 14:00:48','2018-03-02 11:02:25'),(59,'Δισκοβολία(1.75kg)','field','outdoor','male',61,'2017-12-26 14:00:48','2018-03-02 11:02:25'),(60,'Δέκαθλο','field','outdoor','male',62,'2017-12-26 14:00:48','2018-03-02 11:02:25'),(61,'Δέκαθλο Εφήβων','field','outdoor','male',63,'2017-12-26 14:00:48','2018-03-02 11:02:25'),(62,'Μήκος','field','outdoor','female',64,'2017-12-26 14:00:48','2018-03-04 11:07:08'),(63,'Ύψος','field','outdoor','female',65,'2017-12-26 14:00:48','2018-03-02 11:02:25'),(64,'Επι κοντώ','field','outdoor','female',66,'2017-12-26 14:00:48','2018-03-02 11:02:25'),(65,'Τριπλούν','field','outdoor','female',67,'2017-12-26 14:00:48','2018-03-02 11:02:25'),(66,'Σφαιροβολία','field','outdoor','female',68,'2017-12-26 14:00:48','2018-03-02 11:02:25'),(67,'Σφυροβολία','field','outdoor','female',70,'2017-12-26 14:00:48','2018-03-02 11:02:25'),(68,'Σφυροβολία(3kg)','field','outdoor','female',71,'2017-12-26 14:00:48','2018-03-02 11:02:26'),(69,'Ακοντισμός','field','outdoor','female',72,'2017-12-26 14:00:48','2018-03-02 11:02:26'),(70,'Ακοντισμός(500gr)','field','outdoor','female',73,'2017-12-26 14:00:48','2018-03-02 11:02:26'),(71,'Δισκοβολία','field','outdoor','female',74,'2017-12-26 14:00:48','2018-03-02 11:02:26'),(72,'Δισκοβολία(1.5kg)','field','outdoor','female',75,'2017-12-26 14:00:48','2018-03-02 11:02:26'),(73,'Έπταθλο','field','outdoor','female',76,'2017-12-26 14:00:48','2018-03-02 11:02:26'),(74,'60m','track','indoor','male',79,'2017-12-26 14:00:48','2018-03-02 11:02:26'),(75,'100m','track','indoor','male',80,'2017-12-26 14:00:48','2018-03-02 11:02:26'),(76,'200m','track','indoor','male',82,'2017-12-26 14:00:48','2018-03-02 11:02:26'),(77,'400m','track','indoor','male',83,'2017-12-26 14:00:48','2018-03-02 11:02:26'),(78,'800m','track','indoor','male',84,'2017-12-26 14:00:48','2018-03-02 11:02:26'),(79,'1 Μίλι','track','indoor','male',87,'2017-12-26 14:00:48','2018-03-02 11:02:26'),(80,'1500m','track','indoor','male',86,'2017-12-26 14:00:48','2018-03-02 11:02:26'),(81,'3000m','track','indoor','male',88,'2017-12-26 14:00:48','2018-03-02 11:02:26'),(82,'60m εμπόδια','track','indoor','male',89,'2017-12-26 14:00:48','2018-03-02 11:02:26'),(83,'4x400m','track','indoor','male',91,'2017-12-26 14:00:48','2018-03-02 11:02:26'),(84,'60m','track','indoor','female',92,'2017-12-26 14:00:48','2018-03-02 11:02:26'),(85,'100m','track','indoor','female',93,'2017-12-26 14:00:48','2018-03-02 11:02:26'),(86,'200m','track','indoor','female',94,'2017-12-26 14:00:48','2018-03-02 11:02:26'),(87,'400m','track','indoor','female',95,'2017-12-26 14:00:48','2018-03-02 11:02:26'),(88,'800m','track','indoor','female',96,'2017-12-26 14:00:48','2018-03-02 11:02:26'),(89,'1 Μίλι','track','indoor','female',97,'2017-12-26 14:00:48','2018-03-02 11:02:26'),(90,'1500m','track','indoor','female',98,'2017-12-26 14:00:48','2018-03-02 11:02:26'),(91,'3000m','track','indoor','female',99,'2017-12-26 14:00:48','2018-03-02 11:02:26'),(92,'60m εμπόδια','track','indoor','female',100,'2017-12-26 14:00:48','2018-03-02 11:02:26'),(93,'Μήκος','field','indoor','male',101,'2017-12-26 14:00:48','2018-03-02 11:02:26'),(94,'Ύψος','field','indoor','male',102,'2017-12-26 14:00:48','2018-03-02 11:02:26'),(95,'Επι κοντώ','field','indoor','male',103,'2017-12-26 14:00:48','2018-03-02 11:02:26'),(96,'Τριπλούν','field','indoor','male',104,'2017-12-26 14:00:48','2018-03-02 11:02:26'),(97,'Σφαιροβολία','field','indoor','male',105,'2017-12-26 14:00:48','2018-03-02 11:02:26'),(98,'Έπταθλο','field','indoor','male',107,'2017-12-26 14:00:48','2018-03-02 11:02:26'),(99,'Μήκος','field','indoor','female',108,'2017-12-26 14:00:48','2018-03-02 11:02:26'),(100,'Ύψος','field','indoor','female',109,'2017-12-26 14:00:48','2018-03-02 11:02:26'),(101,'Επι κοντώ','field','indoor','female',110,'2017-12-26 14:00:48','2018-03-02 11:02:26'),(102,'Τριπλούν','field','indoor','female',111,'2017-12-26 14:00:48','2018-03-02 11:02:26'),(103,'Σφαιροβολία','field','indoor','female',112,'2017-12-26 14:00:48','2018-03-02 11:02:26'),(104,'Πένταθλο','field','indoor','female',113,'2017-12-26 14:00:48','2018-03-02 11:02:26'),(105,'6000m','track','cross country','male',114,'2017-12-26 14:00:48','2018-03-02 11:02:26'),(106,'10000m','track','cross country','male',115,'2017-12-26 14:00:48','2018-03-02 11:02:26'),(107,'3000m','track','cross country','female',116,'2017-12-26 14:00:48','2018-03-02 11:02:26'),(108,'4000m','track','cross country','female',117,'2017-12-26 14:00:48','2018-03-02 11:02:26'),(109,'3000m','track','cross country','male',118,'2018-01-04 20:11:00','2018-03-02 11:02:26'),(110,'2000m','track','cross country','female',119,'2018-01-04 20:11:38','2018-03-02 11:02:26'),(111,'1500m','track','cross country','male',120,'2018-01-04 20:12:01','2018-03-02 11:02:26'),(113,'1500m','track','cross country','female',122,'2018-01-04 20:12:29','2018-03-02 11:02:26'),(114,'3000m','track','outdoor','female',33,'2018-01-11 12:44:17','2018-03-02 11:02:26'),(115,'150m','track','indoor','male',81,'2018-01-18 11:45:33','2018-03-02 11:02:26'),(116,'60m εμπόδια (0.99cm)','track','indoor','male',90,'2018-01-21 17:19:14','2018-03-02 11:02:26'),(117,'Σφαιροβολία (6kg)','field','indoor','male',106,'2018-02-06 09:30:53','2018-03-02 11:02:26'),(118,'1000m','track','indoor','male',85,'2018-02-14 13:37:41','2018-03-02 11:02:26'),(119,'50m','track','indoor','male',78,'2018-02-17 11:17:27','2018-03-02 11:02:26'),(120,'20000m Βάδην','track','outdoor','male',77,'2018-02-28 11:02:47','2018-03-02 11:02:26'),(121,'Σφαιροβολία(3kg)','field','outdoor','female',69,'2018-03-01 16:51:41','2018-03-02 11:02:26'),(122,'1000m','track','outdoor','female',30,'2018-03-02 11:02:26','2018-03-02 11:02:26');
/*!40000 ALTER TABLE `events` ENABLE KEYS */;
UNLOCK TABLES;

--
-- Table structure for table `imageables`
--

DROP TABLE IF EXISTS `imageables`;
/*!40101 SET @saved_cs_client     = @@character_set_client */;
/*!40101 SET character_set_client = utf8 */;
CREATE TABLE `imageables` (
  `id` int(10) unsigned NOT NULL AUTO_INCREMENT,
  `imageable_id` int(10) unsigned NOT NULL,
  `imageable_type` varchar(191) COLLATE utf8mb4_unicode_ci NOT NULL,
  `image_id` int(10) unsigned NOT NULL,
  `created_at` timestamp NULL DEFAULT NULL,
  `updated_at` timestamp NULL DEFAULT NULL,
  PRIMARY KEY (`id`)
) ENGINE=InnoDB DEFAULT CHARSET=utf8mb4 COLLATE=utf8mb4_unicode_ci;
/*!40101 SET character_set_client = @saved_cs_client */;

--
-- Dumping data for table `imageables`
--

LOCK TABLES `imageables` WRITE;
/*!40000 ALTER TABLE `imageables` DISABLE KEYS */;
/*!40000 ALTER TABLE `imageables` ENABLE KEYS */;
UNLOCK TABLES;

--
-- Table structure for table `images`
--

DROP TABLE IF EXISTS `images`;
/*!40101 SET @saved_cs_client     = @@character_set_client */;
/*!40101 SET character_set_client = utf8 */;
CREATE TABLE `images` (
  `id` int(10) unsigned NOT NULL AUTO_INCREMENT,
  `name` varchar(191) COLLATE utf8mb4_unicode_ci NOT NULL,
  `path` varchar(191) COLLATE utf8mb4_unicode_ci NOT NULL,
  `created_at` timestamp NULL DEFAULT NULL,
  `updated_at` timestamp NULL DEFAULT NULL,
  PRIMARY KEY (`id`)
) ENGINE=InnoDB DEFAULT CHARSET=utf8mb4 COLLATE=utf8mb4_unicode_ci;
/*!40101 SET character_set_client = @saved_cs_client */;

--
-- Dumping data for table `images`
--

LOCK TABLES `images` WRITE;
/*!40000 ALTER TABLE `images` DISABLE KEYS */;
/*!40000 ALTER TABLE `images` ENABLE KEYS */;
UNLOCK TABLES;

--
-- Table structure for table `links`
--

DROP TABLE IF EXISTS `links`;
/*!40101 SET @saved_cs_client     = @@character_set_client */;
/*!40101 SET character_set_client = utf8 */;
CREATE TABLE `links` (
  `id` int(10) unsigned NOT NULL AUTO_INCREMENT,
  `name` varchar(191) COLLATE utf8mb4_unicode_ci NOT NULL,
  `path` varchar(191) COLLATE utf8mb4_unicode_ci NOT NULL,
  `linkable_id` int(10) unsigned NOT NULL,
  `linkable_type` varchar(50) COLLATE utf8mb4_unicode_ci NOT NULL,
  `created_at` timestamp NULL DEFAULT NULL,
  `updated_at` timestamp NULL DEFAULT NULL,
  PRIMARY KEY (`id`)
) ENGINE=InnoDB AUTO_INCREMENT=25 DEFAULT CHARSET=utf8mb4 COLLATE=utf8mb4_unicode_ci;
/*!40101 SET character_set_client = @saved_cs_client */;

--
-- Dumping data for table `links`
--

LOCK TABLES `links` WRITE;
/*!40000 ALTER TABLE `links` DISABLE KEYS */;
INSERT INTO `links` VALUES (7,'Αποτελέσματα','http://www.toastit-live.be/results/2016/jul/za30/schedule.html',31,'App\\Competition','2018-01-09 19:18:19','2018-01-09 19:18:19'),(8,'Αποτελέσματα','http://www.eap-circuit.org/IMG/pdf/Rez_Katri_nas_kauss_2018_Complete_results.pdf',52,'App\\Competition','2018-01-21 10:06:27','2018-01-21 10:06:27'),(9,'Επίσημη Ιστοσελίδα','http://wicbirmingham2018.com/',3,'App\\Competition','2018-01-26 22:08:27','2018-01-26 22:08:27'),(10,'Επίσημη Ιστοσελίδα','https://www.gc2018.com/',9,'App\\Competition','2018-01-26 22:11:23','2018-01-26 22:11:23'),(11,'Επίσημη Ιστοσελίδα','http://www.tarragona2018.cat/',10,'App\\Competition','2018-01-26 22:11:57','2018-01-26 22:11:57'),(13,'Επίσημη Ιστοσελίδα','http://www.trackandfieldvienna.com/',60,'App\\Competition','2018-01-30 12:39:50','2018-01-30 12:39:50'),(14,'TFRRS','https://www.tfrrs.org/athletes/4054467.html',27,'App\\Athlete','2018-02-25 14:45:05','2018-02-25 14:45:05'),(15,'TFRRS','https://www.tfrrs.org/athletes/6470661/Houston_Baptist/Christos_Zachariou.html',104,'App\\Athlete','2018-02-25 14:45:27','2018-02-25 14:45:27'),(16,'TFRRS','https://www.tfrrs.org/athletes/5112888/Alabama/Filippa_Fotopoulou_.html',50,'App\\Athlete','2018-02-25 14:45:51','2018-02-25 14:45:51'),(17,'TFRRS','https://www.tfrrs.org/athletes/5589897/Miami_OH/Kalliopi_Kountouri.html',78,'App\\Athlete','2018-02-25 14:46:08','2018-02-25 14:46:08'),(18,'TFRRS - Georgia','https://www.tfrrs.org/athletes/3150476.html',26,'App\\Athlete','2018-02-25 14:51:07','2018-02-25 14:51:07'),(19,'TFRRS - Georgia State','https://www.tfrrs.org/athletes/4980650.html',26,'App\\Athlete','2018-02-25 14:51:07','2018-02-25 14:51:07'),(20,'TFRRS','https://www.tfrrs.org/athletes/4046496/Alabama/Meropi_Panagiotou.html',47,'App\\Athlete','2018-02-25 15:13:50','2018-02-25 15:13:50'),(21,'TFRRS','https://www.tfrrs.org/athletes/5112889.html',79,'App\\Athlete','2018-02-25 20:42:35','2018-02-25 20:42:35'),(22,'TFRRS','https://www.tfrrs.org/athletes/4660178.html',86,'App\\Athlete','2018-02-25 20:54:43','2018-02-25 20:54:43'),(23,'Αποτελέσματα','http://venizeliahitory.blogspot.com.cy/2016/01/1986.html',100,'App\\Competition','2018-02-27 11:15:24','2018-02-27 11:15:24'),(24,'Αποτελέσματα','http://report.nat.gov.tw/ReportFront/report_download.jspx?sysId=C09900220&fileNo=004',110,'App\\Competition','2018-03-02 10:57:56','2018-03-02 10:57:56');
/*!40000 ALTER TABLE `links` ENABLE KEYS */;
UNLOCK TABLES;

--
-- Table structure for table `migrations`
--

DROP TABLE IF EXISTS `migrations`;
/*!40101 SET @saved_cs_client     = @@character_set_client */;
/*!40101 SET character_set_client = utf8 */;
CREATE TABLE `migrations` (
  `id` int(10) unsigned NOT NULL AUTO_INCREMENT,
  `migration` varchar(191) COLLATE utf8mb4_unicode_ci NOT NULL,
  `batch` int(11) NOT NULL,
  PRIMARY KEY (`id`)
) ENGINE=InnoDB AUTO_INCREMENT=26 DEFAULT CHARSET=utf8mb4 COLLATE=utf8mb4_unicode_ci;
/*!40101 SET character_set_client = @saved_cs_client */;

--
-- Dumping data for table `migrations`
--

LOCK TABLES `migrations` WRITE;
/*!40000 ALTER TABLE `migrations` DISABLE KEYS */;
INSERT INTO `migrations` VALUES (1,'2014_10_12_000000_create_users_table',1),(2,'2014_10_12_100000_create_password_resets_table',1),(3,'2017_09_27_165119_create_competition_series_table',1),(4,'2017_09_27_165410_create_clubs_table',1),(5,'2017_09_27_173905_create_athletes_table',1),(6,'2017_09_27_173906_create_competitions_table',1),(7,'2017_09_27_174625_create_events_table',1),(8,'2017_09_27_175007_create_records_table',1),(9,'2017_09_27_175248_create_results_table',1),(10,'2017_09_27_175749_create_images_table',1),(11,'2017_09_27_180009_create_videos_table',1),(12,'2017_09_27_180122_create_links_table',1),(13,'2017_09_27_201551_create_result_record_table',1),(14,'2017_09_28_113914_create_videables_table',1),(15,'2017_09_28_114538_create_imageables_table',1),(16,'2017_10_05_124252_create_ages_table',1),(17,'2017_11_16_184214_create_relay_athletes_table',1),(18,'2017_12_13_180300_create_roles_table',1),(19,'2017_12_13_180403_create_role_user_table',1),(21,'2018_01_20_121144_add_order_to_events',2),(22,'2018_01_20_170314_create_competition_competition_series_table',3),(23,'2018_01_22_110928_add_overall_to_results',4),(24,'2018_01_31_103949_drop_series_to_competition',5),(25,'2018_02_01_145020_add_year_to_athlete',6);
/*!40000 ALTER TABLE `migrations` ENABLE KEYS */;
UNLOCK TABLES;

--
-- Table structure for table `password_resets`
--

DROP TABLE IF EXISTS `password_resets`;
/*!40101 SET @saved_cs_client     = @@character_set_client */;
/*!40101 SET character_set_client = utf8 */;
CREATE TABLE `password_resets` (
  `email` varchar(191) COLLATE utf8mb4_unicode_ci NOT NULL,
  `token` varchar(191) COLLATE utf8mb4_unicode_ci NOT NULL,
  `created_at` timestamp NULL DEFAULT NULL,
  KEY `password_resets_email_index` (`email`)
) ENGINE=InnoDB DEFAULT CHARSET=utf8mb4 COLLATE=utf8mb4_unicode_ci;
/*!40101 SET character_set_client = @saved_cs_client */;

--
-- Dumping data for table `password_resets`
--

LOCK TABLES `password_resets` WRITE;
/*!40000 ALTER TABLE `password_resets` DISABLE KEYS */;
/*!40000 ALTER TABLE `password_resets` ENABLE KEYS */;
UNLOCK TABLES;

--
-- Table structure for table `records`
--

DROP TABLE IF EXISTS `records`;
/*!40101 SET @saved_cs_client     = @@character_set_client */;
/*!40101 SET character_set_client = utf8 */;
CREATE TABLE `records` (
  `id` int(10) unsigned NOT NULL AUTO_INCREMENT,
  `name` varchar(191) COLLATE utf8mb4_unicode_ci NOT NULL,
  `acronym` varchar(191) COLLATE utf8mb4_unicode_ci NOT NULL,
  `created_at` timestamp NULL DEFAULT NULL,
  `updated_at` timestamp NULL DEFAULT NULL,
  PRIMARY KEY (`id`)
) ENGINE=InnoDB AUTO_INCREMENT=10 DEFAULT CHARSET=utf8mb4 COLLATE=utf8mb4_unicode_ci;
/*!40101 SET character_set_client = @saved_cs_client */;

--
-- Dumping data for table `records`
--

LOCK TABLES `records` WRITE;
/*!40000 ALTER TABLE `records` DISABLE KEYS */;
INSERT INTO `records` VALUES (1,'National Record','NR','2017-12-26 14:00:48','2017-12-26 14:00:48'),(2,'National U23 Record','NUR','2017-12-26 14:00:48','2017-12-26 14:00:48'),(3,'National U20 Record','NJR','2017-12-26 14:00:48','2017-12-26 14:00:48'),(4,'National U18 Record','NYR','2017-12-26 14:00:48','2017-12-26 14:00:48'),(5,'Competition Record','CR','2017-12-26 14:00:48','2017-12-26 14:00:48'),(6,'Area Record','AR','2017-12-26 14:00:48','2017-12-26 14:00:48'),(7,'Personal Best','PB','2017-12-26 14:00:48','2017-12-26 14:00:48'),(8,'Season Best','SB','2017-12-26 14:00:48','2017-12-26 14:00:48'),(9,'National U16 Record','NU16R',NULL,NULL);
/*!40000 ALTER TABLE `records` ENABLE KEYS */;
UNLOCK TABLES;

--
-- Table structure for table `relay_athletes`
--

DROP TABLE IF EXISTS `relay_athletes`;
/*!40101 SET @saved_cs_client     = @@character_set_client */;
/*!40101 SET character_set_client = utf8 */;
CREATE TABLE `relay_athletes` (
  `id` int(10) unsigned NOT NULL AUTO_INCREMENT,
  `athlete_id` int(10) unsigned NOT NULL,
  `result_id` int(10) unsigned NOT NULL,
  `created_at` timestamp NULL DEFAULT NULL,
  `updated_at` timestamp NULL DEFAULT NULL,
  PRIMARY KEY (`id`),
  KEY `relay_athletes_athlete_id_foreign` (`athlete_id`),
  KEY `relay_athletes_result_id_foreign` (`result_id`),
  CONSTRAINT `relay_athletes_athlete_id_foreign` FOREIGN KEY (`athlete_id`) REFERENCES `athletes` (`id`),
  CONSTRAINT `relay_athletes_result_id_foreign` FOREIGN KEY (`result_id`) REFERENCES `results` (`id`)
) ENGINE=InnoDB DEFAULT CHARSET=utf8mb4 COLLATE=utf8mb4_unicode_ci;
/*!40101 SET character_set_client = @saved_cs_client */;

--
-- Dumping data for table `relay_athletes`
--

LOCK TABLES `relay_athletes` WRITE;
/*!40000 ALTER TABLE `relay_athletes` DISABLE KEYS */;
/*!40000 ALTER TABLE `relay_athletes` ENABLE KEYS */;
UNLOCK TABLES;

--
-- Table structure for table `result_record`
--

DROP TABLE IF EXISTS `result_record`;
/*!40101 SET @saved_cs_client     = @@character_set_client */;
/*!40101 SET character_set_client = utf8 */;
CREATE TABLE `result_record` (
  `id` int(10) unsigned NOT NULL AUTO_INCREMENT,
  `record_id` int(10) unsigned NOT NULL,
  `result_id` int(10) unsigned NOT NULL,
  `event_id` int(10) unsigned NOT NULL,
  `created_at` timestamp NULL DEFAULT NULL,
  `updated_at` timestamp NULL DEFAULT NULL,
  PRIMARY KEY (`id`),
  KEY `result_record_record_id_foreign` (`record_id`),
  KEY `result_record_result_id_foreign` (`result_id`),
  KEY `result_record_event_id_foreign` (`event_id`),
  CONSTRAINT `result_record_event_id_foreign` FOREIGN KEY (`event_id`) REFERENCES `events` (`id`),
  CONSTRAINT `result_record_record_id_foreign` FOREIGN KEY (`record_id`) REFERENCES `records` (`id`),
  CONSTRAINT `result_record_result_id_foreign` FOREIGN KEY (`result_id`) REFERENCES `results` (`id`)
) ENGINE=InnoDB AUTO_INCREMENT=5457 DEFAULT CHARSET=utf8mb4 COLLATE=utf8mb4_unicode_ci;
/*!40101 SET character_set_client = @saved_cs_client */;

--
-- Dumping data for table `result_record`
--

LOCK TABLES `result_record` WRITE;
/*!40000 ALTER TABLE `result_record` DISABLE KEYS */;
INSERT INTO `result_record` VALUES (3431,7,1,2,'2018-02-27 10:36:37','2018-02-27 10:36:37'),(3432,8,1,2,'2018-02-27 10:36:37','2018-02-27 10:36:37'),(3433,1,1,2,'2018-02-27 10:36:37','2018-02-27 10:36:37'),(3466,7,15,6,'2018-02-27 10:36:38','2018-02-27 10:36:38'),(3467,8,15,6,'2018-02-27 10:36:38','2018-02-27 10:36:38'),(3468,1,15,6,'2018-02-27 10:36:38','2018-02-27 10:36:38'),(3497,7,31,8,'2018-02-27 10:36:38','2018-02-27 10:36:38'),(3498,8,31,8,'2018-02-27 10:36:38','2018-02-27 10:36:38'),(3499,4,31,8,'2018-02-27 10:36:38','2018-02-27 10:36:38'),(3500,3,31,8,'2018-02-27 10:36:38','2018-02-27 10:36:38'),(3501,1,31,8,'2018-02-27 10:36:38','2018-02-27 10:36:38'),(3502,9,31,8,'2018-02-27 10:36:38','2018-02-27 10:36:38'),(3503,7,29,8,'2018-02-27 10:36:38','2018-02-27 10:36:38'),(3504,8,29,8,'2018-02-27 10:36:38','2018-02-27 10:36:38'),(3505,2,29,8,'2018-02-27 10:36:38','2018-02-27 10:36:38'),(3506,1,29,8,'2018-02-27 10:36:38','2018-02-27 10:36:38'),(3507,7,135,8,'2018-02-27 10:36:38','2018-02-27 10:36:38'),(3508,8,135,8,'2018-02-27 10:36:38','2018-02-27 10:36:38'),(3509,3,135,8,'2018-02-27 10:36:38','2018-02-27 10:36:38'),(3510,9,135,8,'2018-02-27 10:36:39','2018-02-27 10:36:39'),(3511,7,27,8,'2018-02-27 10:36:39','2018-02-27 10:36:39'),(3512,8,27,8,'2018-02-27 10:36:39','2018-02-27 10:36:39'),(3513,1,27,8,'2018-02-27 10:36:39','2018-02-27 10:36:39'),(3521,7,32,8,'2018-02-27 10:36:39','2018-02-27 10:36:39'),(3522,8,32,8,'2018-02-27 10:36:39','2018-02-27 10:36:39'),(3523,3,32,8,'2018-02-27 10:36:39','2018-02-27 10:36:39'),(3604,7,28,12,'2018-02-27 10:36:40','2018-02-27 10:36:40'),(3605,8,28,12,'2018-02-27 10:36:40','2018-02-27 10:36:40'),(3606,1,28,12,'2018-02-27 10:36:40','2018-02-27 10:36:40'),(3607,7,70,13,'2018-02-27 10:36:40','2018-02-27 10:36:40'),(3608,8,70,13,'2018-02-27 10:36:40','2018-02-27 10:36:40'),(3609,1,70,13,'2018-02-27 10:36:40','2018-02-27 10:36:40'),(3610,7,67,14,'2018-02-27 10:36:40','2018-02-27 10:36:40'),(3611,8,67,14,'2018-02-27 10:36:40','2018-02-27 10:36:40'),(3612,1,67,14,'2018-02-27 10:36:40','2018-02-27 10:36:40'),(3613,7,3,15,'2018-02-27 10:36:40','2018-02-27 10:36:40'),(3614,8,3,15,'2018-02-27 10:36:40','2018-02-27 10:36:40'),(3615,1,3,15,'2018-02-27 10:36:40','2018-02-27 10:36:40'),(3619,7,216,19,'2018-02-27 10:36:40','2018-02-27 10:36:40'),(3620,8,216,19,'2018-02-27 10:36:40','2018-02-27 10:36:40'),(3621,1,216,19,'2018-02-27 10:36:40','2018-02-27 10:36:40'),(3622,1,217,19,'2018-02-27 10:36:40','2018-02-27 10:36:40'),(3714,7,205,30,'2018-02-27 10:36:42','2018-02-27 10:36:42'),(3715,8,205,30,'2018-02-27 10:36:42','2018-02-27 10:36:42'),(3716,2,205,30,'2018-02-27 10:36:42','2018-02-27 10:36:42'),(3717,1,205,30,'2018-02-27 10:36:42','2018-02-27 10:36:42'),(3718,7,20,30,'2018-02-27 10:36:42','2018-02-27 10:36:42'),(3719,8,20,30,'2018-02-27 10:36:42','2018-02-27 10:36:42'),(3720,1,20,30,'2018-02-27 10:36:42','2018-02-27 10:36:42'),(3731,7,207,32,'2018-02-27 10:36:42','2018-02-27 10:36:42'),(3732,8,207,32,'2018-02-27 10:36:42','2018-02-27 10:36:42'),(3733,3,207,32,'2018-02-27 10:36:42','2018-02-27 10:36:42'),(3734,1,207,32,'2018-02-27 10:36:42','2018-02-27 10:36:42'),(3735,7,206,33,'2018-02-27 10:36:42','2018-02-27 10:36:42'),(3736,8,206,33,'2018-02-27 10:36:42','2018-02-27 10:36:42'),(3737,2,206,33,'2018-02-27 10:36:42','2018-02-27 10:36:42'),(3738,1,206,33,'2018-02-27 10:36:42','2018-02-27 10:36:42'),(3739,7,23,34,'2018-02-27 10:36:42','2018-02-27 10:36:42'),(3740,8,23,34,'2018-02-27 10:36:42','2018-02-27 10:36:42'),(3741,1,23,34,'2018-02-27 10:36:42','2018-02-27 10:36:42'),(3742,7,17,37,'2018-02-27 10:36:42','2018-02-27 10:36:42'),(3743,8,17,37,'2018-02-27 10:36:42','2018-02-27 10:36:42'),(3744,1,17,37,'2018-02-27 10:36:42','2018-02-27 10:36:42'),(3811,7,68,47,'2018-02-27 10:36:43','2018-02-27 10:36:43'),(3812,8,68,47,'2018-02-27 10:36:43','2018-02-27 10:36:43'),(3813,1,68,47,'2018-02-27 10:36:44','2018-02-27 10:36:44'),(3830,7,69,48,'2018-02-27 10:36:44','2018-02-27 10:36:44'),(3831,8,69,48,'2018-02-27 10:36:44','2018-02-27 10:36:44'),(3832,1,69,48,'2018-02-27 10:36:44','2018-02-27 10:36:44'),(3920,7,6,64,'2018-02-27 10:36:45','2018-02-27 10:36:45'),(3921,8,6,64,'2018-02-27 10:36:45','2018-02-27 10:36:45'),(3922,3,6,64,'2018-02-27 10:36:45','2018-02-27 10:36:45'),(3923,1,6,64,'2018-02-27 10:36:45','2018-02-27 10:36:45'),(3992,7,52,74,'2018-02-27 10:36:46','2018-02-27 10:36:46'),(3993,8,52,74,'2018-02-27 10:36:46','2018-02-27 10:36:46'),(3994,2,52,74,'2018-02-27 10:36:46','2018-02-27 10:36:46'),(3995,7,58,74,'2018-02-27 10:36:46','2018-02-27 10:36:46'),(3996,8,58,74,'2018-02-27 10:36:46','2018-02-27 10:36:46'),(3997,7,64,74,'2018-02-27 10:36:46','2018-02-27 10:36:46'),(3998,8,64,74,'2018-02-27 10:36:46','2018-02-27 10:36:46'),(3999,1,64,74,'2018-02-27 10:36:46','2018-02-27 10:36:46'),(4000,7,65,74,'2018-02-27 10:36:46','2018-02-27 10:36:46'),(4001,8,65,74,'2018-02-27 10:36:46','2018-02-27 10:36:46'),(4002,7,71,74,'2018-02-27 10:36:46','2018-02-27 10:36:46'),(4003,8,71,74,'2018-02-27 10:36:46','2018-02-27 10:36:46'),(4004,1,71,74,'2018-02-27 10:36:46','2018-02-27 10:36:46'),(4005,7,72,74,'2018-02-27 10:36:46','2018-02-27 10:36:46'),(4006,8,72,74,'2018-02-27 10:36:46','2018-02-27 10:36:46'),(4007,7,74,74,'2018-02-27 10:36:46','2018-02-27 10:36:46'),(4008,8,74,74,'2018-02-27 10:36:46','2018-02-27 10:36:46'),(4009,7,76,74,'2018-02-27 10:36:46','2018-02-27 10:36:46'),(4010,8,76,74,'2018-02-27 10:36:46','2018-02-27 10:36:46'),(4011,3,76,74,'2018-02-27 10:36:46','2018-02-27 10:36:46'),(4012,7,77,74,'2018-02-27 10:36:46','2018-02-27 10:36:46'),(4013,8,77,74,'2018-02-27 10:36:46','2018-02-27 10:36:46'),(4014,7,78,74,'2018-02-27 10:36:46','2018-02-27 10:36:46'),(4015,8,78,74,'2018-02-27 10:36:46','2018-02-27 10:36:46'),(4016,7,115,74,'2018-02-27 10:36:46','2018-02-27 10:36:46'),(4017,8,115,74,'2018-02-27 10:36:46','2018-02-27 10:36:46'),(4018,2,115,74,'2018-02-27 10:36:46','2018-02-27 10:36:46'),(4019,7,167,74,'2018-02-27 10:36:46','2018-02-27 10:36:46'),(4020,8,167,74,'2018-02-27 10:36:46','2018-02-27 10:36:46'),(4078,7,30,78,'2018-02-27 10:36:47','2018-02-27 10:36:47'),(4079,8,30,78,'2018-02-27 10:36:47','2018-02-27 10:36:47'),(4080,3,30,78,'2018-02-27 10:36:47','2018-02-27 10:36:47'),(4081,1,30,78,'2018-02-27 10:36:47','2018-02-27 10:36:47'),(4082,7,30,8,'2018-02-27 10:36:47','2018-02-27 10:36:47'),(4083,8,30,8,'2018-02-27 10:36:47','2018-02-27 10:36:47'),(4084,3,30,8,'2018-02-27 10:36:47','2018-02-27 10:36:47'),(4085,7,9,78,'2018-02-27 10:36:47','2018-02-27 10:36:47'),(4086,8,9,78,'2018-02-27 10:36:47','2018-02-27 10:36:47'),(4087,2,9,78,'2018-02-27 10:36:47','2018-02-27 10:36:47'),(4088,1,9,78,'2018-02-27 10:36:47','2018-02-27 10:36:47'),(4089,7,9,8,'2018-02-27 10:36:47','2018-02-27 10:36:47'),(4090,8,9,8,'2018-02-27 10:36:47','2018-02-27 10:36:47'),(4091,7,33,78,'2018-02-27 10:36:47','2018-02-27 10:36:47'),(4092,8,33,78,'2018-02-27 10:36:47','2018-02-27 10:36:47'),(4093,7,33,8,'2018-02-27 10:36:47','2018-02-27 10:36:47'),(4094,8,33,8,'2018-02-27 10:36:47','2018-02-27 10:36:47'),(4095,7,108,78,'2018-02-27 10:36:47','2018-02-27 10:36:47'),(4096,8,108,78,'2018-02-27 10:36:47','2018-02-27 10:36:47'),(4097,1,108,78,'2018-02-27 10:36:47','2018-02-27 10:36:47'),(4098,7,108,8,'2018-02-27 10:36:47','2018-02-27 10:36:47'),(4099,8,108,8,'2018-02-27 10:36:47','2018-02-27 10:36:47'),(4100,7,109,78,'2018-02-27 10:36:47','2018-02-27 10:36:47'),(4101,8,109,78,'2018-02-27 10:36:47','2018-02-27 10:36:47'),(4102,7,109,8,'2018-02-27 10:36:48','2018-02-27 10:36:48'),(4103,8,109,8,'2018-02-27 10:36:48','2018-02-27 10:36:48'),(4104,7,114,8,'2018-02-27 10:36:48','2018-02-27 10:36:48'),(4105,8,114,8,'2018-02-27 10:36:48','2018-02-27 10:36:48'),(4106,8,174,8,'2018-02-27 10:36:48','2018-02-27 10:36:48'),(4107,7,155,8,'2018-02-27 10:36:48','2018-02-27 10:36:48'),(4108,8,155,8,'2018-02-27 10:36:48','2018-02-27 10:36:48'),(4109,7,156,78,'2018-02-27 10:36:48','2018-02-27 10:36:48'),(4110,8,156,78,'2018-02-27 10:36:48','2018-02-27 10:36:48'),(4111,7,156,8,'2018-02-27 10:36:48','2018-02-27 10:36:48'),(4112,8,156,8,'2018-02-27 10:36:48','2018-02-27 10:36:48'),(4113,8,190,8,'2018-02-27 10:36:48','2018-02-27 10:36:48'),(4114,7,197,78,'2018-02-27 10:36:48','2018-02-27 10:36:48'),(4115,8,197,78,'2018-02-27 10:36:48','2018-02-27 10:36:48'),(4116,7,197,8,'2018-02-27 10:36:48','2018-02-27 10:36:48'),(4117,8,197,8,'2018-02-27 10:36:48','2018-02-27 10:36:48'),(4118,7,199,8,'2018-02-27 10:36:48','2018-02-27 10:36:48'),(4119,8,199,8,'2018-02-27 10:36:48','2018-02-27 10:36:48'),(4169,7,11,82,'2018-02-27 10:36:49','2018-02-27 10:36:49'),(4170,8,11,82,'2018-02-27 10:36:49','2018-02-27 10:36:49'),(4171,1,11,82,'2018-02-27 10:36:49','2018-02-27 10:36:49'),(4172,8,110,82,'2018-02-27 10:36:49','2018-02-27 10:36:49'),(4173,8,116,82,'2018-02-27 10:36:49','2018-02-27 10:36:49'),(4174,7,163,82,'2018-02-27 10:36:49','2018-02-27 10:36:49'),(4175,8,163,82,'2018-02-27 10:36:49','2018-02-27 10:36:49'),(4176,1,163,82,'2018-02-27 10:36:49','2018-02-27 10:36:49'),(4177,7,171,82,'2018-02-27 10:36:49','2018-02-27 10:36:49'),(4178,8,171,82,'2018-02-27 10:36:49','2018-02-27 10:36:49'),(4179,3,171,82,'2018-02-27 10:36:49','2018-02-27 10:36:49'),(4278,7,211,89,'2018-02-27 10:36:51','2018-02-27 10:36:51'),(4279,8,211,89,'2018-02-27 10:36:51','2018-02-27 10:36:51'),(4280,3,211,89,'2018-02-27 10:36:51','2018-02-27 10:36:51'),(4281,1,211,89,'2018-02-27 10:36:51','2018-02-27 10:36:51'),(4282,7,211,29,'2018-02-27 10:36:51','2018-02-27 10:36:51'),(4283,8,211,29,'2018-02-27 10:36:51','2018-02-27 10:36:51'),(4284,3,211,29,'2018-02-27 10:36:51','2018-02-27 10:36:51'),(4285,1,211,29,'2018-02-27 10:36:51','2018-02-27 10:36:51'),(4286,7,201,89,'2018-02-27 10:36:51','2018-02-27 10:36:51'),(4287,8,201,89,'2018-02-27 10:36:51','2018-02-27 10:36:51'),(4288,2,201,89,'2018-02-27 10:36:51','2018-02-27 10:36:51'),(4289,1,201,89,'2018-02-27 10:36:51','2018-02-27 10:36:51'),(4290,7,201,29,'2018-02-27 10:36:51','2018-02-27 10:36:51'),(4291,8,201,29,'2018-02-27 10:36:51','2018-02-27 10:36:51'),(4292,2,201,29,'2018-02-27 10:36:51','2018-02-27 10:36:51'),(4293,1,201,29,'2018-02-27 10:36:51','2018-02-27 10:36:51'),(4319,7,56,92,'2018-02-27 10:36:51','2018-02-27 10:36:51'),(4320,8,56,92,'2018-02-27 10:36:52','2018-02-27 10:36:52'),(4321,3,56,92,'2018-02-27 10:36:52','2018-02-27 10:36:52'),(4322,1,56,92,'2018-02-27 10:36:52','2018-02-27 10:36:52'),(4323,7,97,92,'2018-02-27 10:36:52','2018-02-27 10:36:52'),(4324,8,97,92,'2018-02-27 10:36:52','2018-02-27 10:36:52'),(4325,7,99,92,'2018-02-27 10:36:52','2018-02-27 10:36:52'),(4326,8,99,92,'2018-02-27 10:36:52','2018-02-27 10:36:52'),(4327,7,178,92,'2018-02-27 10:36:52','2018-02-27 10:36:52'),(4328,8,178,92,'2018-02-27 10:36:52','2018-02-27 10:36:52'),(4399,7,86,96,'2018-02-27 10:36:53','2018-02-27 10:36:53'),(4400,8,86,96,'2018-02-27 10:36:53','2018-02-27 10:36:53'),(4401,2,86,96,'2018-02-27 10:36:53','2018-02-27 10:36:53'),(4402,1,86,96,'2018-02-27 10:36:53','2018-02-27 10:36:53'),(4403,7,86,47,'2018-02-27 10:36:53','2018-02-27 10:36:53'),(4404,8,86,47,'2018-02-27 10:36:53','2018-02-27 10:36:53'),(4405,2,86,47,'2018-02-27 10:36:53','2018-02-27 10:36:53'),(4406,7,118,47,'2018-02-27 10:36:53','2018-02-27 10:36:53'),(4407,8,118,47,'2018-02-27 10:36:53','2018-02-27 10:36:53'),(4408,7,152,96,'2018-02-27 10:36:53','2018-02-27 10:36:53'),(4409,8,152,96,'2018-02-27 10:36:53','2018-02-27 10:36:53'),(4410,2,152,96,'2018-02-27 10:36:53','2018-02-27 10:36:53'),(4411,1,152,96,'2018-02-27 10:36:53','2018-02-27 10:36:53'),(4412,7,152,47,'2018-02-27 10:36:53','2018-02-27 10:36:53'),(4413,8,152,47,'2018-02-27 10:36:53','2018-02-27 10:36:53'),(4414,2,152,47,'2018-02-27 10:36:53','2018-02-27 10:36:53'),(4434,7,177,98,'2018-02-27 10:36:54','2018-02-27 10:36:54'),(4435,8,177,98,'2018-02-27 10:36:54','2018-02-27 10:36:54'),(4436,3,177,98,'2018-02-27 10:36:54','2018-02-27 10:36:54'),(4437,1,177,98,'2018-02-27 10:36:54','2018-02-27 10:36:54'),(4480,7,26,101,'2018-02-27 10:36:55','2018-02-27 10:36:55'),(4481,8,26,101,'2018-02-27 10:36:55','2018-02-27 10:36:55'),(4482,3,26,101,'2018-02-27 10:36:55','2018-02-27 10:36:55'),(4483,1,26,101,'2018-02-27 10:36:55','2018-02-27 10:36:55'),(4484,7,26,64,'2018-02-27 10:36:55','2018-02-27 10:36:55'),(4485,8,26,64,'2018-02-27 10:36:55','2018-02-27 10:36:55'),(4486,3,26,64,'2018-02-27 10:36:55','2018-02-27 10:36:55'),(4487,1,26,64,'2018-02-27 10:36:55','2018-02-27 10:36:55'),(4488,7,42,101,'2018-02-27 10:36:55','2018-02-27 10:36:55'),(4489,8,42,101,'2018-02-27 10:36:55','2018-02-27 10:36:55'),(4490,7,42,64,'2018-02-27 10:36:55','2018-02-27 10:36:55'),(4491,8,42,64,'2018-02-27 10:36:55','2018-02-27 10:36:55'),(4492,7,55,101,'2018-02-27 10:36:55','2018-02-27 10:36:55'),(4493,8,55,101,'2018-02-27 10:36:55','2018-02-27 10:36:55'),(4494,7,55,64,'2018-02-27 10:36:55','2018-02-27 10:36:55'),(4495,8,55,64,'2018-02-27 10:36:55','2018-02-27 10:36:55'),(4496,7,59,101,'2018-02-27 10:36:55','2018-02-27 10:36:55'),(4497,8,59,101,'2018-02-27 10:36:55','2018-02-27 10:36:55'),(4498,7,59,64,'2018-02-27 10:36:55','2018-02-27 10:36:55'),(4499,8,59,64,'2018-02-27 10:36:55','2018-02-27 10:36:55'),(4500,7,60,101,'2018-02-27 10:36:55','2018-02-27 10:36:55'),(4501,8,60,101,'2018-02-27 10:36:55','2018-02-27 10:36:55'),(4502,7,60,64,'2018-02-27 10:36:55','2018-02-27 10:36:55'),(4503,8,60,64,'2018-02-27 10:36:55','2018-02-27 10:36:55'),(4504,7,100,101,'2018-02-27 10:36:55','2018-02-27 10:36:55'),(4505,8,100,101,'2018-02-27 10:36:55','2018-02-27 10:36:55'),(4506,7,100,64,'2018-02-27 10:36:55','2018-02-27 10:36:55'),(4507,8,100,64,'2018-02-27 10:36:55','2018-02-27 10:36:55'),(4508,7,101,101,'2018-02-27 10:36:55','2018-02-27 10:36:55'),(4509,8,101,101,'2018-02-27 10:36:55','2018-02-27 10:36:55'),(4510,7,101,64,'2018-02-27 10:36:55','2018-02-27 10:36:55'),(4511,8,101,64,'2018-02-27 10:36:55','2018-02-27 10:36:55'),(4512,7,102,64,'2018-02-27 10:36:55','2018-02-27 10:36:55'),(4513,8,102,64,'2018-02-27 10:36:55','2018-02-27 10:36:55'),(4514,7,126,101,'2018-02-27 10:36:55','2018-02-27 10:36:55'),(4515,8,126,101,'2018-02-27 10:36:55','2018-02-27 10:36:55'),(4516,7,126,64,'2018-02-27 10:36:55','2018-02-27 10:36:55'),(4517,8,126,64,'2018-02-27 10:36:55','2018-02-27 10:36:55'),(4518,7,127,64,'2018-02-27 10:36:55','2018-02-27 10:36:55'),(4519,8,127,64,'2018-02-27 10:36:55','2018-02-27 10:36:55'),(4520,7,144,101,'2018-02-27 10:36:55','2018-02-27 10:36:55'),(4521,8,144,101,'2018-02-27 10:36:55','2018-02-27 10:36:55'),(4522,7,144,64,'2018-02-27 10:36:55','2018-02-27 10:36:55'),(4523,8,144,64,'2018-02-27 10:36:55','2018-02-27 10:36:55'),(4524,7,145,64,'2018-02-27 10:36:55','2018-02-27 10:36:55'),(4525,8,145,64,'2018-02-27 10:36:55','2018-02-27 10:36:55'),(4526,7,176,64,'2018-02-27 10:36:55','2018-02-27 10:36:55'),(4527,8,176,64,'2018-02-27 10:36:55','2018-02-27 10:36:55'),(4528,7,196,64,'2018-02-27 10:36:55','2018-02-27 10:36:55'),(4529,8,196,64,'2018-02-27 10:36:55','2018-02-27 10:36:55'),(4530,7,46,102,'2018-02-27 10:36:55','2018-02-27 10:36:55'),(4531,8,46,102,'2018-02-27 10:36:55','2018-02-27 10:36:55'),(4532,2,46,102,'2018-02-27 10:36:55','2018-02-27 10:36:55'),(4533,1,46,102,'2018-02-27 10:36:55','2018-02-27 10:36:55'),(4534,7,46,65,'2018-02-27 10:36:55','2018-02-27 10:36:55'),(4535,8,46,65,'2018-02-27 10:36:55','2018-02-27 10:36:55'),(4536,2,46,65,'2018-02-27 10:36:55','2018-02-27 10:36:55'),(4537,1,46,65,'2018-02-27 10:36:55','2018-02-27 10:36:55'),(4556,7,183,104,'2018-02-27 10:36:56','2018-02-27 10:36:56'),(4557,8,183,104,'2018-02-27 10:36:56','2018-02-27 10:36:56'),(4558,1,183,104,'2018-02-27 10:36:56','2018-02-27 10:36:56'),(4574,7,45,81,'2018-02-27 10:36:56','2018-02-27 10:36:56'),(4575,8,45,81,'2018-02-27 10:36:56','2018-02-27 10:36:56'),(4576,3,45,81,'2018-02-27 10:36:56','2018-02-27 10:36:56'),(4577,1,45,81,'2018-02-27 10:36:56','2018-02-27 10:36:56'),(4578,7,158,81,'2018-02-27 10:36:56','2018-02-27 10:36:56'),(4579,8,158,81,'2018-02-27 10:36:56','2018-02-27 10:36:56'),(4580,7,159,81,'2018-02-27 10:36:56','2018-02-27 10:36:56'),(4581,8,159,81,'2018-02-27 10:36:56','2018-02-27 10:36:56'),(4582,1,159,81,'2018-02-27 10:36:56','2018-02-27 10:36:56'),(4583,7,192,81,'2018-02-27 10:36:56','2018-02-27 10:36:56'),(4584,8,192,81,'2018-02-27 10:36:56','2018-02-27 10:36:56'),(4585,1,192,81,'2018-02-27 10:36:56','2018-02-27 10:36:56'),(4586,7,215,81,'2018-02-27 10:36:56','2018-02-27 10:36:56'),(4587,8,215,81,'2018-02-27 10:36:56','2018-02-27 10:36:56'),(4588,1,215,81,'2018-02-27 10:36:56','2018-02-27 10:36:56'),(4615,7,57,90,'2018-02-27 10:36:57','2018-02-27 10:36:57'),(4616,8,57,90,'2018-02-27 10:36:57','2018-02-27 10:36:57'),(4617,1,57,90,'2018-02-27 10:36:57','2018-02-27 10:36:57'),(4618,8,57,30,'2018-02-27 10:36:57','2018-02-27 10:36:57'),(4619,8,195,90,'2018-02-27 10:36:57','2018-02-27 10:36:57'),(4620,8,195,30,'2018-02-27 10:36:57','2018-02-27 10:36:57'),(4621,7,200,90,'2018-02-27 10:36:57','2018-02-27 10:36:57'),(4622,8,200,90,'2018-02-27 10:36:57','2018-02-27 10:36:57'),(4623,1,200,90,'2018-02-27 10:36:57','2018-02-27 10:36:57'),(4624,8,200,30,'2018-02-27 10:36:57','2018-02-27 10:36:57'),(4625,7,22,114,'2018-02-27 10:36:57','2018-02-27 10:36:57'),(4626,8,22,114,'2018-02-27 10:36:57','2018-02-27 10:36:57'),(4627,1,22,114,'2018-02-27 10:36:57','2018-02-27 10:36:57'),(4628,7,202,91,'2018-02-27 10:36:57','2018-02-27 10:36:57'),(4629,8,202,91,'2018-02-27 10:36:57','2018-02-27 10:36:57'),(4630,2,202,91,'2018-02-27 10:36:57','2018-02-27 10:36:57'),(4631,1,202,91,'2018-02-27 10:36:57','2018-02-27 10:36:57'),(4632,7,202,114,'2018-02-27 10:36:57','2018-02-27 10:36:57'),(4633,8,202,114,'2018-02-27 10:36:57','2018-02-27 10:36:57'),(4634,2,202,114,'2018-02-27 10:36:57','2018-02-27 10:36:57'),(4635,7,161,91,'2018-02-27 10:36:57','2018-02-27 10:36:57'),(4636,8,161,91,'2018-02-27 10:36:57','2018-02-27 10:36:57'),(4637,7,161,114,'2018-02-27 10:36:57','2018-02-27 10:36:57'),(4638,8,161,114,'2018-02-27 10:36:57','2018-02-27 10:36:57'),(4639,7,162,91,'2018-02-27 10:36:57','2018-02-27 10:36:57'),(4640,8,162,91,'2018-02-27 10:36:57','2018-02-27 10:36:57'),(4641,7,162,114,'2018-02-27 10:36:57','2018-02-27 10:36:57'),(4642,8,162,114,'2018-02-27 10:36:57','2018-02-27 10:36:57'),(4643,7,51,116,'2018-02-27 10:36:57','2018-02-27 10:36:57'),(4644,8,51,116,'2018-02-27 10:36:57','2018-02-27 10:36:57'),(4645,3,51,116,'2018-02-27 10:36:57','2018-02-27 10:36:57'),(4646,1,51,116,'2018-02-27 10:36:57','2018-02-27 10:36:57'),(4647,7,119,117,'2018-02-27 10:36:57','2018-02-27 10:36:57'),(4648,8,119,117,'2018-02-27 10:36:57','2018-02-27 10:36:57'),(4649,3,119,117,'2018-02-27 10:36:57','2018-02-27 10:36:57'),(4650,1,119,117,'2018-02-27 10:36:57','2018-02-27 10:36:57'),(4651,7,119,50,'2018-02-27 10:36:57','2018-02-27 10:36:57'),(4652,8,119,50,'2018-02-27 10:36:57','2018-02-27 10:36:57'),(4653,3,119,50,'2018-02-27 10:36:57','2018-02-27 10:36:57'),(4654,1,119,50,'2018-02-27 10:36:57','2018-02-27 10:36:57'),(4655,7,148,117,'2018-02-27 10:36:57','2018-02-27 10:36:57'),(4656,8,148,117,'2018-02-27 10:36:57','2018-02-27 10:36:57'),(4657,3,148,117,'2018-02-27 10:36:58','2018-02-27 10:36:58'),(4658,1,148,117,'2018-02-27 10:36:58','2018-02-27 10:36:58'),(4659,7,148,50,'2018-02-27 10:36:58','2018-02-27 10:36:58'),(4660,8,148,50,'2018-02-27 10:36:58','2018-02-27 10:36:58'),(4661,3,148,50,'2018-02-27 10:36:58','2018-02-27 10:36:58'),(4662,1,148,50,'2018-02-27 10:36:58','2018-02-27 10:36:58'),(4663,7,173,118,'2018-02-27 10:36:58','2018-02-27 10:36:58'),(4664,8,173,118,'2018-02-27 10:36:58','2018-02-27 10:36:58'),(4665,3,173,118,'2018-02-27 10:36:58','2018-02-27 10:36:58'),(4666,1,173,118,'2018-02-27 10:36:58','2018-02-27 10:36:58'),(4667,7,173,9,'2018-02-27 10:36:58','2018-02-27 10:36:58'),(4668,8,173,9,'2018-02-27 10:36:58','2018-02-27 10:36:58'),(4669,3,173,9,'2018-02-27 10:36:58','2018-02-27 10:36:58'),(4670,1,173,9,'2018-02-27 10:36:58','2018-02-27 10:36:58'),(4671,7,187,119,'2018-02-27 10:36:58','2018-02-27 10:36:58'),(4672,8,187,119,'2018-02-27 10:36:58','2018-02-27 10:36:58'),(4673,1,187,119,'2018-02-27 10:36:58','2018-02-27 10:36:58'),(4674,7,37,84,'2018-02-27 10:37:57','2018-02-27 10:37:57'),(4675,8,37,84,'2018-02-27 10:37:57','2018-02-27 10:37:57'),(4676,3,37,84,'2018-02-27 10:37:57','2018-02-27 10:37:57'),(4677,1,37,84,'2018-02-27 10:37:57','2018-02-27 10:37:57'),(4678,9,37,84,'2018-02-27 10:37:57','2018-02-27 10:37:57'),(4679,7,24,84,'2018-02-27 10:37:57','2018-02-27 10:37:57'),(4680,8,24,84,'2018-02-27 10:37:57','2018-02-27 10:37:57'),(4681,1,24,84,'2018-02-27 10:37:57','2018-02-27 10:37:57'),(4682,7,25,84,'2018-02-27 10:37:57','2018-02-27 10:37:57'),(4683,8,25,84,'2018-02-27 10:37:57','2018-02-27 10:37:57'),(4684,1,25,84,'2018-02-27 10:37:57','2018-02-27 10:37:57'),(4685,7,34,84,'2018-02-27 10:37:57','2018-02-27 10:37:57'),(4686,8,34,84,'2018-02-27 10:37:57','2018-02-27 10:37:57'),(4687,3,34,84,'2018-02-27 10:37:57','2018-02-27 10:37:57'),(4688,7,35,84,'2018-02-27 10:37:57','2018-02-27 10:37:57'),(4689,8,35,84,'2018-02-27 10:37:57','2018-02-27 10:37:57'),(4690,2,35,84,'2018-02-27 10:37:57','2018-02-27 10:37:57'),(4691,7,38,84,'2018-02-27 10:37:57','2018-02-27 10:37:57'),(4692,8,38,84,'2018-02-27 10:37:57','2018-02-27 10:37:57'),(4693,7,94,84,'2018-02-27 10:37:57','2018-02-27 10:37:57'),(4694,8,94,84,'2018-02-27 10:37:57','2018-02-27 10:37:57'),(4695,7,95,84,'2018-02-27 10:37:57','2018-02-27 10:37:57'),(4696,8,95,84,'2018-02-27 10:37:57','2018-02-27 10:37:57'),(4697,7,121,84,'2018-02-27 10:37:58','2018-02-27 10:37:58'),(4698,8,121,84,'2018-02-27 10:37:58','2018-02-27 10:37:58'),(4699,7,122,84,'2018-02-27 10:37:58','2018-02-27 10:37:58'),(4700,8,122,84,'2018-02-27 10:37:58','2018-02-27 10:37:58'),(4701,7,138,84,'2018-02-27 10:37:58','2018-02-27 10:37:58'),(4702,8,138,84,'2018-02-27 10:37:58','2018-02-27 10:37:58'),(4703,7,139,84,'2018-02-27 10:37:58','2018-02-27 10:37:58'),(4704,8,139,84,'2018-02-27 10:37:58','2018-02-27 10:37:58'),(4705,7,142,84,'2018-02-27 10:37:58','2018-02-27 10:37:58'),(4706,8,142,84,'2018-02-27 10:37:58','2018-02-27 10:37:58'),(4707,7,151,84,'2018-02-27 10:37:58','2018-02-27 10:37:58'),(4708,8,151,84,'2018-02-27 10:37:58','2018-02-27 10:37:58'),(4709,7,218,44,'2018-02-27 11:16:41','2018-02-27 11:16:41'),(4710,8,218,44,'2018-02-27 11:16:41','2018-02-27 11:16:41'),(4711,2,218,44,'2018-02-27 11:16:42','2018-02-27 11:16:42'),(4712,1,218,44,'2018-02-27 11:16:42','2018-02-27 11:16:42'),(4728,7,219,44,'2018-02-27 11:16:42','2018-02-27 11:16:42'),(4729,8,219,44,'2018-02-27 11:16:42','2018-02-27 11:16:42'),(4730,1,219,44,'2018-02-27 11:16:42','2018-02-27 11:16:42'),(4746,7,221,10,'2018-02-28 10:46:11','2018-02-28 10:46:11'),(4747,8,221,10,'2018-02-28 10:46:11','2018-02-28 10:46:11'),(4748,1,221,10,'2018-02-28 10:46:12','2018-02-28 10:46:12'),(4749,7,184,79,'2018-02-28 10:46:12','2018-02-28 10:46:12'),(4750,8,184,79,'2018-02-28 10:46:12','2018-02-28 10:46:12'),(4751,2,184,79,'2018-02-28 10:46:12','2018-02-28 10:46:12'),(4752,1,184,79,'2018-02-28 10:46:12','2018-02-28 10:46:12'),(4753,7,184,10,'2018-02-28 10:46:12','2018-02-28 10:46:12'),(4754,8,184,10,'2018-02-28 10:46:12','2018-02-28 10:46:12'),(4755,2,184,10,'2018-02-28 10:46:12','2018-02-28 10:46:12'),(4792,7,223,2,'2018-03-01 13:01:58','2018-03-01 13:01:58'),(4793,8,223,2,'2018-03-01 13:01:58','2018-03-01 13:01:58'),(4794,3,223,2,'2018-03-01 13:01:58','2018-03-01 13:01:58'),(4795,7,188,75,'2018-03-01 13:01:58','2018-03-01 13:01:58'),(4796,8,188,75,'2018-03-01 13:01:58','2018-03-01 13:01:58'),(4797,1,188,75,'2018-03-01 13:01:58','2018-03-01 13:01:58'),(4798,7,188,2,'2018-03-01 13:01:58','2018-03-01 13:01:58'),(4799,8,188,2,'2018-03-01 13:01:58','2018-03-01 13:01:58'),(4800,7,225,59,'2018-03-01 13:09:56','2018-03-01 13:09:56'),(4801,8,225,59,'2018-03-01 13:09:56','2018-03-01 13:09:56'),(4802,3,225,59,'2018-03-01 13:09:56','2018-03-01 13:09:56'),(4803,1,225,59,'2018-03-01 13:09:56','2018-03-01 13:09:56'),(4824,7,229,7,'2018-03-01 16:57:48','2018-03-01 16:57:48'),(4825,8,229,7,'2018-03-01 16:57:48','2018-03-01 16:57:48'),(4826,1,229,7,'2018-03-01 16:57:48','2018-03-01 16:57:48'),(4827,7,230,7,'2018-03-01 16:57:48','2018-03-01 16:57:48'),(4828,8,230,7,'2018-03-01 16:57:48','2018-03-01 16:57:48'),(4829,3,230,7,'2018-03-01 16:57:48','2018-03-01 16:57:48'),(4830,9,230,7,'2018-03-01 16:57:48','2018-03-01 16:57:48'),(4837,7,232,121,'2018-03-01 16:58:05','2018-03-01 16:58:05'),(4838,8,232,121,'2018-03-01 16:58:05','2018-03-01 16:58:05'),(4839,3,232,121,'2018-03-01 16:58:05','2018-03-01 16:58:05'),(4840,1,232,121,'2018-03-01 16:58:05','2018-03-01 16:58:05'),(4841,9,232,121,'2018-03-01 16:58:05','2018-03-01 16:58:05'),(4868,7,235,51,'2018-03-01 21:57:17','2018-03-01 21:57:17'),(4869,8,235,51,'2018-03-01 21:57:17','2018-03-01 21:57:17'),(4870,1,235,51,'2018-03-01 21:57:17','2018-03-01 21:57:17'),(4871,7,236,51,'2018-03-01 21:57:17','2018-03-01 21:57:17'),(4872,8,236,51,'2018-03-01 21:57:17','2018-03-01 21:57:17'),(4873,3,236,51,'2018-03-01 21:57:17','2018-03-01 21:57:17'),(4874,7,213,51,'2018-03-01 21:57:17','2018-03-01 21:57:17'),(4875,8,213,51,'2018-03-01 21:57:17','2018-03-01 21:57:17'),(4876,2,213,51,'2018-03-01 21:57:17','2018-03-01 21:57:17'),(4877,7,19,51,'2018-03-01 21:57:17','2018-03-01 21:57:17'),(4878,8,19,51,'2018-03-01 21:57:17','2018-03-01 21:57:17'),(4879,1,19,51,'2018-03-01 21:57:17','2018-03-01 21:57:17'),(4880,7,227,51,'2018-03-01 21:57:17','2018-03-01 21:57:17'),(4881,8,227,51,'2018-03-01 21:57:17','2018-03-01 21:57:17'),(4882,4,227,51,'2018-03-01 21:57:17','2018-03-01 21:57:17'),(4883,9,227,51,'2018-03-01 21:57:17','2018-03-01 21:57:17'),(4896,7,240,2,'2018-03-02 11:41:57','2018-03-02 11:41:57'),(4897,8,240,2,'2018-03-02 11:41:57','2018-03-02 11:41:57'),(4898,7,241,44,'2018-03-02 11:41:58','2018-03-02 11:41:58'),(4899,8,241,44,'2018-03-02 11:41:58','2018-03-02 11:41:58'),(4900,7,85,93,'2018-03-02 11:41:58','2018-03-02 11:41:58'),(4901,8,85,93,'2018-03-02 11:41:58','2018-03-02 11:41:58'),(4902,2,85,93,'2018-03-02 11:41:58','2018-03-02 11:41:58'),(4903,1,85,93,'2018-03-02 11:41:58','2018-03-02 11:41:58'),(4904,7,85,44,'2018-03-02 11:41:58','2018-03-02 11:41:58'),(4905,8,85,44,'2018-03-02 11:41:58','2018-03-02 11:41:58'),(4906,7,168,93,'2018-03-02 11:41:58','2018-03-02 11:41:58'),(4907,8,168,93,'2018-03-02 11:41:58','2018-03-02 11:41:58'),(4908,3,168,93,'2018-03-02 11:41:58','2018-03-02 11:41:58'),(4909,7,168,44,'2018-03-02 11:41:58','2018-03-02 11:41:58'),(4910,8,168,44,'2018-03-02 11:41:58','2018-03-02 11:41:58'),(4911,3,168,44,'2018-03-02 11:41:58','2018-03-02 11:41:58'),(4912,7,242,48,'2018-03-02 11:41:58','2018-03-02 11:41:58'),(4913,8,242,48,'2018-03-02 11:41:58','2018-03-02 11:41:58'),(4914,7,44,97,'2018-03-02 11:41:58','2018-03-02 11:41:58'),(4915,8,44,97,'2018-03-02 11:41:58','2018-03-02 11:41:58'),(4916,3,44,97,'2018-03-02 11:41:58','2018-03-02 11:41:58'),(4917,1,44,97,'2018-03-02 11:41:58','2018-03-02 11:41:58'),(4918,7,44,48,'2018-03-02 11:41:58','2018-03-02 11:41:58'),(4919,8,44,48,'2018-03-02 11:41:58','2018-03-02 11:41:58'),(4920,3,44,48,'2018-03-02 11:41:58','2018-03-02 11:41:58'),(4921,7,54,48,'2018-03-02 11:41:58','2018-03-02 11:41:58'),(4922,8,54,48,'2018-03-02 11:41:58','2018-03-02 11:41:58'),(4923,7,88,97,'2018-03-02 11:41:58','2018-03-02 11:41:58'),(4924,8,88,97,'2018-03-02 11:41:58','2018-03-02 11:41:58'),(4925,2,88,97,'2018-03-02 11:41:58','2018-03-02 11:41:58'),(4926,7,88,48,'2018-03-02 11:41:58','2018-03-02 11:41:58'),(4927,8,88,48,'2018-03-02 11:41:58','2018-03-02 11:41:58'),(4928,2,88,48,'2018-03-02 11:41:58','2018-03-02 11:41:58'),(4929,7,169,97,'2018-03-02 11:41:58','2018-03-02 11:41:58'),(4930,8,169,97,'2018-03-02 11:41:58','2018-03-02 11:41:58'),(4931,7,169,48,'2018-03-02 11:41:58','2018-03-02 11:41:58'),(4932,8,169,48,'2018-03-02 11:41:58','2018-03-02 11:41:58'),(4933,7,243,45,'2018-03-02 11:41:58','2018-03-02 11:41:58'),(4934,8,243,45,'2018-03-02 11:41:58','2018-03-02 11:41:58'),(4935,1,243,45,'2018-03-02 11:41:58','2018-03-02 11:41:58'),(4936,7,2,45,'2018-03-02 11:41:58','2018-03-02 11:41:58'),(4937,8,2,45,'2018-03-02 11:41:58','2018-03-02 11:41:58'),(4938,1,2,45,'2018-03-02 11:41:58','2018-03-02 11:41:58'),(4939,7,61,94,'2018-03-02 11:41:58','2018-03-02 11:41:58'),(4940,8,61,94,'2018-03-02 11:41:58','2018-03-02 11:41:58'),(4941,3,61,94,'2018-03-02 11:41:58','2018-03-02 11:41:58'),(4942,1,61,94,'2018-03-02 11:41:58','2018-03-02 11:41:58'),(4943,7,61,45,'2018-03-02 11:41:58','2018-03-02 11:41:58'),(4944,8,61,45,'2018-03-02 11:41:58','2018-03-02 11:41:58'),(4945,3,61,45,'2018-03-02 11:41:58','2018-03-02 11:41:58'),(4946,7,83,94,'2018-03-02 11:41:58','2018-03-02 11:41:58'),(4947,8,83,94,'2018-03-02 11:41:58','2018-03-02 11:41:58'),(4948,3,83,94,'2018-03-02 11:41:58','2018-03-02 11:41:58'),(4949,1,83,94,'2018-03-02 11:41:58','2018-03-02 11:41:58'),(4950,7,83,45,'2018-03-02 11:41:58','2018-03-02 11:41:58'),(4951,8,83,45,'2018-03-02 11:41:58','2018-03-02 11:41:58'),(4952,3,83,45,'2018-03-02 11:41:58','2018-03-02 11:41:58'),(4953,7,84,94,'2018-03-02 11:41:58','2018-03-02 11:41:58'),(4954,8,84,94,'2018-03-02 11:41:58','2018-03-02 11:41:58'),(4955,2,84,94,'2018-03-02 11:41:58','2018-03-02 11:41:58'),(4956,7,84,45,'2018-03-02 11:41:58','2018-03-02 11:41:58'),(4957,8,84,45,'2018-03-02 11:41:58','2018-03-02 11:41:58'),(4958,2,84,45,'2018-03-02 11:41:58','2018-03-02 11:41:58'),(4959,7,111,94,'2018-03-02 11:41:58','2018-03-02 11:41:58'),(4960,8,111,94,'2018-03-02 11:41:58','2018-03-02 11:41:58'),(4961,1,111,94,'2018-03-02 11:41:58','2018-03-02 11:41:58'),(4962,7,111,45,'2018-03-02 11:41:58','2018-03-02 11:41:58'),(4963,8,111,45,'2018-03-02 11:41:58','2018-03-02 11:41:58'),(4964,7,141,45,'2018-03-02 11:41:59','2018-03-02 11:41:59'),(4965,8,141,45,'2018-03-02 11:41:59','2018-03-02 11:41:59'),(4966,7,170,94,'2018-03-02 11:41:59','2018-03-02 11:41:59'),(4967,8,170,94,'2018-03-02 11:41:59','2018-03-02 11:41:59'),(4968,7,170,45,'2018-03-02 11:41:59','2018-03-02 11:41:59'),(4969,8,170,45,'2018-03-02 11:41:59','2018-03-02 11:41:59'),(4970,7,179,94,'2018-03-02 11:41:59','2018-03-02 11:41:59'),(4971,8,179,94,'2018-03-02 11:41:59','2018-03-02 11:41:59'),(4972,7,179,45,'2018-03-02 11:41:59','2018-03-02 11:41:59'),(4973,8,179,45,'2018-03-02 11:41:59','2018-03-02 11:41:59'),(4974,7,193,45,'2018-03-02 11:41:59','2018-03-02 11:41:59'),(4975,8,193,45,'2018-03-02 11:41:59','2018-03-02 11:41:59'),(4976,7,244,6,'2018-03-02 11:41:59','2018-03-02 11:41:59'),(4977,8,244,6,'2018-03-02 11:41:59','2018-03-02 11:41:59'),(4978,7,66,77,'2018-03-02 11:41:59','2018-03-02 11:41:59'),(4979,8,66,77,'2018-03-02 11:41:59','2018-03-02 11:41:59'),(4980,1,66,77,'2018-03-02 11:41:59','2018-03-02 11:41:59'),(4981,7,66,6,'2018-03-02 11:41:59','2018-03-02 11:41:59'),(4982,8,66,6,'2018-03-02 11:41:59','2018-03-02 11:41:59'),(4983,7,89,77,'2018-03-02 11:41:59','2018-03-02 11:41:59'),(4984,8,89,77,'2018-03-02 11:41:59','2018-03-02 11:41:59'),(4985,7,89,6,'2018-03-02 11:41:59','2018-03-02 11:41:59'),(4986,8,89,6,'2018-03-02 11:41:59','2018-03-02 11:41:59'),(4987,7,90,77,'2018-03-02 11:41:59','2018-03-02 11:41:59'),(4988,8,90,77,'2018-03-02 11:41:59','2018-03-02 11:41:59'),(4989,1,90,77,'2018-03-02 11:41:59','2018-03-02 11:41:59'),(4990,7,90,6,'2018-03-02 11:41:59','2018-03-02 11:41:59'),(4991,8,90,6,'2018-03-02 11:41:59','2018-03-02 11:41:59'),(4992,7,107,77,'2018-03-02 11:41:59','2018-03-02 11:41:59'),(4993,8,107,77,'2018-03-02 11:41:59','2018-03-02 11:41:59'),(4994,2,107,77,'2018-03-02 11:41:59','2018-03-02 11:41:59'),(4995,7,107,6,'2018-03-02 11:41:59','2018-03-02 11:41:59'),(4996,8,107,6,'2018-03-02 11:41:59','2018-03-02 11:41:59'),(4997,2,107,6,'2018-03-02 11:41:59','2018-03-02 11:41:59'),(4998,7,153,6,'2018-03-02 11:41:59','2018-03-02 11:41:59'),(4999,8,153,6,'2018-03-02 11:41:59','2018-03-02 11:41:59'),(5000,7,154,77,'2018-03-02 11:41:59','2018-03-02 11:41:59'),(5001,8,154,77,'2018-03-02 11:41:59','2018-03-02 11:41:59'),(5002,2,154,77,'2018-03-02 11:41:59','2018-03-02 11:41:59'),(5003,7,154,6,'2018-03-02 11:41:59','2018-03-02 11:41:59'),(5004,8,154,6,'2018-03-02 11:41:59','2018-03-02 11:41:59'),(5005,2,154,6,'2018-03-02 11:41:59','2018-03-02 11:41:59'),(5006,7,245,16,'2018-03-02 11:41:59','2018-03-02 11:41:59'),(5007,8,245,16,'2018-03-02 11:41:59','2018-03-02 11:41:59'),(5008,1,245,16,'2018-03-02 11:41:59','2018-03-02 11:41:59'),(5009,7,21,16,'2018-03-02 11:41:59','2018-03-02 11:41:59'),(5010,8,21,16,'2018-03-02 11:41:59','2018-03-02 11:41:59'),(5011,1,21,16,'2018-03-02 11:41:59','2018-03-02 11:41:59'),(5012,7,246,57,'2018-03-02 11:41:59','2018-03-02 11:41:59'),(5013,8,246,57,'2018-03-02 11:41:59','2018-03-02 11:41:59'),(5014,1,246,57,'2018-03-02 11:41:59','2018-03-02 11:41:59'),(5015,7,224,57,'2018-03-02 11:41:59','2018-03-02 11:41:59'),(5016,8,224,57,'2018-03-02 11:41:59','2018-03-02 11:41:59'),(5017,2,224,57,'2018-03-02 11:41:59','2018-03-02 11:41:59'),(5018,1,224,57,'2018-03-02 11:41:59','2018-03-02 11:41:59'),(5019,7,18,57,'2018-03-02 11:41:59','2018-03-02 11:41:59'),(5020,8,18,57,'2018-03-02 11:41:59','2018-03-02 11:41:59'),(5021,1,18,57,'2018-03-02 11:41:59','2018-03-02 11:41:59'),(5022,7,233,57,'2018-03-02 11:41:59','2018-03-02 11:41:59'),(5023,8,233,57,'2018-03-02 11:41:59','2018-03-02 11:41:59'),(5024,3,233,57,'2018-03-02 11:41:59','2018-03-02 11:41:59'),(5025,9,233,57,'2018-03-02 11:41:59','2018-03-02 11:41:59'),(5026,7,231,57,'2018-03-02 11:41:59','2018-03-02 11:41:59'),(5027,8,231,57,'2018-03-02 11:41:59','2018-03-02 11:41:59'),(5028,3,231,57,'2018-03-02 11:41:59','2018-03-02 11:41:59'),(5029,7,226,57,'2018-03-02 11:42:00','2018-03-02 11:42:00'),(5030,8,226,57,'2018-03-02 11:42:00','2018-03-02 11:42:00'),(5031,3,226,57,'2018-03-02 11:42:00','2018-03-02 11:42:00'),(5032,7,247,46,'2018-03-02 11:42:00','2018-03-02 11:42:00'),(5033,8,247,46,'2018-03-02 11:42:00','2018-03-02 11:42:00'),(5034,1,247,46,'2018-03-02 11:42:00','2018-03-02 11:42:00'),(5035,7,10,95,'2018-03-02 11:42:00','2018-03-02 11:42:00'),(5036,8,10,95,'2018-03-02 11:42:00','2018-03-02 11:42:00'),(5037,1,10,95,'2018-03-02 11:42:00','2018-03-02 11:42:00'),(5038,7,10,46,'2018-03-02 11:42:00','2018-03-02 11:42:00'),(5039,8,10,46,'2018-03-02 11:42:00','2018-03-02 11:42:00'),(5040,1,10,46,'2018-03-02 11:42:00','2018-03-02 11:42:00'),(5041,8,50,95,'2018-03-02 11:42:00','2018-03-02 11:42:00'),(5042,7,50,46,'2018-03-02 11:42:00','2018-03-02 11:42:00'),(5043,8,50,46,'2018-03-02 11:42:00','2018-03-02 11:42:00'),(5044,8,87,95,'2018-03-02 11:42:00','2018-03-02 11:42:00'),(5045,7,87,46,'2018-03-02 11:42:00','2018-03-02 11:42:00'),(5046,8,87,46,'2018-03-02 11:42:00','2018-03-02 11:42:00'),(5047,7,117,95,'2018-03-02 11:42:00','2018-03-02 11:42:00'),(5048,8,117,95,'2018-03-02 11:42:00','2018-03-02 11:42:00'),(5049,3,117,95,'2018-03-02 11:42:00','2018-03-02 11:42:00'),(5050,7,117,46,'2018-03-02 11:42:00','2018-03-02 11:42:00'),(5051,8,117,46,'2018-03-02 11:42:00','2018-03-02 11:42:00'),(5052,3,117,46,'2018-03-02 11:42:00','2018-03-02 11:42:00'),(5053,7,175,46,'2018-03-02 11:42:00','2018-03-02 11:42:00'),(5054,8,175,46,'2018-03-02 11:42:00','2018-03-02 11:42:00'),(5055,7,172,95,'2018-03-02 11:42:00','2018-03-02 11:42:00'),(5056,8,172,95,'2018-03-02 11:42:00','2018-03-02 11:42:00'),(5057,7,172,46,'2018-03-02 11:42:00','2018-03-02 11:42:00'),(5058,8,172,46,'2018-03-02 11:42:00','2018-03-02 11:42:00'),(5059,7,194,46,'2018-03-02 11:42:00','2018-03-02 11:42:00'),(5060,8,194,46,'2018-03-02 11:42:00','2018-03-02 11:42:00'),(5061,7,248,55,'2018-03-02 11:42:00','2018-03-02 11:42:00'),(5062,8,248,55,'2018-03-02 11:42:00','2018-03-02 11:42:00'),(5063,1,248,55,'2018-03-02 11:42:00','2018-03-02 11:42:00'),(5064,7,220,55,'2018-03-02 11:42:00','2018-03-02 11:42:00'),(5065,8,220,55,'2018-03-02 11:42:00','2018-03-02 11:42:00'),(5066,1,220,55,'2018-03-02 11:42:00','2018-03-02 11:42:00'),(5067,7,249,11,'2018-03-02 11:42:00','2018-03-02 11:42:00'),(5068,8,249,11,'2018-03-02 11:42:00','2018-03-02 11:42:00'),(5069,1,249,11,'2018-03-02 11:42:00','2018-03-02 11:42:00'),(5070,7,14,11,'2018-03-02 11:42:00','2018-03-02 11:42:00'),(5071,8,14,11,'2018-03-02 11:42:00','2018-03-02 11:42:00'),(5072,1,14,11,'2018-03-02 11:42:00','2018-03-02 11:42:00'),(5073,7,82,80,'2018-03-02 11:42:00','2018-03-02 11:42:00'),(5074,8,82,80,'2018-03-02 11:42:00','2018-03-02 11:42:00'),(5075,3,82,80,'2018-03-02 11:42:00','2018-03-02 11:42:00'),(5076,7,82,11,'2018-03-02 11:42:00','2018-03-02 11:42:00'),(5077,8,82,11,'2018-03-02 11:42:00','2018-03-02 11:42:00'),(5078,3,82,11,'2018-03-02 11:42:00','2018-03-02 11:42:00'),(5079,7,105,80,'2018-03-02 11:42:00','2018-03-02 11:42:00'),(5080,8,105,80,'2018-03-02 11:42:00','2018-03-02 11:42:00'),(5081,1,105,80,'2018-03-02 11:42:00','2018-03-02 11:42:00'),(5082,7,105,11,'2018-03-02 11:42:00','2018-03-02 11:42:00'),(5083,8,105,11,'2018-03-02 11:42:00','2018-03-02 11:42:00'),(5084,7,146,80,'2018-03-02 11:42:00','2018-03-02 11:42:00'),(5085,8,146,80,'2018-03-02 11:42:00','2018-03-02 11:42:00'),(5086,3,146,80,'2018-03-02 11:42:00','2018-03-02 11:42:00'),(5087,7,146,11,'2018-03-02 11:42:00','2018-03-02 11:42:00'),(5088,8,146,11,'2018-03-02 11:42:00','2018-03-02 11:42:00'),(5089,3,146,11,'2018-03-02 11:42:00','2018-03-02 11:42:00'),(5090,7,147,80,'2018-03-02 11:42:00','2018-03-02 11:42:00'),(5091,8,147,80,'2018-03-02 11:42:00','2018-03-02 11:42:00'),(5092,1,147,80,'2018-03-02 11:42:01','2018-03-02 11:42:01'),(5093,7,147,11,'2018-03-02 11:42:01','2018-03-02 11:42:01'),(5094,8,147,11,'2018-03-02 11:42:01','2018-03-02 11:42:01'),(5095,7,191,80,'2018-03-02 11:42:01','2018-03-02 11:42:01'),(5096,8,191,80,'2018-03-02 11:42:01','2018-03-02 11:42:01'),(5097,1,191,80,'2018-03-02 11:42:01','2018-03-02 11:42:01'),(5098,8,191,11,'2018-03-02 11:42:01','2018-03-02 11:42:01'),(5099,7,250,60,'2018-03-02 11:42:01','2018-03-02 11:42:01'),(5100,8,250,60,'2018-03-02 11:42:01','2018-03-02 11:42:01'),(5101,1,250,60,'2018-03-02 11:42:01','2018-03-02 11:42:01'),(5102,7,222,4,'2018-03-02 11:45:42','2018-03-02 11:45:42'),(5103,8,222,4,'2018-03-02 11:45:42','2018-03-02 11:45:42'),(5104,2,222,4,'2018-03-02 11:45:42','2018-03-02 11:45:42'),(5105,1,222,4,'2018-03-02 11:45:42','2018-03-02 11:45:42'),(5106,7,186,76,'2018-03-02 11:45:42','2018-03-02 11:45:42'),(5107,8,186,76,'2018-03-02 11:45:42','2018-03-02 11:45:42'),(5108,1,186,76,'2018-03-02 11:45:42','2018-03-02 11:45:42'),(5109,7,186,4,'2018-03-02 11:45:42','2018-03-02 11:45:42'),(5110,8,186,4,'2018-03-02 11:45:43','2018-03-02 11:45:43'),(5111,7,16,4,'2018-03-02 11:45:43','2018-03-02 11:45:43'),(5112,8,16,4,'2018-03-02 11:45:43','2018-03-02 11:45:43'),(5113,1,16,4,'2018-03-02 11:45:43','2018-03-02 11:45:43'),(5114,7,80,76,'2018-03-02 11:45:43','2018-03-02 11:45:43'),(5115,8,80,76,'2018-03-02 11:45:43','2018-03-02 11:45:43'),(5116,7,80,4,'2018-03-02 11:45:43','2018-03-02 11:45:43'),(5117,8,80,4,'2018-03-02 11:45:43','2018-03-02 11:45:43'),(5118,7,81,76,'2018-03-02 11:45:43','2018-03-02 11:45:43'),(5119,8,81,76,'2018-03-02 11:45:43','2018-03-02 11:45:43'),(5120,3,81,76,'2018-03-02 11:45:43','2018-03-02 11:45:43'),(5121,7,81,4,'2018-03-02 11:45:43','2018-03-02 11:45:43'),(5122,8,81,4,'2018-03-02 11:45:43','2018-03-02 11:45:43'),(5123,3,81,4,'2018-03-02 11:45:43','2018-03-02 11:45:43'),(5124,7,165,76,'2018-03-02 11:45:43','2018-03-02 11:45:43'),(5125,8,165,76,'2018-03-02 11:45:43','2018-03-02 11:45:43'),(5126,2,165,76,'2018-03-02 11:45:43','2018-03-02 11:45:43'),(5127,7,165,4,'2018-03-02 11:45:43','2018-03-02 11:45:43'),(5128,8,165,4,'2018-03-02 11:45:43','2018-03-02 11:45:43'),(5129,7,166,4,'2018-03-02 11:45:43','2018-03-02 11:45:43'),(5130,8,166,4,'2018-03-02 11:45:43','2018-03-02 11:45:43'),(5137,7,251,36,'2018-03-04 10:52:34','2018-03-04 10:52:34'),(5138,8,251,36,'2018-03-04 10:52:34','2018-03-04 10:52:34'),(5139,1,251,36,'2018-03-04 10:52:34','2018-03-04 10:52:34'),(5140,7,252,35,'2018-03-04 10:52:34','2018-03-04 10:52:34'),(5141,8,252,35,'2018-03-04 10:52:34','2018-03-04 10:52:34'),(5142,1,252,35,'2018-03-04 10:52:34','2018-03-04 10:52:34'),(5143,7,253,39,'2018-03-04 10:52:34','2018-03-04 10:52:34'),(5144,8,253,39,'2018-03-04 10:52:34','2018-03-04 10:52:34'),(5145,1,253,39,'2018-03-04 10:52:34','2018-03-04 10:52:34'),(5146,7,254,62,'2018-03-04 12:22:00','2018-03-04 12:22:00'),(5147,8,254,62,'2018-03-04 12:22:00','2018-03-04 12:22:00'),(5148,1,254,62,'2018-03-04 12:22:00','2018-03-04 12:22:00'),(5149,7,212,99,'2018-03-04 12:22:00','2018-03-04 12:22:00'),(5150,8,212,99,'2018-03-04 12:22:00','2018-03-04 12:22:00'),(5151,2,212,99,'2018-03-04 12:22:00','2018-03-04 12:22:00'),(5152,1,212,99,'2018-03-04 12:22:00','2018-03-04 12:22:00'),(5153,7,212,62,'2018-03-04 12:22:00','2018-03-04 12:22:00'),(5154,8,212,62,'2018-03-04 12:22:00','2018-03-04 12:22:00'),(5155,2,212,62,'2018-03-04 12:22:00','2018-03-04 12:22:00'),(5156,8,48,99,'2018-03-04 12:22:00','2018-03-04 12:22:00'),(5157,7,48,62,'2018-03-04 12:22:00','2018-03-04 12:22:00'),(5158,8,48,62,'2018-03-04 12:22:00','2018-03-04 12:22:00'),(5159,7,104,99,'2018-03-04 12:22:00','2018-03-04 12:22:00'),(5160,8,104,99,'2018-03-04 12:22:00','2018-03-04 12:22:00'),(5161,3,104,99,'2018-03-04 12:22:00','2018-03-04 12:22:00'),(5162,9,104,99,'2018-03-04 12:22:00','2018-03-04 12:22:00'),(5163,7,104,62,'2018-03-04 12:22:00','2018-03-04 12:22:00'),(5164,8,104,62,'2018-03-04 12:22:00','2018-03-04 12:22:00'),(5165,3,104,62,'2018-03-04 12:22:00','2018-03-04 12:22:00'),(5166,9,104,62,'2018-03-04 12:22:00','2018-03-04 12:22:00'),(5167,7,113,62,'2018-03-04 12:22:00','2018-03-04 12:22:00'),(5168,8,113,62,'2018-03-04 12:22:00','2018-03-04 12:22:00'),(5169,7,129,62,'2018-03-04 12:22:00','2018-03-04 12:22:00'),(5170,8,129,62,'2018-03-04 12:22:00','2018-03-04 12:22:00'),(5171,7,181,99,'2018-03-04 12:22:00','2018-03-04 12:22:00'),(5172,8,181,99,'2018-03-04 12:22:00','2018-03-04 12:22:00'),(5173,7,181,62,'2018-03-04 12:22:00','2018-03-04 12:22:00'),(5174,8,181,62,'2018-03-04 12:22:00','2018-03-04 12:22:00'),(5175,8,214,99,'2018-03-04 12:22:00','2018-03-04 12:22:00'),(5176,7,214,62,'2018-03-04 12:22:00','2018-03-04 12:22:00'),(5177,8,214,62,'2018-03-04 12:22:00','2018-03-04 12:22:00'),(5178,7,255,65,'2018-03-04 12:22:01','2018-03-04 12:22:01'),(5179,8,255,65,'2018-03-04 12:22:01','2018-03-04 12:22:01'),(5180,1,255,65,'2018-03-04 12:22:01','2018-03-04 12:22:01'),(5181,7,63,102,'2018-03-04 12:22:01','2018-03-04 12:22:01'),(5182,8,63,102,'2018-03-04 12:22:01','2018-03-04 12:22:01'),(5183,7,63,65,'2018-03-04 12:22:01','2018-03-04 12:22:01'),(5184,8,63,65,'2018-03-04 12:22:01','2018-03-04 12:22:01'),(5185,7,106,102,'2018-03-04 12:22:01','2018-03-04 12:22:01'),(5186,8,106,102,'2018-03-04 12:22:01','2018-03-04 12:22:01'),(5187,3,106,102,'2018-03-04 12:22:01','2018-03-04 12:22:01'),(5188,9,106,102,'2018-03-04 12:22:01','2018-03-04 12:22:01'),(5189,7,106,65,'2018-03-04 12:22:01','2018-03-04 12:22:01'),(5190,8,106,65,'2018-03-04 12:22:01','2018-03-04 12:22:01'),(5191,3,106,65,'2018-03-04 12:22:01','2018-03-04 12:22:01'),(5192,9,106,65,'2018-03-04 12:22:01','2018-03-04 12:22:01'),(5193,7,256,66,'2018-03-04 12:22:01','2018-03-04 12:22:01'),(5194,8,256,66,'2018-03-04 12:22:01','2018-03-04 12:22:01'),(5195,1,256,66,'2018-03-04 12:22:01','2018-03-04 12:22:01'),(5204,7,257,71,'2018-03-04 12:22:01','2018-03-04 12:22:01'),(5205,8,257,71,'2018-03-04 12:22:01','2018-03-04 12:22:01'),(5206,1,257,71,'2018-03-04 12:22:01','2018-03-04 12:22:01'),(5207,7,258,69,'2018-03-04 12:22:01','2018-03-04 12:22:01'),(5208,8,258,69,'2018-03-04 12:22:01','2018-03-04 12:22:01'),(5209,1,258,69,'2018-03-04 12:22:01','2018-03-04 12:22:01'),(5210,7,259,67,'2018-03-04 12:22:01','2018-03-04 12:22:01'),(5211,8,259,67,'2018-03-04 12:22:01','2018-03-04 12:22:01'),(5212,1,259,67,'2018-03-04 12:22:01','2018-03-04 12:22:01'),(5240,7,260,25,'2018-03-04 14:05:28','2018-03-04 14:05:28'),(5241,8,260,25,'2018-03-04 14:05:28','2018-03-04 14:05:28'),(5242,3,260,25,'2018-03-04 14:05:28','2018-03-04 14:05:28'),(5243,1,260,25,'2018-03-04 14:05:28','2018-03-04 14:05:28'),(5244,9,260,25,'2018-03-04 14:05:28','2018-03-04 14:05:28'),(5248,7,4,25,'2018-03-04 14:05:28','2018-03-04 14:05:28'),(5249,8,4,25,'2018-03-04 14:05:28','2018-03-04 14:05:28'),(5250,1,4,25,'2018-03-04 14:05:28','2018-03-04 14:05:28'),(5278,7,263,27,'2018-03-04 14:05:29','2018-03-04 14:05:29'),(5279,8,263,27,'2018-03-04 14:05:29','2018-03-04 14:05:29'),(5280,3,263,27,'2018-03-04 14:05:29','2018-03-04 14:05:29'),(5281,1,263,27,'2018-03-04 14:05:29','2018-03-04 14:05:29'),(5282,9,263,27,'2018-03-04 14:05:29','2018-03-04 14:05:29'),(5283,7,39,87,'2018-03-04 14:05:29','2018-03-04 14:05:29'),(5284,8,39,87,'2018-03-04 14:05:29','2018-03-04 14:05:29'),(5285,1,39,87,'2018-03-04 14:05:29','2018-03-04 14:05:29'),(5286,7,39,27,'2018-03-04 14:05:29','2018-03-04 14:05:29'),(5287,8,39,27,'2018-03-04 14:05:29','2018-03-04 14:05:29'),(5288,1,39,27,'2018-03-04 14:05:29','2018-03-04 14:05:29'),(5289,7,40,87,'2018-03-04 14:05:29','2018-03-04 14:05:29'),(5290,8,40,87,'2018-03-04 14:05:29','2018-03-04 14:05:29'),(5291,3,40,87,'2018-03-04 14:05:29','2018-03-04 14:05:29'),(5292,7,40,27,'2018-03-04 14:05:29','2018-03-04 14:05:29'),(5293,8,40,27,'2018-03-04 14:05:29','2018-03-04 14:05:29'),(5294,7,7,27,'2018-03-04 14:05:29','2018-03-04 14:05:29'),(5295,8,7,27,'2018-03-04 14:05:29','2018-03-04 14:05:29'),(5296,1,7,27,'2018-03-04 14:05:29','2018-03-04 14:05:29'),(5297,7,47,87,'2018-03-04 14:05:29','2018-03-04 14:05:29'),(5298,8,47,87,'2018-03-04 14:05:29','2018-03-04 14:05:29'),(5299,2,47,87,'2018-03-04 14:05:29','2018-03-04 14:05:29'),(5300,7,47,27,'2018-03-04 14:05:29','2018-03-04 14:05:29'),(5301,8,47,27,'2018-03-04 14:05:29','2018-03-04 14:05:29'),(5302,2,47,27,'2018-03-04 14:05:29','2018-03-04 14:05:29'),(5303,7,112,87,'2018-03-04 14:05:29','2018-03-04 14:05:29'),(5304,8,112,87,'2018-03-04 14:05:29','2018-03-04 14:05:29'),(5305,2,112,87,'2018-03-04 14:05:29','2018-03-04 14:05:29'),(5306,7,112,27,'2018-03-04 14:05:29','2018-03-04 14:05:29'),(5307,8,112,27,'2018-03-04 14:05:29','2018-03-04 14:05:29'),(5308,2,112,27,'2018-03-04 14:05:29','2018-03-04 14:05:29'),(5331,7,264,28,'2018-03-04 15:33:42','2018-03-04 15:33:42'),(5332,8,264,28,'2018-03-04 15:33:42','2018-03-04 15:33:42'),(5333,3,264,28,'2018-03-04 15:33:42','2018-03-04 15:33:42'),(5334,1,264,28,'2018-03-04 15:33:42','2018-03-04 15:33:42'),(5335,9,264,28,'2018-03-04 15:33:42','2018-03-04 15:33:42'),(5336,7,209,88,'2018-03-04 15:33:42','2018-03-04 15:33:42'),(5337,8,209,88,'2018-03-04 15:33:42','2018-03-04 15:33:42'),(5338,3,209,88,'2018-03-04 15:33:42','2018-03-04 15:33:42'),(5339,1,209,88,'2018-03-04 15:33:42','2018-03-04 15:33:42'),(5340,8,209,28,'2018-03-04 15:33:42','2018-03-04 15:33:42'),(5341,8,210,28,'2018-03-04 15:33:42','2018-03-04 15:33:42'),(5342,7,8,28,'2018-03-04 15:33:42','2018-03-04 15:33:42'),(5343,8,8,28,'2018-03-04 15:33:42','2018-03-04 15:33:42'),(5344,1,8,28,'2018-03-04 15:33:42','2018-03-04 15:33:42'),(5345,7,13,88,'2018-03-04 15:33:42','2018-03-04 15:33:42'),(5346,8,13,88,'2018-03-04 15:33:42','2018-03-04 15:33:42'),(5347,1,13,88,'2018-03-04 15:33:42','2018-03-04 15:33:42'),(5348,8,13,28,'2018-03-04 15:33:42','2018-03-04 15:33:42'),(5349,7,182,88,'2018-03-04 15:33:42','2018-03-04 15:33:42'),(5350,8,182,88,'2018-03-04 15:33:42','2018-03-04 15:33:42'),(5351,7,182,28,'2018-03-04 15:33:42','2018-03-04 15:33:42'),(5352,8,182,28,'2018-03-04 15:33:42','2018-03-04 15:33:42'),(5353,7,262,26,'2018-03-05 13:04:40','2018-03-05 13:04:40'),(5354,8,262,26,'2018-03-05 13:04:40','2018-03-05 13:04:40'),(5355,3,262,26,'2018-03-05 13:04:40','2018-03-05 13:04:40'),(5356,1,262,26,'2018-03-05 13:04:40','2018-03-05 13:04:40'),(5357,7,5,26,'2018-03-05 13:04:40','2018-03-05 13:04:40'),(5358,8,5,26,'2018-03-05 13:04:40','2018-03-05 13:04:40'),(5359,1,5,26,'2018-03-05 13:04:40','2018-03-05 13:04:40'),(5360,7,36,86,'2018-03-05 13:04:40','2018-03-05 13:04:40'),(5361,8,36,86,'2018-03-05 13:04:40','2018-03-05 13:04:40'),(5362,2,36,86,'2018-03-05 13:04:40','2018-03-05 13:04:40'),(5363,1,36,86,'2018-03-05 13:04:40','2018-03-05 13:04:40'),(5364,7,36,26,'2018-03-05 13:04:40','2018-03-05 13:04:40'),(5365,8,36,26,'2018-03-05 13:04:40','2018-03-05 13:04:40'),(5366,2,36,26,'2018-03-05 13:04:40','2018-03-05 13:04:40'),(5367,7,92,86,'2018-03-05 13:04:40','2018-03-05 13:04:40'),(5368,8,92,86,'2018-03-05 13:04:40','2018-03-05 13:04:40'),(5369,3,92,86,'2018-03-05 13:04:40','2018-03-05 13:04:40'),(5370,7,92,26,'2018-03-05 13:04:40','2018-03-05 13:04:40'),(5371,8,92,26,'2018-03-05 13:04:40','2018-03-05 13:04:40'),(5372,7,128,86,'2018-03-05 13:04:40','2018-03-05 13:04:40'),(5373,8,128,86,'2018-03-05 13:04:40','2018-03-05 13:04:40'),(5374,7,128,26,'2018-03-05 13:04:40','2018-03-05 13:04:40'),(5375,8,128,26,'2018-03-05 13:04:40','2018-03-05 13:04:40'),(5376,7,157,86,'2018-03-05 13:04:40','2018-03-05 13:04:40'),(5377,8,157,86,'2018-03-05 13:04:40','2018-03-05 13:04:40'),(5378,7,157,26,'2018-03-05 13:04:40','2018-03-05 13:04:40'),(5379,8,157,26,'2018-03-05 13:04:40','2018-03-05 13:04:40'),(5387,7,237,122,'2018-03-05 17:52:20','2018-03-05 17:52:20'),(5388,8,237,122,'2018-03-05 17:52:20','2018-03-05 17:52:20'),(5389,2,237,122,'2018-03-05 17:52:20','2018-03-05 17:52:20'),(5390,1,237,122,'2018-03-05 17:52:20','2018-03-05 17:52:20'),(5391,7,238,122,'2018-03-05 17:52:20','2018-03-05 17:52:20'),(5392,8,238,122,'2018-03-05 17:52:20','2018-03-05 17:52:20'),(5393,3,238,122,'2018-03-05 17:52:20','2018-03-05 17:52:20'),(5394,7,239,63,'2018-03-05 17:52:20','2018-03-05 17:52:20'),(5395,8,239,63,'2018-03-05 17:52:20','2018-03-05 17:52:20'),(5396,3,239,63,'2018-03-05 17:52:20','2018-03-05 17:52:20'),(5397,1,239,63,'2018-03-05 17:52:20','2018-03-05 17:52:20'),(5398,7,203,100,'2018-03-05 17:52:20','2018-03-05 17:52:20'),(5399,8,203,100,'2018-03-05 17:52:20','2018-03-05 17:52:20'),(5400,2,203,100,'2018-03-05 17:52:20','2018-03-05 17:52:20'),(5401,1,203,100,'2018-03-05 17:52:20','2018-03-05 17:52:20'),(5402,7,203,63,'2018-03-05 17:52:20','2018-03-05 17:52:20'),(5403,8,203,63,'2018-03-05 17:52:20','2018-03-05 17:52:20'),(5404,2,203,63,'2018-03-05 17:52:20','2018-03-05 17:52:20'),(5405,1,203,63,'2018-03-05 17:52:20','2018-03-05 17:52:20'),(5406,7,204,63,'2018-03-05 17:52:20','2018-03-05 17:52:20'),(5407,8,204,63,'2018-03-05 17:52:20','2018-03-05 17:52:20'),(5408,2,204,63,'2018-03-05 17:52:20','2018-03-05 17:52:20'),(5409,1,204,63,'2018-03-05 17:52:20','2018-03-05 17:52:20'),(5410,7,62,100,'2018-03-05 17:52:20','2018-03-05 17:52:20'),(5411,8,62,100,'2018-03-05 17:52:20','2018-03-05 17:52:20'),(5412,7,62,63,'2018-03-05 17:52:20','2018-03-05 17:52:20'),(5413,8,62,63,'2018-03-05 17:52:20','2018-03-05 17:52:20'),(5414,7,103,100,'2018-03-05 17:52:20','2018-03-05 17:52:20'),(5415,8,103,100,'2018-03-05 17:52:20','2018-03-05 17:52:20'),(5416,3,103,100,'2018-03-05 17:52:20','2018-03-05 17:52:20'),(5417,7,103,63,'2018-03-05 17:52:20','2018-03-05 17:52:20'),(5418,8,103,63,'2018-03-05 17:52:20','2018-03-05 17:52:20'),(5419,7,124,100,'2018-03-05 17:52:20','2018-03-05 17:52:20'),(5420,8,124,100,'2018-03-05 17:52:20','2018-03-05 17:52:20'),(5421,7,124,63,'2018-03-05 17:52:20','2018-03-05 17:52:20'),(5422,8,124,63,'2018-03-05 17:52:20','2018-03-05 17:52:20'),(5423,7,125,100,'2018-03-05 17:52:20','2018-03-05 17:52:20'),(5424,8,125,100,'2018-03-05 17:52:20','2018-03-05 17:52:20'),(5425,3,125,100,'2018-03-05 17:52:20','2018-03-05 17:52:20'),(5426,7,125,63,'2018-03-05 17:52:20','2018-03-05 17:52:20'),(5427,8,125,63,'2018-03-05 17:52:20','2018-03-05 17:52:20'),(5428,7,150,63,'2018-03-05 17:52:20','2018-03-05 17:52:20'),(5429,8,150,63,'2018-03-05 17:52:20','2018-03-05 17:52:20'),(5430,7,228,33,'2018-03-05 17:52:43','2018-03-05 17:52:43'),(5431,8,228,33,'2018-03-05 17:52:43','2018-03-05 17:52:43'),(5432,4,228,33,'2018-03-05 17:52:43','2018-03-05 17:52:43'),(5433,3,228,33,'2018-03-05 17:52:43','2018-03-05 17:52:43'),(5434,9,228,33,'2018-03-05 17:52:43','2018-03-05 17:52:43'),(5435,7,234,66,'2018-03-05 17:52:43','2018-03-05 17:52:43'),(5436,8,234,66,'2018-03-05 17:52:43','2018-03-05 17:52:43'),(5437,3,234,66,'2018-03-05 17:52:43','2018-03-05 17:52:43'),(5438,7,180,103,'2018-03-05 17:52:44','2018-03-05 17:52:44'),(5439,8,180,103,'2018-03-05 17:52:44','2018-03-05 17:52:44'),(5440,1,180,103,'2018-03-05 17:52:44','2018-03-05 17:52:44'),(5441,7,180,66,'2018-03-05 17:52:44','2018-03-05 17:52:44'),(5442,8,180,66,'2018-03-05 17:52:44','2018-03-05 17:52:44'),(5452,7,266,82,'2018-03-05 17:58:26','2018-03-05 17:58:26'),(5453,8,266,82,'2018-03-05 17:58:26','2018-03-05 17:58:26'),(5454,1,266,82,'2018-03-05 17:58:26','2018-03-05 17:58:26'),(5455,7,268,35,'2018-03-05 18:05:36','2018-03-05 18:05:36'),(5456,8,268,35,'2018-03-05 18:05:36','2018-03-05 18:05:36');
/*!40000 ALTER TABLE `result_record` ENABLE KEYS */;
UNLOCK TABLES;

--
-- Table structure for table `results`
--

DROP TABLE IF EXISTS `results`;
/*!40101 SET @saved_cs_client     = @@character_set_client */;
/*!40101 SET character_set_client = utf8 */;
CREATE TABLE `results` (
  `id` int(10) unsigned NOT NULL AUTO_INCREMENT,
  `position` varchar(191) COLLATE utf8mb4_unicode_ci NOT NULL,
  `overall` varchar(191) COLLATE utf8mb4_unicode_ci DEFAULT NULL,
  `mark` varchar(191) COLLATE utf8mb4_unicode_ci NOT NULL,
  `wind` double(8,2) DEFAULT NULL,
  `date` date NOT NULL,
  `score` int(11) DEFAULT NULL,
  `is_recordable` tinyint(1) NOT NULL DEFAULT '1',
  `race` varchar(191) COLLATE utf8mb4_unicode_ci NOT NULL,
  `status` tinyint(1) NOT NULL DEFAULT '0',
  `age` int(10) unsigned NOT NULL,
  `event_id` int(10) unsigned NOT NULL,
  `athlete_id` int(10) unsigned NOT NULL,
  `competition_id` int(10) unsigned NOT NULL,
  `created_at` timestamp NULL DEFAULT NULL,
  `updated_at` timestamp NULL DEFAULT NULL,
  PRIMARY KEY (`id`),
  KEY `results_event_id_foreign` (`event_id`),
  KEY `results_athlete_id_foreign` (`athlete_id`),
  KEY `results_competition_id_foreign` (`competition_id`),
  CONSTRAINT `results_athlete_id_foreign` FOREIGN KEY (`athlete_id`) REFERENCES `athletes` (`id`),
  CONSTRAINT `results_competition_id_foreign` FOREIGN KEY (`competition_id`) REFERENCES `competitions` (`id`),
  CONSTRAINT `results_event_id_foreign` FOREIGN KEY (`event_id`) REFERENCES `events` (`id`)
) ENGINE=InnoDB AUTO_INCREMENT=269 DEFAULT CHARSET=utf8mb4 COLLATE=utf8mb4_unicode_ci;
/*!40101 SET character_set_client = @saved_cs_client */;

--
-- Dumping data for table `results`
--

LOCK TABLES `results` WRITE;
/*!40000 ALTER TABLE `results` DISABLE KEYS */;
INSERT INTO `results` VALUES (1,'1',NULL,'00:00:10.11',1.50,'1996-05-25',1169,1,'Τελικός',1,29,2,1,13,'2018-01-02 10:16:17','2018-02-05 21:25:47'),(2,'3',NULL,'2.35',NULL,'2007-08-29',1224,1,'Τελικός',1,23,45,18,14,'2018-01-03 11:18:24','2018-01-03 21:10:24'),(3,'18',NULL,'02:19:51.00',NULL,'1982-10-08',992,1,'Τελικός',1,28,15,13,15,'2018-01-03 21:30:27','2018-01-03 21:30:44'),(4,'1',NULL,'00:00:11.25',1.10,'2016-06-18',1146,1,'Τελικός',1,27,25,3,17,'2018-01-04 13:07:27','2018-01-04 13:08:50'),(5,'6',NULL,'00:00:22.61',0.10,'2010-07-31',1174,1,'Τελικός',1,24,26,4,18,'2018-01-04 13:15:44','2018-01-04 13:15:55'),(6,'2',NULL,'4.45',NULL,'2009-06-30',1099,1,'Τελικός',1,19,64,31,19,'2018-01-04 13:24:22','2018-01-04 13:24:45'),(7,'1',NULL,'00:00:51.61',NULL,'2017-07-01',1142,1,'Τελικός',1,31,27,4,20,'2018-01-06 13:31:39','2018-01-06 13:32:24'),(8,'6',NULL,'00:02:02.10',NULL,'2016-05-28',1125,1,'Τελικός',1,25,28,5,21,'2018-01-06 13:39:12','2018-01-21 16:53:24'),(9,'2',NULL,'00:01:49.30',NULL,'2015-02-21',1101,1,'Τελικός',1,22,78,38,22,'2018-01-06 17:06:11','2018-02-05 21:25:47'),(10,'3',NULL,'5.61',NULL,'2017-02-25',1160,1,'Τελικός',1,28,95,20,23,'2018-01-07 09:52:45','2018-02-05 21:25:47'),(11,'1',NULL,'00:00:07.56',NULL,'2017-03-03',1184,1,'2η Σειρά',1,25,82,14,24,'2018-01-07 10:07:23','2018-01-21 17:03:33'),(12,'6',NULL,'00:00:07.60',NULL,'2017-03-03',1171,1,'Τελικός',1,25,82,14,24,'2018-01-07 10:09:13','2018-02-05 21:25:47'),(13,'2',NULL,'00:02:06.52',NULL,'2017-02-25',1081,1,'Τελικός',1,26,88,5,23,'2018-01-07 10:14:30','2018-02-05 21:25:47'),(14,'12',NULL,'00:03:39.50',NULL,'2016-06-03',1113,1,'Τελικός',1,28,11,11,25,'2018-01-09 08:30:29','2018-02-05 21:25:47'),(15,'6',NULL,'00:00:46.16',NULL,'1999-07-10',1101,1,'Ημιτελικός 2',1,27,6,9,26,'2018-01-09 09:05:25','2018-02-07 21:19:50'),(16,'1',NULL,'00:00:20.37',1.90,'1998-07-19',1162,1,'Τελικός',1,23,4,2,27,'2018-01-09 09:47:09','2018-01-30 12:41:54'),(17,'1',NULL,'00:00:13.25',-0.90,'2009-06-06',1116,1,'Τελικός',1,27,37,7,28,'2018-01-09 18:49:37','2018-01-09 18:53:41'),(18,'1',NULL,'65.69',NULL,'2016-05-28',1165,1,'Τελικός',1,31,57,22,29,'2018-01-09 19:02:59','2018-02-05 21:25:47'),(19,'1',NULL,'75.32',NULL,'2015-05-16',1122,1,'Τελικός',1,28,51,24,30,'2018-01-09 19:09:04','2018-02-05 21:25:47'),(20,'2',NULL,'00:04:11.28',NULL,'2016-07-30',1117,1,'Τελικός',1,25,30,5,31,'2018-01-09 19:17:21','2018-01-09 19:18:34'),(21,'2',NULL,'00:00:13.25',0.00,'2017-07-09',1206,1,'Τελικός',1,25,16,14,32,'2018-01-11 12:37:26','2018-02-05 21:25:47'),(22,'11',NULL,'00:09:02.18',NULL,'1988-09-23',1098,1,'1η Σειρά',1,25,114,6,33,'2018-01-11 12:46:25','2018-01-21 17:01:55'),(23,'12',NULL,'00:32:59.30',NULL,'1988-09-26',1087,1,'2η Σειρά',1,25,34,6,33,'2018-01-11 12:49:16','2018-01-21 17:00:44'),(24,'1',NULL,'00:00:07.33',NULL,'2014-02-08',1107,1,'4η Σειρά',1,25,84,3,34,'2018-01-14 09:42:11','2018-01-21 16:59:52'),(25,'2',NULL,'00:00:07.33',NULL,'2014-02-08',1107,1,'Τελικός',1,25,84,3,34,'2018-01-14 09:45:13','2018-01-14 09:51:34'),(26,'N/A',NULL,'4.41',NULL,'2009-02-21',1086,1,'N/A',1,19,101,31,35,'2018-01-14 10:21:58','2018-01-14 10:22:31'),(27,'N/A',NULL,'00:01:47.17',NULL,'1983-09-15',1108,1,'N/A',1,25,8,10,36,'2018-01-14 10:34:10','2018-01-14 10:35:19'),(28,'4',NULL,'00:08:24.01',NULL,'1983-09-15',1149,1,'Τελικός',1,27,12,12,36,'2018-01-14 10:43:47','2018-01-14 10:44:32'),(29,'N/A',NULL,'00:01:47.88',NULL,'1979-05-21',1087,1,'N/A',1,21,8,103,37,'2018-01-15 12:11:15','2018-01-15 12:11:31'),(30,'1',NULL,'00:01:51.84',NULL,'2012-02-04',1027,1,'Τελικός',1,19,78,38,38,'2018-01-16 12:29:00','2018-01-16 13:12:26'),(31,'N/A',NULL,'00:01:54.9H',NULL,'1973-10-28',NULL,1,'N/A',1,15,8,103,39,'2018-01-16 12:56:25','2018-02-05 10:26:37'),(32,'5',NULL,'00:01:49.39',NULL,'2012-06-02',1044,1,'Τελικός',1,19,8,38,40,'2018-01-16 13:03:24','2018-01-16 13:12:26'),(33,'5',NULL,'00:01:56.65',NULL,'2018-01-12',847,1,'Τελικός',1,22,78,104,41,'2018-01-16 13:40:42','2018-01-16 13:43:16'),(34,'2',NULL,'00:00:07.48',NULL,'2015-02-15',1058,1,'4η Σειρά',1,18,84,45,42,'2018-01-16 14:13:35','2018-01-21 16:59:16'),(35,'N/A',NULL,'00:00:07.41',NULL,'2016-02-06',1081,1,'N/A',1,20,84,79,43,'2018-01-16 17:02:28','2018-01-16 17:23:22'),(36,'N/A',NULL,'00:00:24.28',NULL,'2016-02-06',1057,1,'N/A',1,20,86,79,43,'2018-01-16 17:03:32','2018-01-16 17:23:22'),(37,'N/A',NULL,'00:00:07.50',NULL,'2013-02-10',1052,1,'N/A',1,16,84,45,44,'2018-01-16 17:14:18','2018-01-16 17:23:23'),(38,'1',NULL,'00:00:07.42',NULL,'2018-01-12',1078,1,'4η Σειρά',1,22,84,50,45,'2018-01-16 17:22:36','2018-01-21 16:58:41'),(39,'N/A',NULL,'00:00:52.91',NULL,'2004-02-08',1125,1,'N/A',1,31,87,8,46,'2018-01-18 10:43:41','2018-01-18 10:44:24'),(40,'N/A',NULL,'00:00:57.90',NULL,'2016-02-19',943,1,'N/A',1,19,87,78,47,'2018-01-18 10:52:59','2018-01-18 10:55:03'),(41,'3',NULL,'00:00:57.40',NULL,'2018-01-13',NULL,0,'3η Σειρά',1,21,87,78,48,'2018-01-18 11:02:05','2018-01-21 16:57:14'),(42,'3',NULL,'3.90',NULL,'2018-01-13',929,1,'Τελικός',1,27,101,105,49,'2018-01-18 11:17:05','2018-01-18 11:48:05'),(43,'1',NULL,'00:00:16.61',NULL,'2018-01-13',NULL,0,'Τελικός',1,20,115,106,49,'2018-01-18 11:46:15','2018-01-18 11:48:05'),(44,'1',NULL,'15.90',NULL,'2018-01-13',952,1,'Τελικός',1,19,97,107,49,'2018-01-18 11:47:38','2018-01-18 11:48:05'),(45,'N/A',NULL,'00:08:30.59',NULL,'2004-02-08',903,1,'N/A',1,19,81,90,46,'2018-01-18 15:44:28','2018-01-18 15:46:41'),(46,'N/A',NULL,'12.85',NULL,'2004-02-08',1000,1,'N/A',1,22,102,57,46,'2018-01-18 15:46:17','2018-01-18 15:46:41'),(47,'3',NULL,'00:00:57.45',NULL,'2018-01-19',959,1,'2η Σειρά',1,21,87,78,50,'2018-01-20 17:35:43','2018-01-21 16:56:24'),(48,'2',NULL,'6.18',NULL,'2018-01-19',1038,1,'Τελικός',1,22,99,50,51,'2018-01-20 17:42:56','2018-01-20 17:53:33'),(49,'4',NULL,'00:00:07.54',NULL,'2018-01-20',1039,1,'2η Σειρά',1,22,84,50,51,'2018-01-21 09:56:18','2018-01-23 11:11:50'),(50,'4',NULL,'5.25',NULL,'2018-01-20',1061,1,'Τελικός',1,29,95,20,52,'2018-01-21 10:05:56','2018-01-23 11:11:50'),(51,'1',NULL,'00:00:08.28',NULL,'2018-01-20',NULL,1,'Τελικός',1,19,116,91,53,'2018-01-21 17:13:36','2018-01-23 11:12:03'),(52,'1','5','00:00:07.03',NULL,'2018-01-20',967,1,'3η Τελική Σειρά',1,20,74,106,53,'2018-01-21 17:17:40','2018-01-23 11:11:50'),(53,'1',NULL,'00:00:16.17',NULL,'2018-01-20',NULL,0,'Τελικός',1,20,115,106,53,'2018-01-21 17:20:07','2018-01-30 12:41:04'),(54,'1',NULL,'15.62',NULL,'2018-01-20',860,1,'Τελικός',1,19,97,107,53,'2018-01-21 17:22:46','2018-01-23 11:11:50'),(55,'2',NULL,'3.90',NULL,'2018-01-20',929,1,'Τελικός',1,27,101,105,53,'2018-01-21 17:25:46','2018-01-23 11:11:50'),(56,'1','1','00:00:08.49',NULL,'2018-01-20',1052,1,'Τελικός',1,19,92,113,53,'2018-01-22 18:41:59','2018-01-23 11:11:50'),(57,'N/A','N/A','00:04:15.68',NULL,'2017-02-15',1103,1,'Τελικός',1,26,90,5,65,'2018-01-22 18:45:39','2018-02-01 16:18:55'),(58,'5','16','00:00:07.24',NULL,'2018-01-20',821,1,'2η Τελική Σειρά',1,30,74,111,53,'2018-01-22 18:47:17','2018-01-23 11:17:35'),(59,'3',NULL,'3.80',NULL,'2018-01-20',898,1,'Τελικός',1,27,101,116,53,'2018-01-22 18:50:06','2018-01-23 11:11:50'),(60,'4',NULL,'3.70',NULL,'2018-01-20',868,1,'Τελικός',1,28,101,115,53,'2018-01-22 18:50:06','2018-01-23 11:11:51'),(61,'2',NULL,'1.85',NULL,'2018-01-20',784,1,'Τελικός',1,19,94,112,53,'2018-01-22 18:51:55','2018-01-23 11:11:51'),(62,'4',NULL,'1.60',NULL,'2018-01-20',830,1,'Τελικός',1,27,100,114,53,'2018-01-22 18:53:24','2018-01-23 11:11:51'),(63,'3',NULL,'11.28',NULL,'2018-01-20',842,1,'Τελικός',1,27,102,114,53,'2018-01-22 18:54:17','2018-01-23 11:11:51'),(64,'1','2','00:00:06.95',NULL,'2018-01-20',964,1,'5η Τελική Σειρά',1,23,74,110,53,'2018-01-23 10:52:50','2018-01-23 11:11:51'),(65,'N/A',NULL,'00:00:07.12',NULL,'2018-01-20',879,1,'N/A',1,26,74,109,54,'2018-01-23 11:09:33','2018-01-23 11:11:51'),(66,'N/A',NULL,'00:00:50.36',NULL,'2018-01-20',897,1,'N/A',1,27,77,108,54,'2018-01-23 11:10:49','2018-01-23 11:11:51'),(67,'Ν/Α','Ν/Α','00:28:26.87',NULL,'1981-06-19',1091,1,'Ν/Α',1,27,14,13,55,'2018-01-24 19:31:49','2018-01-24 20:28:02'),(68,'1','1','17.13',NULL,'1991-07-11',1178,1,'Τελικός',1,29,47,44,56,'2018-01-24 20:26:00','2018-01-24 20:28:02'),(69,'N/A','N/A','19.84',NULL,'1975-04-09',1111,1,'N/A',1,30,48,21,57,'2018-01-24 21:02:24','2018-01-24 21:02:39'),(70,'N/A','N/A','00:13:34.29',NULL,'1983-08-27',1072,1,'N/A',1,27,13,12,58,'2018-01-24 21:18:57','2018-01-24 21:21:04'),(71,'3','5','00:00:06.93',NULL,'2018-01-26',975,1,'Σειρά 2',1,23,74,110,59,'2018-01-26 17:10:51','2018-01-28 10:10:39'),(72,'2','10','00:00:07.10',NULL,'2018-01-26',889,1,'Σειρά 3',1,26,74,109,59,'2018-01-26 17:12:19','2018-01-28 10:10:39'),(73,'1','6','00:00:07.01',NULL,'2018-01-26',934,1,'Σειρά 4',1,20,74,106,59,'2018-01-26 17:20:26','2018-01-28 10:10:39'),(74,'8','28','00:00:07.33',NULL,'2018-01-26',779,1,'Σειρά 1',1,19,74,117,59,'2018-01-26 17:26:12','2018-01-28 10:10:39'),(75,'6','22','00:00:07.26',NULL,'2018-01-26',811,1,'Σειρά 3',1,30,74,111,59,'2018-01-26 17:32:03','2018-01-28 10:10:39'),(76,'1','26','00:00:07.31',NULL,'2018-01-26',788,1,'Σειρά 6',1,18,74,118,59,'2018-01-26 17:39:39','2018-01-28 10:10:40'),(77,'5','15','00:00:07.14',NULL,'2018-01-26',869,1,'Σειρά 1',1,20,74,119,59,'2018-01-26 17:49:32','2018-01-28 10:10:40'),(78,'1','12','00:00:07.13',NULL,'2018-01-26',874,1,'Σειρά 8',1,27,74,120,59,'2018-01-26 17:53:27','2018-01-28 10:10:40'),(79,'5','5','00:00:06.94',NULL,'2018-01-26',969,1,'Τελικός',1,23,74,110,59,'2018-01-26 17:54:48','2018-01-28 10:10:40'),(80,'3','3','00:00:22.16',NULL,'2018-01-26',965,1,'Τελικός 1',1,27,76,120,59,'2018-01-26 17:59:38','2018-01-28 10:10:40'),(81,'1','5','00:00:22.76',NULL,'2018-01-26',883,1,'Τελικός 4',1,18,76,118,59,'2018-01-26 18:00:38','2018-01-28 10:10:40'),(82,'3','3','00:04:06.66',NULL,'2018-01-26',815,1,'Τελικός',1,19,80,121,59,'2018-01-26 18:05:08','2018-02-01 16:21:49'),(83,'3','3','1.90',NULL,'2018-01-26',827,1,'Τελικός',1,19,94,112,59,'2018-01-26 18:27:20','2018-01-28 10:10:41'),(84,'5','5','1.85',NULL,'2018-01-26',784,1,'Τελικός',1,20,94,122,59,'2018-01-26 18:30:20','2018-01-28 10:10:41'),(85,'5','5','6.69',NULL,'2018-01-26',856,1,'Τελικός',1,21,93,100,59,'2018-01-26 19:12:40','2018-01-28 10:10:41'),(86,'1','1','15.48',NULL,'2018-01-26',1004,1,'Τελικός',1,22,96,123,59,'2018-01-26 19:15:34','2018-01-28 10:10:41'),(87,'2','2','5.35',NULL,'2018-01-26',1089,1,'Τελικός',1,29,95,20,59,'2018-01-26 19:17:33','2018-01-28 10:10:41'),(88,'2','2','14.00',NULL,'2018-01-26',849,1,'Τελικός',1,22,97,124,59,'2018-01-26 19:21:04','2018-01-28 10:10:41'),(89,'4','23','00:00:52.52',NULL,'2018-01-26',773,1,'Τελικός 3',1,35,77,125,59,'2018-01-26 19:29:14','2018-01-28 10:10:41'),(90,'2','3','00:00:49.68',NULL,'2018-01-26',937,1,'Τελικός 2',1,27,77,108,59,'2018-01-26 19:30:29','2018-01-28 10:10:41'),(91,'3','3','00:00:08.35',NULL,'2018-01-26',933,1,'Τελικός 1',1,19,116,91,59,'2018-01-26 19:55:01','2018-01-28 10:10:41'),(92,'2','2','00:00:24.96',NULL,'2018-01-26',998,1,'Τελικός 1',1,18,86,126,59,'2018-01-26 20:19:07','2018-01-28 10:10:41'),(93,'2','3','00:00:07.71',NULL,'2018-01-26',985,1,'Σειρά 2',1,22,84,77,59,'2018-01-26 20:24:36','2018-01-28 10:11:27'),(94,'2','4','00:00:07.74',NULL,'2018-01-26',975,1,'Σειρά 1',1,18,84,126,59,'2018-01-26 20:25:46','2018-01-28 10:10:41'),(95,'4','4','00:00:07.68',NULL,'2018-01-26',994,1,'Τελικός',1,22,84,77,59,'2018-01-26 20:27:56','2018-01-28 10:11:27'),(96,'6','6','00:00:07.79',NULL,'2018-01-26',960,1,'Τελικός',1,18,84,126,59,'2018-01-26 20:28:51','2018-01-28 10:10:41'),(97,'1','1','00:00:08.51',NULL,'2018-01-26',1047,1,'Τελικός 1',1,31,92,128,59,'2018-01-26 21:19:51','2018-01-28 10:10:42'),(98,'2','2','00:00:08.76',NULL,'2018-01-26',994,1,'Τελικός 1',1,19,92,113,59,'2018-01-26 21:19:51','2018-01-28 10:10:42'),(99,'4','4','00:00:08.86',NULL,'2018-01-26',973,1,'Τελικός 1',1,25,92,127,59,'2018-01-26 21:19:51','2018-01-28 10:10:42'),(100,'4','4','4.00',NULL,'2018-01-26',960,1,'Τελικός',1,27,101,105,59,'2018-01-26 21:25:50','2018-01-28 10:10:42'),(101,'5','5','3.80',NULL,'2018-01-26',898,1,'Τελικός',1,27,101,116,59,'2018-01-26 21:25:50','2018-01-28 10:10:42'),(102,'8','8','3.65',NULL,'2018-01-26',853,1,'Τελικός',1,28,101,115,59,'2018-01-26 21:25:50','2018-01-28 10:10:42'),(103,'5','5','1.68',NULL,'2018-01-26',907,1,'Τελικός',1,18,100,129,59,'2018-01-26 21:31:07','2018-01-28 10:10:42'),(104,'6','6','5.24',NULL,'2018-01-26',835,1,'Τελικός',1,16,99,130,59,'2018-01-26 21:35:57','2018-01-28 10:10:42'),(105,'1','1','00:03:55.66',NULL,'2018-01-26',949,1,'Τελικός',1,24,80,131,59,'2018-01-27 14:32:34','2018-01-28 10:10:42'),(106,'7','7','11.30',NULL,'2018-01-26',844,1,'Τελικός',1,16,102,130,59,'2018-01-27 14:34:33','2018-01-28 10:10:42'),(107,'1','7','00:00:50.65',NULL,'2018-01-26',879,1,'Τελικός 3',1,20,77,106,59,'2018-01-27 14:38:28','2018-01-28 10:10:42'),(108,'3','3','00:01:48.23',NULL,'2018-01-27',1133,1,'Τελικός 1',1,25,78,38,60,'2018-01-27 16:53:43','2018-01-28 10:10:42'),(109,'6','30','00:01:57.61',NULL,'2018-01-27',870,1,'Τελικός 3',1,18,78,19,60,'2018-01-27 17:00:43','2018-01-28 10:11:28'),(110,'2','2','00:00:07.74',NULL,'2018-01-28',1124,1,'Τελικός',1,26,82,14,61,'2018-01-28 10:18:34','2018-01-28 10:21:18'),(111,'1','1','2.20',NULL,'2018-01-28',1090,1,'Τελικός',1,26,94,132,61,'2018-01-28 10:21:08','2018-01-28 10:21:18'),(112,'3','10','00:00:56.89',NULL,'2018-01-27',979,1,'Τελικός 3',1,21,87,78,62,'2018-01-30 12:54:05','2018-01-30 13:11:12'),(113,'1','1','6.16',NULL,'2018-01-27',1033,1,'Τελικός',1,22,99,50,63,'2018-01-30 13:00:03','2018-01-30 13:11:12'),(114,'7','9','00:01:57.72',NULL,'2018-01-27',867,1,'Τελικός 3',1,22,78,104,64,'2018-01-30 13:10:07','2018-01-30 13:11:12'),(115,'6','6','00:00:06.98',NULL,'2018-01-26',949,1,'Τελικός',1,20,74,106,59,'2018-01-30 13:32:31','2018-02-01 16:02:46'),(116,'1','1','00:00:07.65',NULL,'2018-02-03',1154,1,'Τελικός 1',1,26,82,14,66,'2018-02-06 09:20:33','2018-02-07 21:58:51'),(117,'5','5','4.60',NULL,'2018-02-03',886,1,'Τελικός',1,18,95,133,66,'2018-02-06 09:25:17','2018-02-07 21:58:51'),(118,'1','1','15.27',NULL,'2018-02-03',981,1,'Τελικός',1,22,96,123,66,'2018-02-06 09:26:43','2018-02-07 21:58:51'),(119,'1','1','17.12',NULL,'2018-02-03',NULL,1,'Τελικός',1,19,117,107,66,'2018-02-06 09:34:11','2018-02-13 18:15:11'),(120,'1','1','00:00:07.69',NULL,'2018-02-03',991,1,'Τελικός 1',1,22,84,77,66,'2018-02-06 09:36:33','2018-02-07 21:58:51'),(121,'1','2','00:00:07.78',NULL,'2018-02-03',963,1,'Τελικός 1',1,22,84,134,66,'2018-02-06 09:39:16','2018-02-07 21:58:51'),(122,'5','6','00:00:08.00',NULL,'2018-02-03',896,1,'Τελικός 1',1,32,84,135,66,'2018-02-06 09:43:34','2018-02-07 22:01:20'),(123,'1','1','00:00:08.53',NULL,'2018-02-03',1043,1,'Τελικός 1',1,31,92,128,66,'2018-02-06 11:39:06','2018-02-07 21:58:52'),(124,'3','3','1.60',NULL,'2018-02-03',830,1,'Τελικός',1,18,100,136,66,'2018-02-07 20:59:38','2018-02-07 21:58:52'),(125,'1','1','1.70',NULL,'2018-02-03',926,1,'Τελικός',1,18,100,129,66,'2018-02-07 21:00:48','2018-02-07 21:58:52'),(126,'3','3','3.80',NULL,'2018-02-03',898,1,'Τελικός',1,27,101,116,66,'2018-02-07 21:02:03','2018-02-07 21:58:52'),(127,'3','3','3.80',NULL,'2018-02-03',898,1,'Τελικός',1,27,101,105,66,'2018-02-07 21:02:32','2018-02-07 21:58:52'),(128,'4','48','00:00:25.97',NULL,'2018-02-02',909,1,'Τελικός 5',1,21,86,78,67,'2018-02-07 21:15:07','2018-02-07 21:58:52'),(129,'2','2','6.15',NULL,'2018-02-03',1031,1,'Τελικός',1,22,99,50,68,'2018-02-07 21:18:14','2018-02-07 21:58:52'),(130,'2','7','00:00:07.51',NULL,'2018-02-02',1048,1,'Ημιτελικός 1',1,22,84,50,68,'2018-02-07 21:21:42','2018-02-07 21:58:52'),(131,'7','7','00:00:07.50',NULL,'2018-02-02',1052,1,'Τελικός',1,22,84,50,68,'2018-02-07 21:22:42','2018-02-07 21:58:52'),(132,'3','3','00:00:08.67',NULL,'2018-02-03',1013,1,'Σειρά 1',1,19,92,113,69,'2018-02-07 21:52:12','2018-02-07 21:58:52'),(133,'3','3','00:00:08.64',NULL,'2018-02-03',1019,1,'Τελικός 1',1,19,92,113,69,'2018-02-07 21:52:57','2018-02-07 21:58:52'),(134,'3','3','00:00:07.68',NULL,'2018-02-06',1144,1,'Τελικός',1,26,82,14,70,'2018-02-07 21:57:34','2018-02-07 21:58:52'),(135,'N/A','N/A','00:01:51.7H',NULL,'1979-10-06',NULL,1,'N/A',1,17,8,141,72,'2018-02-08 18:55:22','2018-02-08 18:55:40'),(136,'1','5','00:00:07.70',NULL,'2018-02-10',988,1,'Σειρά 4',1,22,84,77,5,'2018-02-10 11:00:33','2018-02-15 14:05:29'),(137,'2','10','00:00:07.82',NULL,'2018-02-10',950,1,'Σειρά 8',1,22,84,134,5,'2018-02-10 11:01:59','2018-02-15 14:05:29'),(138,'2','23','00:00:08.01',NULL,'2018-02-10',893,1,'Σειρά 9',1,28,84,137,5,'2018-02-10 11:03:38','2018-02-15 14:05:29'),(139,'3','18','00:00:07.94',NULL,'2018-02-10',914,1,'Σειρά 5',1,16,84,140,5,'2018-02-10 11:05:47','2018-02-15 14:05:29'),(140,'2','30','00:00:08.08',NULL,'2018-02-10',872,1,'Σειρά 7',1,32,84,135,5,'2018-02-10 11:07:19','2018-02-15 14:05:29'),(141,'2','2','2.15',NULL,'2018-02-10',1046,1,'Τελικός',1,26,94,132,5,'2018-02-10 19:19:00','2018-02-15 14:05:30'),(142,'4','5','00:00:07.67',NULL,'2018-02-10',997,1,'Τελικός 2',1,22,84,77,5,'2018-02-10 19:22:47','2018-02-15 14:05:30'),(143,'3','11','00:00:07.81',NULL,'2018-02-10',954,1,'Τελικός 1',1,22,84,134,5,'2018-02-10 19:25:05','2018-02-15 14:05:30'),(144,'3','3','4.05',NULL,'2018-02-10',975,1,'Τελικός',1,27,101,105,5,'2018-02-10 19:29:55','2018-02-15 14:05:30'),(145,'8','8','3.70',NULL,'2018-02-10',868,1,'Τελικός',1,27,101,116,5,'2018-02-10 19:30:58','2018-02-15 14:05:30'),(146,'10','10','00:04:06.13',NULL,'2018-02-10',821,1,'Τελικός 1',1,19,80,121,5,'2018-02-10 19:39:59','2018-02-15 14:05:30'),(147,'3','3','00:03:54.06',NULL,'2018-02-10',969,1,'Τελικός 1',1,24,80,131,5,'2018-02-10 19:41:41','2018-02-15 14:05:30'),(148,'4','4','18.04',NULL,'2018-02-10',NULL,1,'Τελικός',1,19,117,107,4,'2018-02-10 19:56:32','2018-02-13 18:16:37'),(149,'2','5','00:00:08.55',NULL,'2018-02-10',1039,1,'Ημιτελικός 1',1,19,92,113,4,'2018-02-10 19:58:07','2018-02-14 13:03:21'),(150,'6','6','1.65',NULL,'2018-02-10',878,1,'Τελικός',1,18,100,129,4,'2018-02-10 20:00:14','2018-02-13 18:16:37'),(151,'3','7','00:00:07.74',NULL,'2018-02-10',975,1,'Ημιτελικός 3',1,18,84,126,4,'2018-02-10 20:01:16','2018-02-14 13:06:15'),(152,'3','3','15.90',NULL,'2018-02-10',1048,1,'Τελικός',1,22,96,123,5,'2018-02-11 14:48:58','2018-02-15 14:05:31'),(153,'1','5','00:00:50.62',NULL,'2018-02-10',881,1,'Προκριματικός 5',1,20,77,106,5,'2018-02-11 17:54:17','2018-02-15 14:05:31'),(154,'2','4','00:00:49.75',NULL,'2018-02-10',933,1,'Τελικός 1',1,20,77,106,5,'2018-02-11 17:55:23','2018-02-15 14:05:31'),(155,'1','3','00:01:59.52',NULL,'2018-02-11',820,1,'Προκριματικός 5',1,18,78,19,5,'2018-02-13 18:29:31','2018-02-15 14:05:31'),(156,'4','5','00:01:55.75',NULL,'2018-02-11',919,1,'Τελικός 2',1,18,78,19,5,'2018-02-13 18:30:47','2018-02-15 14:05:31'),(157,'3','26','00:00:27.07',NULL,'2018-02-11',818,1,'Προκριματικός 1',1,32,86,135,5,'2018-02-13 18:49:03','2018-02-15 14:05:31'),(158,'13','13','00:08:42.34',NULL,'2018-02-11',839,1,'Τελικός 2',1,28,81,142,5,'2018-02-13 18:59:44','2018-02-15 14:05:31'),(159,'2','2','00:08:23.86',NULL,'2018-02-11',940,1,'Τελικός 2',1,24,81,131,5,'2018-02-13 19:01:51','2018-02-15 14:05:31'),(160,'4','4','00:00:08.57',NULL,'2018-02-10',1034,1,'Τελικός',1,19,92,113,4,'2018-02-14 13:04:56','2018-02-14 13:06:30'),(161,'5','5','00:10:06.41',NULL,'2018-02-11',912,1,'Τελικός',1,27,91,5,5,'2018-02-14 13:08:14','2018-02-15 14:05:31'),(162,'6','6','00:10:18.69',NULL,'2018-02-11',875,1,'Τελικός',1,25,91,69,5,'2018-02-14 13:09:26','2018-02-15 14:05:48'),(163,'1','1','00:00:07.55',NULL,'2018-02-11',1187,1,'Τελικός 2',1,26,82,14,5,'2018-02-14 13:12:07','2018-02-15 14:05:31'),(164,'2','2','00:00:08.52',NULL,'2018-02-11',1045,1,'Τελικός 2',1,31,92,128,5,'2018-02-14 13:13:41','2018-02-15 14:05:31'),(165,'2','5','00:00:22.33',NULL,'2018-02-11',941,1,'Προκριματικός 2',1,20,76,106,5,'2018-02-14 13:16:19','2018-02-15 14:05:32'),(166,'3','6','00:00:22.38',NULL,'2018-02-11',934,1,'Τελικός 1',1,20,76,106,5,'2018-02-14 13:17:54','2018-02-15 14:05:32'),(167,'6','8','00:00:07.37',NULL,'2018-02-10',760,1,'Έπταθλο Σειρά 1',1,18,74,143,5,'2018-02-14 13:26:47','2018-02-15 14:05:32'),(168,'7','7','6.46',NULL,'2018-02-10',807,1,'Έπταθλο',1,18,93,143,5,'2018-02-14 13:30:03','2018-02-15 14:05:32'),(169,'4','4','13.05',NULL,'2018-02-10',751,1,'Έπταθλο',1,18,97,143,5,'2018-02-14 13:31:51','2018-02-15 14:05:32'),(170,'11','11','1.75',NULL,'2018-02-10',698,1,'Έπταθλο',1,18,94,143,5,'2018-02-14 13:32:58','2018-02-15 14:05:32'),(171,'5','10','00:00:09.22',NULL,'2018-02-11',691,1,'Έπταθλο Σειρά 2',1,18,82,143,5,'2018-02-14 13:35:05','2018-02-15 14:05:32'),(172,'5','5','4.00',NULL,'2018-02-11',727,1,'Έπταθλο',1,18,95,143,5,'2018-02-14 13:36:38','2018-02-15 14:05:32'),(173,'6','12','00:03:06.70',NULL,'2018-02-11',323,1,'Έπταθλο Σειρά 2',1,18,118,143,5,'2018-02-14 13:40:02','2018-02-15 14:05:32'),(174,'2','9','00:01:50.83',NULL,'2018-02-10',1056,1,'Τελικός 2',1,25,78,38,71,'2018-02-15 13:52:39','2018-02-15 14:05:32'),(175,'2','2','5.30',NULL,'2018-02-10',1075,1,'Τελικός',1,29,95,20,71,'2018-02-15 13:54:32','2018-02-15 14:05:32'),(176,'8','8','3.65',NULL,'2018-02-10',853,1,'Τελικός',1,28,101,115,71,'2018-02-15 13:55:45','2018-02-15 14:05:33'),(177,'8','8','4613',NULL,'2018-02-11',850,1,'Τελικός',1,18,98,143,5,'2018-02-15 14:03:01','2018-02-15 14:05:33'),(178,'5','10','00:00:12.69',NULL,'2018-02-11',338,1,'Πένταθλο Σειρά 2',1,24,92,139,5,'2018-02-15 14:15:06','2018-02-15 14:23:36'),(179,'10','10','1.30',NULL,'2018-02-11',546,1,'Πένταθλο',1,24,94,139,5,'2018-02-15 14:16:14','2018-02-15 14:23:36'),(180,'6','6','10.06',NULL,'2018-02-11',590,1,'Πένταθλο',1,24,103,139,5,'2018-02-15 14:19:28','2018-02-15 14:23:36'),(181,'10','10','4.33',NULL,'2018-02-11',641,1,'Πένταθλο',1,24,99,139,5,'2018-02-15 14:20:21','2018-02-15 14:23:36'),(182,'2','2','00:02:27.67',NULL,'2018-02-11',774,1,'Πένταθλο',1,24,88,139,5,'2018-02-15 14:21:39','2018-02-15 14:23:36'),(183,'10','10','2342',NULL,'2018-02-11',539,1,'Πένταθλο',1,24,104,139,5,'2018-02-15 14:23:10','2018-02-15 14:23:36'),(184,'5','5','00:04:24.30',NULL,'2018-02-09',838,1,'Τελικός 1',1,22,79,104,74,'2018-02-15 17:29:48','2018-02-15 17:33:06'),(185,'3','20','00:00:07.59',NULL,'2018-02-09',1023,1,'Προκριματικός 1',1,22,84,50,75,'2018-02-15 17:32:15','2018-02-15 17:33:06'),(186,'2','2','00:00:20.65',NULL,'1998-03-01',1187,1,'Τελικός',1,27,76,36,77,'2018-02-17 11:14:21','2018-02-17 11:27:37'),(187,'Ν/Α','Ν/Α','00:00:05.72',NULL,'2000-02-05',1140,1,'Ν/Α',1,29,119,36,78,'2018-02-17 11:19:04','2018-02-17 11:27:37'),(188,'Ν/Α','Ν/Α','00:00:10.31',NULL,'1999-02-28',NULL,1,'Ν/Α',1,28,75,36,79,'2018-02-17 11:26:24','2018-02-17 11:27:37'),(189,'1','1','00:00:07.59',NULL,'2018-02-15',1174,1,'Τελικός',1,26,82,14,76,'2018-02-23 11:40:13','2018-02-24 10:46:02'),(190,'2','3','00:01:50.02',NULL,'2018-02-17',1080,1,'Τελικός 2',1,25,78,38,7,'2018-02-24 10:25:34','2018-02-24 10:46:02'),(191,'1','1','00:03:53.01',NULL,'2018-02-17',983,1,'Τελικός',1,30,80,11,7,'2018-02-24 10:26:37','2018-02-24 10:46:03'),(192,'5','5','00:08:16.62',NULL,'2018-02-17',981,1,'Τελικός',1,24,81,131,7,'2018-02-24 10:28:21','2018-02-24 10:46:03'),(193,'2','2','2.18',NULL,'2018-02-17',1072,1,'Τελικός',1,26,94,132,7,'2018-02-24 10:29:48','2018-02-24 10:46:03'),(194,'2','2','5.25',NULL,'2018-02-17',1060,1,'Τελικός',1,29,95,20,7,'2018-02-24 10:30:50','2018-02-24 10:46:03'),(195,'3','3','00:04:25.80',NULL,'2018-02-17',1026,1,'Τελικός',1,27,90,5,7,'2018-02-24 10:32:10','2018-02-24 10:46:03'),(196,'5','5','4.00',NULL,'2018-02-17',960,1,'Τελικός',1,27,101,105,7,'2018-02-24 10:33:21','2018-02-24 10:46:03'),(197,'5','10','00:01:54.41',NULL,'2018-02-21',955,1,'Προκριματικός 2',1,22,78,104,80,'2018-02-24 10:36:09','2018-02-24 10:46:03'),(198,'2','5','00:00:56.13',NULL,'2018-02-17',1006,0,'Τελικός 2',1,21,87,78,81,'2018-02-24 10:40:08','2018-02-24 10:46:03'),(199,'6','6','00:01:49.16',NULL,'2018-02-21',1105,1,'Τελικός',1,25,78,38,82,'2018-02-24 10:41:54','2018-02-24 10:46:03'),(200,'5','5','00:04:14.62',NULL,'2018-02-21',1111,1,'Τελικός',1,27,90,5,82,'2018-02-24 10:42:49','2018-02-24 10:46:03'),(201,'N/A','N/A','00:04:43.17',NULL,'2016-02-26',1054,1,'N/A',1,22,89,47,83,'2018-02-25 10:05:14','2018-02-25 10:07:22'),(202,'N/A','N/A','00:09:40.52',NULL,'2014-01-18',993,1,'N/A',1,20,91,47,84,'2018-02-25 10:06:33','2018-02-25 10:07:22'),(203,'1','1','1.93',NULL,'2015-03-13',1150,1,'Τελικός',1,21,100,27,85,'2018-02-25 10:18:54','2018-02-25 13:58:03'),(204,'2','2','1.93',NULL,'2015-05-14',1152,1,'Τελικός',1,21,63,27,86,'2018-02-25 14:05:09','2018-02-25 14:06:01'),(205,'N/A','N/A','00:04:20.35',NULL,'2015-05-28',1047,1,'N/A',1,21,30,47,87,'2018-02-25 14:22:49','2018-02-25 15:02:06'),(206,'N/A','N/A','00:16:29.13',NULL,'2015-04-17',997,1,'N/A',1,21,33,47,88,'2018-02-25 14:41:37','2018-02-25 15:02:06'),(207,'2','2','00:10:40.79',NULL,'2011-04-23',999,1,'Τελικός',1,19,32,26,89,'2018-02-25 14:53:04','2018-02-25 15:02:06'),(208,'4','15','00:00:57.49',NULL,'2018-02-23',957,0,'Προκριματικός 1',1,21,87,78,90,'2018-02-25 15:01:48','2018-02-25 15:02:06'),(209,'3','7','00:02:10.40',NULL,'2011-02-26',1020,1,'Προκριματικός 2',1,19,88,26,91,'2018-02-25 15:09:20','2018-02-25 15:10:59'),(210,'9','9','00:02:12.89',NULL,'2011-02-27',983,1,'Τελικός',1,19,88,26,91,'2018-02-25 15:10:03','2018-02-25 15:11:00'),(211,'1','1','00:04:52.52',NULL,'2013-02-09',990,1,'Τελικός',1,19,89,47,92,'2018-02-25 15:15:26','2018-02-25 15:19:30'),(212,'1','1','6.34',NULL,'2017-01-13',1073,1,'Τελικός',1,21,99,50,93,'2018-02-25 15:19:12','2018-02-25 15:19:30'),(213,'1','1','70.08',NULL,'2015-04-03',1041,1,'Τελικός',1,22,51,86,94,'2018-02-25 21:03:55','2018-02-25 21:05:21'),(214,'7','7','6.25',NULL,'2018-02-25',1053,1,'Τελικός',1,22,99,50,95,'2018-02-26 10:19:56','2018-02-26 10:20:15'),(215,'1','1','00:07:55.32',NULL,'2018-02-18',1106,1,'Τελικός',1,30,81,11,96,'2018-02-26 13:12:56','2018-02-26 13:13:07'),(216,'N/A','N/A','00:00:47.5H',NULL,'1972-06-28',1148,1,'N/A',1,24,19,15,97,'2018-02-27 09:28:47','2018-02-27 09:32:21'),(217,'6','6','00:00:49.66',NULL,'1972-09-02',1147,1,'Τελικός',1,24,19,15,98,'2018-02-27 09:31:54','2018-02-27 09:32:21'),(218,'N/A','N/A','7.86',NULL,'1982-03-25',1107,1,'N/A',1,21,44,16,99,'2018-02-27 11:10:06','2018-02-27 11:16:41'),(219,'1','1','7.86',NULL,'1986-05-24',1107,1,'Τελικός',1,27,44,17,100,'2018-02-27 11:16:14','2018-02-27 11:16:42'),(220,'N/A','N/A','74.58',NULL,'2004-04-14',1111,1,'N/A',1,28,55,23,101,'2018-02-27 19:10:02','2018-02-27 19:10:12'),(221,'8','8','00:03:59.33',NULL,'2017-07-18',1083,1,'Τελικός',1,29,10,11,102,'2018-02-28 10:45:47','2018-02-28 10:46:11'),(222,'3','3','00:00:20.55',1.30,'1997-06-17',1135,1,'Τελικός',1,22,4,2,103,'2018-02-28 11:34:02','2018-03-02 11:45:42'),(223,'4','4','00:00:10.41',NULL,'1997-06-17',1069,1,'Τελικός',1,19,2,37,103,'2018-02-28 11:37:12','2018-03-01 13:01:58'),(224,'3','3','58.16',NULL,'2007-07-14',1027,1,'Τελικός',1,22,57,22,104,'2018-03-01 12:38:53','2018-03-01 12:39:04'),(225,'1','1','61.35',NULL,'2017-07-02',NULL,1,'Τελικός',1,19,59,168,105,'2018-03-01 13:08:40','2018-03-01 13:09:56'),(226,'2','2','55.67',NULL,'2017-05-20',981,1,'Τελικός',1,19,57,168,106,'2018-03-01 15:22:34','2018-03-01 16:57:47'),(227,'8','8','45.09',NULL,'2017-06-18',659,1,'Τελικός',1,15,51,169,107,'2018-03-01 15:33:59','2018-03-01 16:57:48'),(228,'5','5','00:19:24.19',NULL,'2017-06-18',707,1,'Τελικός',1,14,33,73,107,'2018-03-01 15:37:51','2018-03-05 17:52:43'),(229,'1','1','00:01:18.51',NULL,'2017-03-26',1011,1,'Τελικός',1,24,7,38,108,'2018-03-01 16:46:59','2018-03-01 16:57:48'),(230,'2','2','00:01:21.13',NULL,'2017-03-26',912,1,'Τελικός',1,17,7,19,108,'2018-03-01 16:47:35','2018-03-01 16:57:48'),(231,'3','3','53.77',NULL,'2017-03-26',946,1,'Τελικός',1,19,57,168,108,'2018-03-01 16:49:16','2018-03-01 16:57:48'),(232,'1','1','15.32',NULL,'2017-03-26',NULL,1,'Τελικός',1,17,121,62,108,'2018-03-01 16:50:25','2018-03-01 16:58:05'),(233,'4','4','52.93',NULL,'2016-06-18',931,1,'Τελικός',1,17,57,107,17,'2018-03-01 17:05:13','2018-03-01 17:08:28'),(234,'1','1','16.26',NULL,'2016-06-19',898,1,'Τελικός',1,18,66,52,17,'2018-03-01 17:08:05','2018-03-05 17:52:43'),(235,'1','1','71.89',NULL,'2012-06-10',1069,1,'Τελικός',1,25,51,24,109,'2018-03-01 21:55:59','2018-03-01 21:57:17'),(236,'2','2','67.04',NULL,'2012-06-10',995,1,'Τελικός',1,19,51,86,109,'2018-03-01 21:56:38','2018-03-01 21:57:17'),(237,'7','7','00:02:55.97',NULL,'2012-12-12',906,1,'Τελικός',1,20,122,26,110,'2018-03-02 11:04:21','2018-03-05 17:52:19'),(238,'9','9','00:02:58.44',NULL,'2012-12-12',877,1,'Τελικός',1,18,122,47,110,'2018-03-02 11:06:01','2018-03-05 17:52:20'),(239,'5','5','1.78',NULL,'2012-12-09',1004,1,'Τελικός',1,18,63,27,110,'2018-03-02 11:09:15','2018-03-05 17:52:20'),(240,'N/A','N/A','00:00:10.83',NULL,'2000-08-11',937,1,'Δέκαθλο',1,26,2,25,111,'2018-03-02 11:17:48','2018-03-02 11:41:57'),(241,'N/A','N/A','7.16',NULL,'2000-08-11',956,1,'Δέκαθλο',1,26,44,25,111,'2018-03-02 11:20:07','2018-03-02 11:41:58'),(242,'N/A','N/A','15.16',NULL,'2000-08-11',833,1,'Δέκαθλο',1,26,48,25,111,'2018-03-02 11:21:13','2018-03-02 11:41:58'),(243,'N/A','N/A','1.96',NULL,'2000-08-11',879,1,'Δέκαθλο',1,26,45,25,111,'2018-03-02 11:32:41','2018-03-02 11:41:58'),(244,'N/A','N/A','00:00:51.21',NULL,'2000-08-11',788,1,'Δέκαθλο',1,26,6,25,111,'2018-03-02 11:33:42','2018-03-02 11:41:59'),(245,'N/A','N/A','00:00:15.37',NULL,'2000-08-12',833,1,'Δέκαθλο',1,26,16,25,111,'2018-03-02 11:34:43','2018-03-02 11:41:59'),(246,'N/A','N/A','45.13',NULL,'2000-08-12',788,1,'Δέκαθλο',1,26,57,25,111,'2018-03-02 11:35:36','2018-03-02 11:41:59'),(247,'N/A','N/A','4.90',NULL,'2000-08-12',967,1,'Δέκαθλο',1,26,46,25,111,'2018-03-02 11:36:21','2018-03-02 11:42:00'),(248,'N/A','N/A','59.31',NULL,'2000-08-12',808,1,'Δέκαθλο',1,26,55,25,111,'2018-03-02 11:37:26','2018-03-02 11:42:00'),(249,'N/A','N/A','00:05:03.03',NULL,'2000-08-12',275,1,'Δέκαθλο',1,26,11,25,111,'2018-03-02 11:39:11','2018-03-02 11:42:00'),(250,'N/A','N/A','7802',NULL,'2000-08-12',1096,1,'Δέκαθλο',1,26,60,25,111,'2018-03-02 11:40:25','2018-03-02 11:42:01'),(251,'35','35','02:38:52.00',NULL,'2017-08-06',1047,1,'Τελικός',1,31,36,28,112,'2018-03-04 10:37:23','2018-03-04 10:52:34'),(252,'N/A','N/A','01:16:44.00',NULL,'2017-08-06',990,1,'Τελικός',1,31,35,28,112,'2018-03-04 10:41:44','2018-03-04 10:52:34'),(253,'Ν/Α','Ν/Α','00:00:54.76',NULL,'2004-07-04',1180,1,'Ν/Α',1,31,39,8,113,'2018-03-04 10:49:00','2018-03-04 10:52:34'),(254,'Ν/Α','Ν/Α','6.80',NULL,'1985-03-25',1174,1,'Ν/Α',1,32,62,29,114,'2018-03-04 11:08:08','2018-03-04 12:22:00'),(255,'Ν/Α','Ν/Α','13.94',NULL,'2012-07-05',1111,1,'Ν/Α',1,31,65,30,115,'2018-03-04 11:13:29','2018-03-04 12:22:01'),(256,'Ν/Α','Ν/Α','16.71',NULL,'2001-03-25',1002,1,'Ν/Α',1,35,66,32,116,'2018-03-04 11:35:31','2018-03-04 12:22:01'),(257,'Ν/Α','Ν/Α','56.69',NULL,'2014-03-25',1010,1,'Ν/Α',1,23,71,33,117,'2018-03-04 12:13:24','2018-03-04 12:22:01'),(258,'Ν/Α','Ν/Α','57.20',NULL,'2006-05-18',1026,1,'Ν/Α',1,25,69,34,118,'2018-03-04 12:17:19','2018-03-04 12:22:01'),(259,'Ν/Α','N/A','69.29',NULL,'2009-05-17',1082,1,'Ν/Α',1,23,67,35,119,'2018-03-04 12:20:06','2018-03-04 12:22:01'),(260,'2','3','00:00:11.65',0.00,'2014-08-21',1062,1,'Προκριματική Σειρά 3',1,17,25,45,120,'2018-03-04 13:43:16','2018-03-04 14:05:28'),(261,'2','2','00:00:11.71',-0.10,'2014-08-23',1050,1,'Τελικός 1',1,17,25,45,120,'2018-03-04 13:46:21','2018-03-04 14:05:28'),(262,'1','1','00:00:23.71',1.60,'2005-06-19',1064,1,'Τελικός',1,19,26,4,121,'2018-03-04 13:58:26','2018-03-05 13:04:40'),(263,'3','3','00:00:54.43',NULL,'2002-05-29',1034,1,'Τελικός',1,17,27,46,122,'2018-03-04 14:04:18','2018-03-04 14:05:29'),(264,'7','7','00:02:07.84',NULL,'2009-06-20',1026,1,'Τελικός',1,17,28,26,123,'2018-03-04 14:27:20','2018-03-04 15:33:42'),(265,'1','3','00:00:07.56',NULL,'2018-03-03',1184,1,'Προκριματικός 1',1,26,82,14,3,'2018-03-05 17:56:35','2018-03-05 17:58:26'),(266,'1','2','00:00:07.51',NULL,'2018-03-04',1201,1,'Ημιτελικός 3',1,26,82,14,3,'2018-03-05 17:57:25','2018-03-05 17:58:26'),(267,'-','-','DQ',NULL,'2018-03-04',NULL,1,'Τελικός',1,26,82,14,3,'2018-03-05 17:58:01','2018-03-05 17:58:26'),(268,'16','3','01:19:46.00',NULL,'2018-03-03',923,1,'Τελικός',1,26,35,26,124,'2018-03-05 18:05:25','2018-03-05 18:05:36');
/*!40000 ALTER TABLE `results` ENABLE KEYS */;
UNLOCK TABLES;

--
-- Table structure for table `role_user`
--

DROP TABLE IF EXISTS `role_user`;
/*!40101 SET @saved_cs_client     = @@character_set_client */;
/*!40101 SET character_set_client = utf8 */;
CREATE TABLE `role_user` (
  `id` int(10) unsigned NOT NULL AUTO_INCREMENT,
  `role_id` int(10) unsigned NOT NULL,
  `user_id` int(10) unsigned NOT NULL,
  PRIMARY KEY (`id`),
  KEY `role_user_role_id_foreign` (`role_id`),
  KEY `role_user_user_id_foreign` (`user_id`),
  CONSTRAINT `role_user_role_id_foreign` FOREIGN KEY (`role_id`) REFERENCES `roles` (`id`),
  CONSTRAINT `role_user_user_id_foreign` FOREIGN KEY (`user_id`) REFERENCES `users` (`id`)
) ENGINE=InnoDB AUTO_INCREMENT=4 DEFAULT CHARSET=utf8mb4 COLLATE=utf8mb4_unicode_ci;
/*!40101 SET character_set_client = @saved_cs_client */;

--
-- Dumping data for table `role_user`
--

LOCK TABLES `role_user` WRITE;
/*!40000 ALTER TABLE `role_user` DISABLE KEYS */;
INSERT INTO `role_user` VALUES (1,3,1),(2,3,2),(3,1,3);
/*!40000 ALTER TABLE `role_user` ENABLE KEYS */;
UNLOCK TABLES;

--
-- Table structure for table `roles`
--

DROP TABLE IF EXISTS `roles`;
/*!40101 SET @saved_cs_client     = @@character_set_client */;
/*!40101 SET character_set_client = utf8 */;
CREATE TABLE `roles` (
  `id` int(10) unsigned NOT NULL AUTO_INCREMENT,
  `name` varchar(191) COLLATE utf8mb4_unicode_ci NOT NULL,
  `created_at` timestamp NULL DEFAULT NULL,
  `updated_at` timestamp NULL DEFAULT NULL,
  PRIMARY KEY (`id`)
) ENGINE=InnoDB AUTO_INCREMENT=4 DEFAULT CHARSET=utf8mb4 COLLATE=utf8mb4_unicode_ci;
/*!40101 SET character_set_client = @saved_cs_client */;

--
-- Dumping data for table `roles`
--

LOCK TABLES `roles` WRITE;
/*!40000 ALTER TABLE `roles` DISABLE KEYS */;
INSERT INTO `roles` VALUES (1,'user','2017-12-26 14:00:48','2017-12-26 14:00:48'),(2,'moderator','2017-12-26 14:00:48','2017-12-26 14:00:48'),(3,'admin','2017-12-26 14:00:48','2017-12-26 14:00:48');
/*!40000 ALTER TABLE `roles` ENABLE KEYS */;
UNLOCK TABLES;

--
-- Table structure for table `users`
--

DROP TABLE IF EXISTS `users`;
/*!40101 SET @saved_cs_client     = @@character_set_client */;
/*!40101 SET character_set_client = utf8 */;
CREATE TABLE `users` (
  `id` int(10) unsigned NOT NULL AUTO_INCREMENT,
  `name` varchar(191) COLLATE utf8mb4_unicode_ci NOT NULL,
  `email` varchar(191) COLLATE utf8mb4_unicode_ci NOT NULL,
  `password` varchar(191) COLLATE utf8mb4_unicode_ci NOT NULL,
  `remember_token` varchar(100) COLLATE utf8mb4_unicode_ci DEFAULT NULL,
  `created_at` timestamp NULL DEFAULT NULL,
  `updated_at` timestamp NULL DEFAULT NULL,
  PRIMARY KEY (`id`),
  UNIQUE KEY `users_email_unique` (`email`)
) ENGINE=InnoDB AUTO_INCREMENT=4 DEFAULT CHARSET=utf8mb4 COLLATE=utf8mb4_unicode_ci;
/*!40101 SET character_set_client = @saved_cs_client */;

--
-- Dumping data for table `users`
--

LOCK TABLES `users` WRITE;
/*!40000 ALTER TABLE `users` DISABLE KEYS */;
INSERT INTO `users` VALUES (1,'Gehenna','gehenna63@hotmail.com','$2y$10$BVxADDyiGjCunmpF3VgcC.tmhI2ljfQi2lO1Vffcum3TUKS/pi4x2','hxY0uqczmDUoTuoz3bgQ1vnkMCvqjhnXunKzTkxLGRMktZRCKjWsvlmewl7Q','2017-12-26 14:27:40','2017-12-26 14:27:40'),(2,'Stavros Stavrinou','stavrinoust@gmail.com','$2y$10$C94twiZb4YPHw8X180ldROEzC0xTiOORuPrONuCNLG/21qrRqrUY.','R32JvSLPj5mfnHV6i36fh6kXGEcLSqaJ5PMCbs6yIqG2VfR2vtcouHia79KX','2017-12-26 15:55:43','2017-12-26 15:55:43'),(3,'Tester','tester@olastivos.com','$2y$10$VyXRfeh8hLNt6OrGfx8W/.f99bk7nr..W2IIBPy23f31ZsIGx/1XW',NULL,'2018-02-28 18:40:15','2018-02-28 18:40:15');
/*!40000 ALTER TABLE `users` ENABLE KEYS */;
UNLOCK TABLES;

--
-- Table structure for table `videables`
--

DROP TABLE IF EXISTS `videables`;
/*!40101 SET @saved_cs_client     = @@character_set_client */;
/*!40101 SET character_set_client = utf8 */;
CREATE TABLE `videables` (
  `id` int(10) unsigned NOT NULL AUTO_INCREMENT,
  `videable_id` int(10) unsigned NOT NULL,
  `videable_type` varchar(191) COLLATE utf8mb4_unicode_ci NOT NULL,
  `video_id` int(10) unsigned NOT NULL,
  `created_at` timestamp NULL DEFAULT NULL,
  `updated_at` timestamp NULL DEFAULT NULL,
  PRIMARY KEY (`id`)
) ENGINE=InnoDB AUTO_INCREMENT=12 DEFAULT CHARSET=utf8mb4 COLLATE=utf8mb4_unicode_ci;
/*!40101 SET character_set_client = @saved_cs_client */;

--
-- Dumping data for table `videables`
--

LOCK TABLES `videables` WRITE;
/*!40000 ALTER TABLE `videables` DISABLE KEYS */;
INSERT INTO `videables` VALUES (1,1,'App\\Athlete',1,NULL,NULL),(2,13,'App\\Competition',1,NULL,NULL),(3,3,'App\\Athlete',2,NULL,NULL),(4,34,'App\\Competition',2,NULL,NULL),(5,34,'App\\Competition',3,NULL,NULL),(6,38,'App\\Athlete',4,NULL,NULL),(7,60,'App\\Competition',4,NULL,NULL),(8,5,'App\\Athlete',5,NULL,NULL),(9,82,'App\\Competition',5,NULL,NULL),(10,11,'App\\Athlete',6,NULL,NULL),(11,102,'App\\Competition',6,NULL,NULL);
/*!40000 ALTER TABLE `videables` ENABLE KEYS */;
UNLOCK TABLES;

--
-- Table structure for table `videos`
--

DROP TABLE IF EXISTS `videos`;
/*!40101 SET @saved_cs_client     = @@character_set_client */;
/*!40101 SET character_set_client = utf8 */;
CREATE TABLE `videos` (
  `id` int(10) unsigned NOT NULL AUTO_INCREMENT,
  `name` varchar(191) COLLATE utf8mb4_unicode_ci NOT NULL,
  `path` varchar(191) COLLATE utf8mb4_unicode_ci NOT NULL,
  `created_at` timestamp NULL DEFAULT NULL,
  `updated_at` timestamp NULL DEFAULT NULL,
  PRIMARY KEY (`id`)
) ENGINE=InnoDB AUTO_INCREMENT=7 DEFAULT CHARSET=utf8mb4 COLLATE=utf8mb4_unicode_ci;
/*!40101 SET character_set_client = @saved_cs_client */;

--
-- Dumping data for table `videos`
--

LOCK TABLES `videos` WRITE;
/*!40000 ALTER TABLE `videos` DISABLE KEYS */;
INSERT INTO `videos` VALUES (1,'Γιάννης Ζησιμίδης - Παγκύπριο Ρεκόρ 100μ - Βαρδιονογιάννεια 1996','https://www.youtube.com/embed/fQPWcY_K0CU','2018-01-02 10:29:59','2018-01-02 10:35:07'),(2,'Πανελλήνιο Πρωτάθλημα Κλειστού Στίβου 2014 / α\'ημέρα','https://www.youtube.com/embed/Iu5f8s7oVdg','2018-01-14 09:49:02','2018-01-14 09:49:02'),(3,'Πανελλήνιο Πρωτάθλημα Κλειστού Στίβου 2014 / β\'ημέρα','https://www.youtube.com/embed/Bk0Ib8pWpKw','2018-01-14 09:49:49','2018-01-14 09:49:49'),(4,'Χρίστος Δημητρίου - Παγκύπριο Ρεκόρ κλειστού στίβου 800μ','https://www.youtube.com/embed/Wynom8DZzgY','2018-02-03 12:44:04','2018-02-03 12:44:04'),(5,'Ναταλία Ευαγγελίδου - Παγκύπριο Ρεκόρ κλειστού στίβου 1500μ - AIT Indoor Grand Prix 2018','https://www.youtube.com/embed/bOracRakV3M','2018-02-24 10:47:54','2018-02-24 10:47:54'),(6,'Αμίν Χατίρι - Παγκύπριο Ρεκόρ  1 Μίλι','https://www.youtube.com/embed/j2PQKL1a1d0','2018-02-28 10:44:18','2018-02-28 10:44:18');
/*!40000 ALTER TABLE `videos` ENABLE KEYS */;
UNLOCK TABLES;
/*!40103 SET TIME_ZONE=@OLD_TIME_ZONE */;

/*!40101 SET SQL_MODE=@OLD_SQL_MODE */;
/*!40014 SET FOREIGN_KEY_CHECKS=@OLD_FOREIGN_KEY_CHECKS */;
/*!40014 SET UNIQUE_CHECKS=@OLD_UNIQUE_CHECKS */;
/*!40101 SET CHARACTER_SET_CLIENT=@OLD_CHARACTER_SET_CLIENT */;
/*!40101 SET CHARACTER_SET_RESULTS=@OLD_CHARACTER_SET_RESULTS */;
/*!40101 SET COLLATION_CONNECTION=@OLD_COLLATION_CONNECTION */;
/*!40111 SET SQL_NOTES=@OLD_SQL_NOTES */;

-- Dump completed on 2018-03-06  9:14:06
