-- MySQL dump 10.13  Distrib 5.7.21, for Linux (x86_64)
--
-- Host: localhost    Database: olastivos
-- ------------------------------------------------------
-- Server version	5.7.21-0ubuntu0.16.04.1

/*!40101 SET @OLD_CHARACTER_SET_CLIENT=@@CHARACTER_SET_CLIENT */;
/*!40101 SET @OLD_CHARACTER_SET_RESULTS=@@CHARACTER_SET_RESULTS */;
/*!40101 SET @OLD_COLLATION_CONNECTION=@@COLLATION_CONNECTION */;
/*!40101 SET NAMES utf8 */;
/*!40103 SET @OLD_TIME_ZONE=@@TIME_ZONE */;
/*!40103 SET TIME_ZONE='+00:00' */;
/*!40014 SET @OLD_UNIQUE_CHECKS=@@UNIQUE_CHECKS, UNIQUE_CHECKS=0 */;
/*!40014 SET @OLD_FOREIGN_KEY_CHECKS=@@FOREIGN_KEY_CHECKS, FOREIGN_KEY_CHECKS=0 */;
/*!40101 SET @OLD_SQL_MODE=@@SQL_MODE, SQL_MODE='NO_AUTO_VALUE_ON_ZERO' */;
/*!40111 SET @OLD_SQL_NOTES=@@SQL_NOTES, SQL_NOTES=0 */;

--
-- Table structure for table `ages`
--

DROP TABLE IF EXISTS `ages`;
/*!40101 SET @saved_cs_client     = @@character_set_client */;
/*!40101 SET character_set_client = utf8 */;
CREATE TABLE `ages` (
  `id` int(10) unsigned NOT NULL AUTO_INCREMENT,
  `name` varchar(191) COLLATE utf8mb4_unicode_ci NOT NULL,
  `category` varchar(191) COLLATE utf8mb4_unicode_ci NOT NULL,
  `min` int(10) unsigned DEFAULT NULL,
  `max` int(10) unsigned NOT NULL,
  `created_at` timestamp NULL DEFAULT NULL,
  `updated_at` timestamp NULL DEFAULT NULL,
  PRIMARY KEY (`id`)
) ENGINE=InnoDB AUTO_INCREMENT=6 DEFAULT CHARSET=utf8mb4 COLLATE=utf8mb4_unicode_ci;
/*!40101 SET character_set_client = @saved_cs_client */;

--
-- Dumping data for table `ages`
--

LOCK TABLES `ages` WRITE;
/*!40000 ALTER TABLE `ages` DISABLE KEYS */;
INSERT INTO `ages` VALUES (1,'Άνδρες/Γυναίκες','senior',0,400,'2017-12-26 14:00:48','2017-12-26 14:00:48'),(2,'Κάτω των 23','u23',20,22,'2017-12-26 14:00:48','2017-12-26 14:00:48'),(3,'Έφηφοι/Νεανίδες','u20',0,19,'2017-12-26 14:00:48','2017-12-26 14:00:48'),(4,'Παίδες/Κορασίδες','u18',0,17,'2017-12-26 14:00:48','2017-12-26 14:00:48'),(5,'Παμπαίδες/Παγκορασίδες','u16',0,15,'2017-12-26 14:00:48','2017-12-26 14:00:48');
/*!40000 ALTER TABLE `ages` ENABLE KEYS */;
UNLOCK TABLES;

--
-- Table structure for table `athletes`
--

DROP TABLE IF EXISTS `athletes`;
/*!40101 SET @saved_cs_client     = @@character_set_client */;
/*!40101 SET character_set_client = utf8 */;
CREATE TABLE `athletes` (
  `id` int(10) unsigned NOT NULL AUTO_INCREMENT,
  `first_name` varchar(191) COLLATE utf8mb4_unicode_ci NOT NULL,
  `last_name` varchar(191) COLLATE utf8mb4_unicode_ci NOT NULL,
  `dob` date DEFAULT NULL,
  `year` varchar(16) COLLATE utf8mb4_unicode_ci DEFAULT NULL,
  `gender` varchar(191) COLLATE utf8mb4_unicode_ci NOT NULL,
  `picture` varchar(191) COLLATE utf8mb4_unicode_ci NOT NULL DEFAULT 'athlete.jpg',
  `status` tinyint(1) NOT NULL DEFAULT '0',
  `club_id` int(10) unsigned DEFAULT NULL,
  `created_at` timestamp NULL DEFAULT NULL,
  `updated_at` timestamp NULL DEFAULT NULL,
  PRIMARY KEY (`id`),
  KEY `athletes_club_id_foreign` (`club_id`),
  CONSTRAINT `athletes_club_id_foreign` FOREIGN KEY (`club_id`) REFERENCES `clubs` (`id`)
) ENGINE=InnoDB AUTO_INCREMENT=214 DEFAULT CHARSET=utf8mb4 COLLATE=utf8mb4_unicode_ci;
/*!40101 SET character_set_client = @saved_cs_client */;

--
-- Dumping data for table `athletes`
--

LOCK TABLES `athletes` WRITE;
/*!40000 ALTER TABLE `athletes` DISABLE KEYS */;
INSERT INTO `athletes` VALUES (1,'Γιάννης','Ζησιμίδης','1967-08-17','1967','male','/img/athlete.png',1,2,'2017-12-30 15:18:37','2018-02-04 14:42:33'),(2,'Πρόδρομος','Κατσαντώνης','1975-10-20','1975','male','/img/athlete.png',1,3,'2017-12-30 15:24:46','2018-02-04 14:42:33'),(3,'Ραμόνα','Παπαϊωάννου','1989-06-15','1989','female','/img/athlete.png',1,5,'2017-12-30 19:52:43','2018-02-04 14:42:33'),(4,'Ελένη','Αρτυματά','1986-05-16','1986','female','/img/athlete.png',1,3,'2017-12-30 19:56:23','2018-02-04 14:42:33'),(5,'Ναταλία','Ευαγγελίδου','1991-03-10','1991','female','/img/athlete.png',1,1,'2017-12-30 20:00:42','2018-02-04 14:42:33'),(6,'Άντρη','Αβραάμ','1963-01-20','1963','female','/img/athlete.png',1,3,'2017-12-30 20:24:20','2018-02-04 14:42:33'),(7,'Μόρφω','Μπαούρδα','1982-01-13','1982','female','/img/athlete.png',1,4,'2017-12-30 20:29:55','2018-02-04 14:42:33'),(8,'Άντρη','Σιάλου','1973-01-27','1973','female','/img/athlete.png',1,3,'2017-12-30 20:40:10','2018-02-04 14:42:33'),(9,'Ευριπίδης','Δημοσθένους','1972-10-14','1972','male','/img/athlete.png',1,2,'2017-12-31 08:17:17','2018-02-04 14:42:33'),(10,'Σπύρος','Σπύρου','1958-06-06','1958','male','/img/athlete.png',1,1,'2017-12-31 08:18:45','2018-02-04 14:42:33'),(11,'Αμίν','Χατίρι','1988-11-20','1988','male','/img/athlete.png',1,4,'2017-12-31 08:19:58','2018-02-04 14:42:33'),(12,'Φίλιππος','Φιλίππου','1956-09-25','1956','male','/img/athlete.png',1,3,'2017-12-31 08:20:50','2018-02-04 14:42:33'),(13,'Μάριος','Κασιανίδης','1954-09-16','1954','male','/img/athlete.png',1,1,'2017-12-31 08:21:38','2018-02-04 14:42:33'),(14,'Μίλαν','Τραΐκοβιτς','1992-09-17','1992','male','/img/athlete.png',1,2,'2017-12-31 08:22:41','2018-02-04 14:42:33'),(15,'Σταύρος','Τζιωρτζής','1948-09-15','1948','male','/img/athlete.png',1,3,'2017-12-31 08:24:06','2018-02-27 09:32:21'),(16,'Δημήτρης','Αραούζος','1961-02-19','1961','male','/img/athlete.png',1,1,'2017-12-31 18:37:06','2018-02-27 11:16:41'),(17,'Μιχάλης','Ροδοσθένους','1959-06-15','1959','male','/img/athlete.png',1,2,'2017-12-31 18:38:19','2018-02-27 11:16:41'),(18,'Κυριάκος','Ιωάννου','1984-07-26','1984','male','/img/athlete.png',1,2,'2017-12-31 18:38:57','2018-02-04 14:42:33'),(19,'Σταύρος','Σπύρου','2000-11-19','2000','male','/img/athlete.png',1,1,'2017-12-31 18:40:01','2018-02-04 14:42:33'),(20,'Νίκανδρος','Στυλιανού','1989-08-22','1989','male','/img/athlete.png',1,6,'2017-12-31 18:40:50','2018-02-04 14:42:33'),(21,'Λούκας','Λουκά','1945-05-15','1945','male','/img/athlete.png',1,3,'2017-12-31 18:42:01','2018-02-04 14:42:33'),(22,'Απόστολος','Παρέλλης','1985-07-24','1985','male','/img/athlete.png',1,1,'2017-12-31 18:42:36','2018-02-04 14:42:33'),(23,'Παναγιώτης','Καλογήρου','1976-06-06','1976','male','/img/athlete.png',1,1,'2017-12-31 18:43:10','2018-02-27 19:10:12'),(24,'Κώστας','Σταθελάκος','1987-12-30','1987','male','/img/athlete.png',1,4,'2017-12-31 18:43:47','2018-02-04 14:42:33'),(25,'Γεώργιος','Ανδρέου','1974-07-26','1974','male','/img/athlete.png',1,4,'2017-12-31 18:44:37','2018-03-02 11:41:57'),(26,'Στέλλα','Χριστοφόρου','1992-03-02','1992','female','/img/athlete.png',1,1,'2018-01-01 09:12:33','2018-02-25 15:02:06'),(27,'Λεοντία','Καλλένου','1994-10-05','1994','female','/img/athlete.png',1,1,'2018-01-01 09:22:55','2018-02-25 10:19:35'),(28,'Άννα Ντακμάρα','Χαντζλίκ','1986-02-20','1986','female','/img/athlete.png',1,2,'2018-01-01 09:25:30','2018-03-04 10:52:34'),(29,'Μαρία','Λάμπρου-Τελώνη','1953-02-23','1953','female','/img/athlete.png',1,2,'2018-01-01 09:27:18','2018-03-04 12:22:00'),(30,'Νίνα','Σερπέζοβα','1981-05-06','1981','female','/img/athlete.png',1,2,'2018-01-01 09:28:51','2018-03-04 12:22:00'),(31,'Μαριάννα','Ζαχαριάδη','1990-02-25','1990','female','/img/athlete.png',1,1,'2018-01-01 09:30:30','2018-02-04 14:42:33'),(32,'Ολυμπία','Μενελάου','1966-04-29','1966','female','/img/athlete.png',1,2,'2018-01-01 09:37:23','2018-03-04 12:22:00'),(33,'Ανδρονίκη','Λαδά','1991-04-19','1991','female','/img/athlete.png',1,2,'2018-01-01 09:39:28','2018-03-04 12:22:00'),(34,'Αλεξάνδρα','Τσίησιου','1981-07-02','1981','female','/img/athlete.png',1,1,'2018-01-01 09:41:40','2018-03-04 12:22:00'),(35,'Σκεύη','Θεοδώρου','1986-03-15','1986','female','/img/athlete.png',1,4,'2018-01-01 09:43:08','2018-03-04 12:22:00'),(36,'Άννινος','Μαρκουλλίδης','1971-02-08','1971','male','/img/athlete.png',1,2,'2018-01-04 10:51:27','2018-02-17 11:27:37'),(37,'Γεώργιος','Σκέντερ','1978-05-09','1978','male','/img/athlete.png',1,6,'2018-01-04 10:57:04','2018-03-01 13:01:58'),(38,'Χρίστος','Δημητρίου','1993-09-22','1993','male','/img/athlete.png',1,1,'2018-01-04 11:40:19','2018-02-04 14:42:33'),(39,'Χρήστος','Παπαπέτρου','1973-12-21','1973','male','/img/athlete.png',0,2,'2018-01-04 11:44:57','2018-02-04 14:42:33'),(40,'Γεώργιος','Λουκαίδης','1972-01-01','1972','male','/img/athlete.png',1,4,'2018-01-04 11:45:50','2018-03-15 12:17:08'),(41,'Στέλιος','Μαρνέρος','1973-02-22','1973','male','/img/athlete.png',0,2,'2018-01-04 11:47:10','2018-02-04 14:42:33'),(42,'Στέφανος','Δαλίτης',NULL,'1992','male','/img/athlete.png',0,1,'2018-01-04 11:50:21','2018-03-15 13:52:36'),(43,'Δημήτρης','Χονδροκούκης','1988-01-26','1988','male','/img/athlete.png',0,1,'2018-01-04 11:51:03','2018-02-04 14:42:33'),(44,'Μάριος','Χατζηανδρέου','1962-09-19','1962','male','/img/athlete.png',1,1,'2018-01-04 12:08:50','2018-02-04 14:42:33'),(45,'Σκεύη','Ανδρέου','1997-01-15','1997','female','/img/athlete.png',1,3,'2018-01-06 08:30:12','2018-02-04 14:42:33'),(46,'Αλίσσα','Καλλινίκου','1985-05-24','1985','female','/img/athlete.png',1,5,'2018-01-06 08:30:49','2018-03-04 14:05:28'),(47,'Μερόπη','Παναγιώτου','1994-12-01','1994','female','/img/athlete.png',1,1,'2018-01-06 08:31:23','2018-02-25 10:07:22'),(48,'Μαριλένα','Σοφοκλέους','1986-10-30','1986','female','/img/athlete.png',1,1,'2018-01-06 08:32:18','2018-03-10 17:13:37'),(49,'Ευγενία','Κορκοκίου','1988-05-06','1988','female','/img/athlete.png',1,6,'2018-01-06 08:36:08','2018-03-10 17:12:51'),(50,'Φιλίππα','Φωτοπούλου','1996-12-20','1996','female','/img/athlete.png',1,1,'2018-01-06 08:36:49','2018-02-04 14:42:33'),(51,'Θωμαίδα','Πολυδώρου','1986-11-07','1986','female','/img/athlete.png',1,6,'2018-01-06 08:37:30','2018-03-10 19:40:28'),(52,'Γαβριέλλα','Φελλά','1998-01-21','1998','female','/img/athlete.png',1,3,'2018-01-06 08:38:17','2018-03-05 17:52:43'),(53,'Μαριέλε','Ρούση','1998-06-30','1998','female','/img/athlete.png',1,3,'2018-01-06 08:39:08','2018-03-10 19:40:28'),(54,'Χρυστάλλα','Κυριάκου','1996-10-01','1996','female','/img/athlete.png',1,1,'2018-01-06 08:39:48','2018-03-10 19:40:28'),(55,'Άννυ','Χριστοφίδου','1981-01-07','1981','female','/img/athlete.png',0,1,'2018-01-06 08:41:44','2018-02-04 14:42:33'),(56,'Ναταλία','Χριστοφή','1997-02-10','1997','female','/img/athlete.png',0,3,'2018-01-06 08:46:08','2018-02-04 14:42:33'),(57,'Μαρία','Διοικητή','1982-11-06','1982','female','/img/athlete.png',1,3,'2018-01-06 08:47:46','2018-02-04 14:42:33'),(58,'Φλώρα','Κάππα','1988-05-29','1988','female','/img/athlete.png',0,1,'2018-01-06 08:48:24','2018-02-04 14:42:33'),(59,'Αναστασία','Μουρατίδου','1990-04-08','1990','female','/img/athlete.png',0,4,'2018-01-06 08:53:46','2018-02-04 14:42:33'),(60,'Μαρίλια','Γρηγορίου','1980-02-13','1980','female','/img/athlete.png',0,2,'2018-01-06 09:05:40','2018-02-04 14:42:33'),(61,'Αγνή','Χαραλάμπους','1975-09-02','1975','female','/img/athlete.png',0,3,'2018-01-06 09:07:13','2018-02-04 14:42:33'),(62,'Στυλιάνα','Κυριακίδου','2000-08-14','2000','female','/img/athlete.png',1,1,'2018-01-06 09:07:40','2018-03-01 16:58:05'),(63,'Αλεξάνδρα','Κλατσιά','1985-09-19','1985','female','/img/athlete.png',0,1,'2018-01-06 09:08:19','2018-02-04 14:42:33'),(64,'Σοφία','Χατζισάββα','2001-04-20','2001','female','/img/athlete.png',0,5,'2018-01-06 09:08:53','2018-02-04 14:42:33'),(65,'Πραξούλα','Ιωάννου','1985-06-13','1985','female','/img/athlete.png',0,2,'2018-01-06 09:10:56','2018-02-04 14:42:33'),(66,'Αλεξία','Παπακώστα','1990-06-25','1990','female','/img/athlete.png',0,2,'2018-01-06 09:11:53','2018-02-04 14:42:33'),(67,'Ηλιάνα','Ευαγγέλου','1999-07-29','1999','female','/img/athlete.png',0,4,'2018-01-06 09:12:23','2018-02-04 14:42:33'),(68,'Ροδάμα','Λαγωνίδου','1995-04-02','1995','female','/img/athlete.png',0,1,'2018-01-06 09:49:52','2018-02-04 14:42:33'),(69,'Χρυστάλλα','Χατζηπολυδώρου','1993-04-21','1993','female','/img/athlete.png',1,1,'2018-01-06 09:50:27','2018-02-15 14:05:48'),(70,'Βάσω','Παπαϊωάννου','1978-11-01','1978','female','/img/athlete.png',0,1,'2018-01-06 09:51:34','2018-02-04 14:42:33'),(71,'Στέφανη','Σοφοκλέους','1986-08-25','1986','female','/img/athlete.png',0,1,'2018-01-06 09:52:53','2018-02-04 14:42:33'),(72,'Στέλλα','Θεοχάρους','1971-11-03','1971','female','/img/athlete.png',1,2,'2018-01-06 09:54:16','2018-03-10 17:13:06'),(73,'Χρύσω','Γεωργίου','2003-02-25','2003','female','/img/athlete.png',1,2,'2018-01-06 09:55:19','2018-03-05 17:52:43'),(74,'Άντρεα','Βάσου','2003-06-15','2003','female','/img/athlete.png',0,2,'2018-01-06 09:56:14','2018-02-04 14:42:33'),(75,'Λουκία','Γεωργίου','2000-02-28','2000','female','/img/athlete.png',0,3,'2018-01-06 09:56:40','2018-02-04 14:42:33'),(76,'Χαριθέα','Ηρακλέους','2002-05-05','2002','female','/img/athlete.png',0,2,'2018-01-06 09:57:19','2018-02-04 14:42:33'),(77,'Δήμητρα','Κυριακίδου','1996-04-27','1996','female','/img/athlete.png',1,5,'2018-01-06 09:58:11','2018-02-04 14:42:33'),(78,'Καλλιόπη','Κουντούρη','1997-07-07','1997','female','/img/athlete.png',1,1,'2018-01-06 09:58:39','2018-02-04 14:42:33'),(79,'Ολίβια','Φωτοπούλου','1996-12-20','1996','female','/img/athlete.png',1,1,'2018-01-06 09:59:12','2018-02-04 14:42:33'),(80,'Ιουλία','Ανδρέου','1977-01-04','1977','female','/img/athlete.png',0,1,'2018-01-06 09:59:38','2018-02-15 14:13:30'),(81,'Νεκταρία','Παναγή','1990-03-20','1990','female','/img/athlete.png',0,3,'2018-01-06 10:00:12','2018-02-04 14:42:33'),(82,'Μαρίνα','Μιχαήλ','1997-08-04','1997','female','/img/athlete.png',0,1,'2018-01-06 10:00:34','2018-02-04 14:42:33'),(83,'Μελίζ','Ρετίφ','1989-03-26','1989','female','/img/athlete.png',0,1,'2018-01-06 10:02:43','2018-02-04 14:42:33'),(84,'Ραφαηλία','Ιωάννου','1992-09-12','1992','female','/img/athlete.png',0,2,'2018-01-06 10:05:33','2018-02-04 14:42:33'),(85,'Γεώργιος','Αρέστης','1981-12-27','1981','male','/img/athlete.png',0,4,'2018-01-06 16:13:41','2018-02-04 14:42:33'),(86,'Αλέξανδρος','Πουρσανίδης','1993-01-23','1993','male','/img/athlete.png',1,5,'2018-01-06 16:14:32','2018-02-25 21:05:21'),(87,'Άρης','Γεωργιάδης','1967-07-22','1967','male','/img/athlete.png',0,1,'2018-01-06 16:15:13','2018-02-04 14:42:33'),(88,'Στέφανος','Ιωάννου','1982-06-12','1982','male','/img/athlete.png',0,3,'2018-01-06 16:18:01','2018-02-04 14:42:33'),(89,'Κυριάκος','Αντωνίου','1990-05-13','1990','male','/img/athlete.png',1,6,'2018-01-06 16:18:30','2018-03-14 18:57:27'),(90,'Αλέξανδρος','Καλογερογιάννης','1985-05-14','1985','male','/img/athlete.png',1,2,'2018-01-06 16:19:06','2018-02-04 14:42:33'),(91,'Κωνσταντίνος','Τζιακούρης','1999-06-01','1999','male','/img/athlete.png',1,2,'2018-01-06 16:19:42','2018-02-04 14:42:33'),(92,'Αιμίλιος','Ξενοφώντος','1986-11-27','1986','male','/img/athlete.png',0,1,'2018-01-06 16:20:36','2018-02-04 14:42:33'),(93,'Παναγιώτης','Βόλου','1991-09-01','1991','male','/img/athlete.png',0,2,'2018-01-06 16:22:25','2018-02-04 14:42:33'),(95,'Ηλίας','Λουκά','1974-07-23','1974','male','/img/athlete.png',1,3,'2018-01-06 16:47:34','2018-03-13 11:12:29'),(96,'Περικλής','Κλεοβούλου','1993-03-01','1993','male','/img/athlete.png',0,5,'2018-01-06 16:48:20','2018-02-04 14:42:33'),(97,'Αλέξανδρος','Σταυρίδης','1989-04-13','1989','male','/img/athlete.png',0,4,'2018-01-06 16:48:53','2018-02-04 14:42:33'),(98,'Ζαχαρίας','Άρνος','1986-11-24','1986','male','/img/athlete.png',0,1,'2018-01-06 16:49:26','2018-02-04 14:42:33'),(99,'Ρηγίνος','Μενελάου','1992-09-29','1992','male','/img/athlete.png',1,6,'2018-01-06 16:49:56','2018-03-14 18:57:27'),(100,'Χρίστος','Παντελίδης','1997-08-24','1997','male','/img/athlete.png',1,1,'2018-01-06 16:50:20','2018-02-04 14:42:33'),(101,'Ανδρέας','Χρυσάνθου','1997-08-11','1997','male','/img/athlete.png',1,1,'2018-01-06 16:50:59','2018-02-04 14:42:33'),(102,'Βασίλης','Νεοφύτου','1994-10-08','1994','male','/img/athlete.png',1,4,'2018-01-06 16:51:22','2018-02-04 14:42:33'),(103,'Δημήτρης','Θεοφυλάκτου','1958-05-11','1958','male','/img/athlete.png',1,1,'2018-01-14 17:29:46','2018-02-04 14:42:33'),(104,'Χρίστος','Ζαχαρίου','1996-09-17','1996','male','/img/athlete.png',1,2,'2018-01-16 13:26:27','2018-02-04 14:42:33'),(105,'Μαρία','Αριστοτέλους','1991-08-10','1991','female','/img/athlete.png',1,1,'2018-01-18 11:11:37','2018-02-04 14:42:33'),(106,'Αντρέας','Χριστοφόρου','1998-05-22','1998','male','/img/athlete.png',1,1,'2018-01-18 11:13:14','2018-02-04 14:42:33'),(107,'Γεώργιος','Κονιαράκης','1999-02-07','1999','male','/img/athlete.png',1,2,'2018-01-18 11:15:11','2018-02-04 14:42:33'),(108,'Κωνσταντίνος','Χρίστου','1991-02-03','1991','male','/img/athlete.png',1,2,'2018-01-20 17:46:41','2018-02-04 14:42:33'),(109,'Κρίτωνας','Κυριακίδης','1992-04-17','1992','male','/img/athlete.png',1,6,'2018-01-20 17:48:13','2018-02-04 14:42:33'),(110,'Ανδρέας​','Χατζηθεωρής','1995-09-03','1995','male','/img/athlete.png',1,3,'2018-01-22 10:39:07','2018-02-04 14:42:33'),(111,'Μιχάλης','Χαραλάμπους​','1988-01-04','1988','male','/img/athlete.png',1,2,'2018-01-22 10:40:00','2018-02-04 14:42:33'),(112,'Σωκράτης','Λάμπρου','1999-02-20','1999','male','/img/athlete.png',1,2,'2018-01-22 10:40:57','2018-02-04 14:42:33'),(113,'Δάφνη','Γεωργίου','1999-08-18','1999','female','/img/athlete.png',1,4,'2018-01-22 10:41:56','2018-02-04 14:42:33'),(114,'Μαρία','Χριστοδούλου','1991-06-26','1991','female','/img/athlete.png',1,2,'2018-01-22 10:43:23','2018-02-04 14:42:33'),(115,'Παρασκευή','Κρασιά','1990-02-06','1990','female','/img/athlete.png',1,2,'2018-01-22 10:47:20','2018-02-04 14:42:33'),(116,'Χριστίνα','Καλογεροπούλου','1991-09-24','1991','female','/img/athlete.png',1,2,'2018-01-22 10:53:16','2018-02-04 14:42:33'),(117,'Ανδρέας','Σεβαστού','1999-01-03','1999','male','/img/athlete.png',1,2,'2018-01-26 17:24:41','2018-02-04 14:42:33'),(118,'Σάββας','Χαριλάου','2000-10-19','2000','male','/img/athlete.png',1,5,'2018-01-26 17:38:41','2018-02-04 14:42:33'),(119,'Ιωάννου','Φώτης','1998-11-10','1998','male','/img/athlete.png',1,1,'2018-01-26 17:48:28','2018-02-04 14:42:33'),(120,'Σωφρόνης','Χάρπας','1991-01-03','1991','male','/img/athlete.png',1,3,'2018-01-26 17:51:47','2018-02-04 14:42:33'),(121,'Στέλιος','Παπαϊωάννου','1999-06-17','1999','male','/img/athlete.png',1,2,'2018-01-26 18:03:29','2018-02-04 14:42:33'),(122,'Αγαθοκλής','Ζήσιμος','1998-07-21','1998','male','/img/athlete.png',1,3,'2018-01-26 18:29:13','2018-02-04 14:42:33'),(123,'Λογγίνος','Αχιλλέως','1996-06-10','1996','male','/img/athlete.png',1,6,'2018-01-26 19:14:38','2018-02-04 14:42:33'),(124,'Βασίλης','Μουαΐμης','1996-07-10','1996','male','/img/athlete.png',1,3,'2018-01-26 19:19:53','2018-02-04 14:42:33'),(125,'Αντώνης','Αρέστη','1983-02-15','1983','male','/img/athlete.png',1,2,'2018-01-26 19:26:54','2018-02-04 14:42:33'),(126,'Σάντα','Κολομείτεβα','2000-06-13','2000','female','/img/athlete.png',1,2,'2018-01-26 20:16:36','2018-02-04 14:42:33'),(127,'Αγγελική','Αθανασοπούλου','1993-03-01','1993','female','/img/athlete.png',1,2,'2018-01-26 21:16:00','2018-02-04 14:42:33'),(128,'Δήμητρα','Αραχωβίτη','1987-07-18','1987','female','/img/athlete.png',1,2,'2018-01-26 21:16:47','2018-02-04 14:42:33'),(129,'Δέσποινα','Χαραλάμπους','2000-05-22','2000','female','/img/athlete.png',1,3,'2018-01-26 21:30:00','2018-02-04 14:42:33'),(130,'Χριστονύμφη','Παίδιου','2002-03-21','2002','female','/img/athlete.png',1,3,'2018-01-26 21:34:16','2018-02-04 14:42:33'),(131,'Νικόλας','Φράγκου','1994-04-12','1994','male','/img/athlete.png',1,1,'2018-01-27 14:30:33','2018-02-04 14:42:33'),(132,'Βασίλης','Κωνσταντίνου','1992-09-13','1992','male','/img/athlete.png',1,5,'2018-01-28 10:20:20','2018-02-04 14:42:33'),(133,'Χρίστος','Ταμάνης​','2000-12-22','2000','male','/img/athlete.png',1,2,'2018-02-06 09:24:20','2018-02-07 21:58:51'),(134,'Αλεξάνδρα','Σκέντερ​','1996-04-16','1996','female','/img/athlete.png',1,2,'2018-02-06 09:38:07','2018-02-07 21:58:51'),(135,'Νικολέττα','Νικολέττου​','1986-07-31','1986','female','/img/athlete.png',1,4,'2018-02-06 09:42:10','2018-02-07 21:58:51'),(136,'Στέλλα','Σαράντη​','2000-12-09','2000','female','/img/athlete.png',1,3,'2018-02-07 20:58:21','2018-02-07 21:58:51'),(137,'Ειρήνη','Γεωργίου','1990-12-16','1990','female','/img/athlete.png',1,3,'2018-02-08 17:15:34','2018-02-15 14:05:28'),(138,'Ελπίδα','Χριστοδουλίδου','1986-11-20','1986','female','/img/athlete.png',0,1,'2018-02-08 17:22:14','2018-02-08 17:22:14'),(139,'Παρασκευή','Θρασυβούλου','1994-02-21','1994','female','/img/athlete.png',1,2,'2018-02-08 17:34:40','2018-02-15 14:05:28'),(140,'Δήμητρα','Αβραμοπούλου','2002-01-22','2002','female','/img/athlete.png',1,5,'2018-02-08 18:26:57','2018-02-15 14:05:29'),(141,'Φίλιππος','Στυλιανούδης',NULL,'1962','male','/img/athlete.png',1,3,'2018-02-08 18:47:10','2018-02-08 18:55:40'),(142,'Μάριος','Αποστολίδης','1990-07-03','1990','male','/img/athlete.png',1,3,'2018-02-13 18:57:53','2018-02-15 14:05:29'),(143,'Γιώργος','Κανάρης','2000-10-04','2000','male','/img/athlete.png',1,5,'2018-02-14 13:24:46','2018-02-15 14:05:29'),(144,'Pavel','Borodin','2018-06-03','2018','male','/img/athlete.png',0,1,'2018-02-16 17:51:58','2018-02-16 17:52:24'),(145,'Marian','Buscas Marius','1979-08-27','1979','male','/img/athlete.png',0,2,'2018-02-16 17:55:24','2018-02-16 17:55:24'),(146,'Αβρααμάκης','Αβραάμ','1981-04-07','1981','male','/img/athlete.png',0,1,'2018-02-16 17:56:01','2018-02-16 17:56:45'),(147,'Γεώργιος','Τοφή','1991-10-27','1991','male','/img/athlete.png',0,3,'2018-02-16 17:57:07','2018-02-16 17:57:07'),(148,'Michael','Keenan','1974-03-05','1974','male','/img/athlete.png',0,2,'2018-02-16 17:57:37','2018-02-16 18:03:53'),(149,'Κωνσταντίνος','Τιμινής','1991-09-25','1991','male','/img/athlete.png',0,1,'2018-02-16 18:03:19','2018-02-16 18:03:19'),(150,'Χαράλαμπος','Κάνιος','1989-07-06','1989','male','/img/athlete.png',0,1,'2018-02-16 18:03:43','2018-02-16 18:03:43'),(151,'Κώστας','Πατίνιος','1971-10-02','1971','male','/img/athlete.png',0,6,'2018-02-16 18:07:33','2018-02-16 18:07:33'),(152,'Σίμος','Νεοφύτου','1985-05-26','1985','male','/img/athlete.png',0,5,'2018-02-16 18:08:07','2018-02-16 18:08:07'),(153,'Αντώνης','Παπαδόπουλος','1976-11-02','1976','male','/img/athlete.png',0,2,'2018-02-16 18:09:02','2018-02-16 18:09:02'),(154,'Γιώργος','Παναγή','1972-11-13','1972','male','/img/athlete.png',0,1,'2018-02-16 18:20:21','2018-02-16 18:20:21'),(155,'Χρίστος','Βασιλείου',NULL,'1987','male','/img/athlete.png',0,1,'2018-02-16 18:20:53','2018-02-16 18:20:53'),(156,'Μιχάλης','Κίκας','1984-03-13','1984','male','/img/athlete.png',0,1,'2018-02-16 18:21:25','2018-02-16 18:21:25'),(157,'Γιαννάκης','Αρέστη','1968-12-29','1968','male','/img/athlete.png',0,5,'2018-02-16 18:21:58','2018-02-16 18:21:58'),(158,'Απόστολος','Κοσμάς','1968-08-17','1968','male','/img/athlete.png',0,2,'2018-02-16 18:22:39','2018-02-16 18:22:39'),(159,'Μάριος','Βλάχος','1964-12-23','1964','male','/img/athlete.png',0,2,'2018-02-16 18:23:35','2018-02-16 18:23:52'),(160,'Ανδρέου','Ιουλία','1977-01-04','1977','female','/img/athlete.png',0,1,'2018-02-16 18:31:20','2018-02-16 18:31:20'),(161,'Ελένη','Ιωάννου','1984-01-20','1984','female','/img/athlete.png',0,1,'2018-02-16 18:31:45','2018-02-16 18:31:45'),(162,'Σταυρούλα','Θρασυβούλου','1991-04-06','1991','female','/img/athlete.png',0,2,'2018-02-16 18:32:43','2018-02-16 18:32:43'),(163,'Χριστίνα','Χιώτη','1990-05-15','1990','female','/img/athlete.png',0,1,'2018-02-16 18:33:34','2018-02-16 18:33:34'),(164,'Ζοζάν','Τιμουρτουρκάν','1999-05-27','1999','female','/img/athlete.png',0,2,'2018-02-16 18:34:21','2018-02-16 18:34:21'),(165,'Πόλα','Χατζηπαπά','1963-08-16','1963','female','/img/athlete.png',0,2,'2018-02-16 18:34:57','2018-02-16 18:34:57'),(166,'Ελένη','Μπαρρόν','1968-06-06','1968','female','/img/athlete.png',0,1,'2018-02-16 18:35:26','2018-02-16 18:35:26'),(167,'Μάρθα','Σωτηρίου','1987-08-28','1987','female','/img/athlete.png',0,1,'2018-02-16 18:36:02','2018-02-16 18:36:21'),(168,'Χριστόφορος','Γενεθλή','1998-02-19','1998','male','/img/athlete.png',1,2,'2018-03-01 13:06:07','2018-03-01 13:09:56'),(169,'Παναγιώτης','Κονταξής','2002-01-28','2002','male','/img/athlete.png',1,2,'2018-03-01 15:26:53','2018-03-01 16:57:47'),(170,'Εθνική Ομάδα','Ανδρών',NULL,'1000','male','/img/athlete.png',1,NULL,'2018-03-06 21:01:30','2018-03-06 21:08:19'),(171,'Εθνική Ομάδα','Γυναικών',NULL,'1000','female','/img/athlete.png',0,NULL,'2018-03-06 21:02:29','2018-03-06 21:02:29'),(172,'Ελένη','Νικολάου',NULL,'1991','female','/img/athlete.png',1,3,'2018-03-10 16:40:42','2018-03-10 17:11:42'),(173,'Σταυρούλα','Πογιατζή','1976-02-26','1976','female','/img/athlete.png',1,1,'2018-03-10 16:42:56','2018-03-13 11:28:59'),(174,'Έλενα','Σωφρονίου',NULL,'1962','female','/img/athlete.png',1,3,'2018-03-10 19:37:38','2018-03-10 19:39:40'),(175,'Μάρω','Θωμά',NULL,'1966','female','/img/athlete.png',0,2,'2018-03-11 13:21:11','2018-03-11 13:21:11'),(176,'Ραφαήλ','Αντωνίου','1995-08-04','1995','male','/img/athlete.png',1,2,'2018-03-11 14:27:30','2018-03-11 22:15:32'),(177,'Κώστας','Ποχάνης','1973-07-29','1973','male','/img/athlete.png',1,1,'2018-03-11 20:46:30','2018-03-11 21:05:05'),(178,'Αντώνιος','Αγιομαμίτης','1979-01-01','1979','male','/img/athlete.png',1,1,'2018-03-11 20:50:22','2018-03-12 09:11:18'),(179,'Γεώργιος','Αφάμης','1972-09-03','1972','male','/img/athlete.png',1,2,'2018-03-11 20:53:06','2018-03-14 21:27:34'),(180,'Πέτρος','Νικοδήμου',NULL,'1961','male','/img/athlete.png',1,1,'2018-03-12 10:24:45','2018-03-12 10:44:15'),(181,'Νίκος','Χατζηνικολάου',NULL,'1960','male','/img/athlete.png',1,2,'2018-03-12 10:39:10','2018-03-12 10:44:15'),(182,'Στέφανος','Αναστασίου','1990-08-11','1990','male','/img/athlete.png',1,6,'2018-03-12 10:58:25','2018-03-12 11:08:12'),(183,'Αντώνιος','Γιωργαλλίδης',NULL,'1961','male','/img/athlete.png',1,1,'2018-03-12 11:12:09','2018-03-12 11:55:49'),(184,'Κυριάκος','Πολυκάρπου',NULL,'1974','male','/img/athlete.png',1,1,'2018-03-12 11:31:49','2018-03-12 11:55:49'),(185,'Μενέλαος','Σιτανάρης','2003-01-08','2003','male','/img/athlete.png',1,6,'2018-03-12 11:36:43','2018-03-12 11:55:49'),(186,'Ανδρέας​','Ταμάνης​','2002-08-23','2002','male','/img/athlete.png',1,2,'2018-03-12 11:53:10','2018-03-12 11:55:49'),(187,'Αναστάσιος','Τζιωνής',NULL,'1962','male','/img/athlete.png',1,2,'2018-03-12 19:28:12','2018-03-12 20:18:42'),(188,'Γιώτα','Ανδρέου',NULL,'1989','female','/img/athlete.png',0,2,'2018-03-12 19:40:47','2018-03-12 19:40:47'),(189,'Χάρης','Κούτρας','1992-06-08','1992','male','/img/athlete.png',1,3,'2018-03-12 19:54:07','2018-03-12 20:18:42'),(190,'Μιχάλης','Κολοκοτρώνης',NULL,'1990','male','/img/athlete.png',1,1,'2018-03-13 09:29:30','2018-03-13 11:12:09'),(191,'Πέτρος','Σοφιανός',NULL,'1982','male','/img/athlete.png',1,1,'2018-03-13 09:33:57','2018-03-13 11:12:09'),(192,'Στυλιανός','Καζακαίος',NULL,'1994','male','/img/athlete.png',1,1,'2018-03-13 09:34:21','2018-03-13 11:12:09'),(193,'Απόστολος','Τσακκιστός',NULL,'1992','male','/img/athlete.png',1,1,'2018-03-13 09:43:49','2018-03-13 11:12:09'),(194,'Μιχάλης','Κλατσιάς',NULL,'1992','male','/img/athlete.png',1,1,'2018-03-13 09:46:11','2018-03-13 11:12:09'),(195,'Σπύρος','Σάββα','2000-01-24','2000','male','/img/athlete.png',1,5,'2018-03-13 10:01:53','2018-03-13 11:12:09'),(196,'Λούκας','Σπύρου',NULL,'1973','male','/img/athlete.png',1,2,'2018-03-13 10:31:52','2018-03-13 11:12:09'),(197,'Γιώργος','Αβραάμ','1992-11-27','1992','male','/img/athlete.png',1,3,'2018-03-13 11:00:34','2018-03-13 11:12:09'),(198,'Μαριάννα','Πισιάρα','1997-05-10','1997','female','/img/athlete.png',0,2,'2018-03-13 19:42:25','2018-03-13 19:42:25'),(199,'Εθνική Ομάδα','Νεανίδων',NULL,'1000','female','/img/athlete.png',0,NULL,'2018-03-13 19:44:44','2018-03-13 19:44:44'),(200,'Κυριάκος','Ονησιφόρου','1951-04-10','1951','male','/img/athlete.png',1,1,'2018-03-14 11:50:34','2018-03-14 18:56:35'),(201,'Πιέρος','Τσίησιος',NULL,'1978','male','/img/athlete.png',1,3,'2018-03-14 12:17:17','2018-03-14 18:56:35'),(202,'Εθνική Ομάδα','Νέων Ανδρών',NULL,'1000','male','/img/athlete.png',1,NULL,'2018-03-14 18:28:12','2018-03-14 18:56:35'),(203,'Ανδρέας','Χριστοδούλου','1995-10-26','1995','male','/img/athlete.png',1,5,'2018-03-14 18:37:26','2018-03-14 18:56:35'),(204,'Εθνική Ομάδα','Κορασίδων',NULL,'1000','female','/img/athlete.png',0,NULL,'2018-03-15 10:04:08','2018-03-15 10:04:08'),(205,'Πέτρος','Τσιάκκιρος',NULL,'1956','male','/img/athlete.png',1,3,'2018-03-15 11:31:27','2018-03-15 12:17:08'),(206,'Λουίζα','Τσιανάκα',NULL,'1974','female','/img/athlete.png',0,1,'2018-03-15 12:32:02','2018-03-15 12:32:02'),(207,'Εθνική Ομάδα','Εφήβων',NULL,'1000','male','/img/athlete.png',1,NULL,'2018-03-15 13:24:48','2018-03-15 15:49:48'),(208,'Γεώργιος','Λαβίθης','1986-09-30','1986','male','/img/athlete.png',1,NULL,'2018-03-15 13:27:10','2018-03-15 15:49:48'),(209,'Γιώργος','Γεωργίου','1985-07-15','1985','male','/img/athlete.png',1,NULL,'2018-03-15 13:28:24','2018-03-15 15:49:48'),(210,'Γεώργιος','Κυριακίδης','1985-03-07','1985','male','/img/athlete.png',1,NULL,'2018-03-15 13:29:23','2018-03-15 15:49:48'),(211,'Βαλεντίνος','Αθανασίου','1986-07-27','1986','male','/img/athlete.png',1,NULL,'2018-03-15 13:30:37','2018-03-15 15:49:48'),(212,'Στάθης','Στασής',NULL,'1973','male','/img/athlete.png',1,2,'2018-03-15 16:54:48','2018-03-15 17:20:30'),(213,'Έλενα','Αγαμέμνωνος',NULL,'1975','female','/img/athlete.png',0,1,'2018-03-15 16:56:05','2018-03-15 16:56:05');
/*!40000 ALTER TABLE `athletes` ENABLE KEYS */;
UNLOCK TABLES;

--
-- Table structure for table `clubs`
--

DROP TABLE IF EXISTS `clubs`;
/*!40101 SET @saved_cs_client     = @@character_set_client */;
/*!40101 SET character_set_client = utf8 */;
CREATE TABLE `clubs` (
  `id` int(10) unsigned NOT NULL AUTO_INCREMENT,
  `name` varchar(191) COLLATE utf8mb4_unicode_ci NOT NULL,
  `acronym` varchar(191) COLLATE utf8mb4_unicode_ci NOT NULL,
  `city` varchar(191) COLLATE utf8mb4_unicode_ci NOT NULL,
  `picture` varchar(191) COLLATE utf8mb4_unicode_ci NOT NULL DEFAULT 'club.jpg',
  `since` int(11) NOT NULL,
  `created_at` timestamp NULL DEFAULT NULL,
  `updated_at` timestamp NULL DEFAULT NULL,
  PRIMARY KEY (`id`),
  UNIQUE KEY `clubs_acronym_unique` (`acronym`)
) ENGINE=InnoDB AUTO_INCREMENT=7 DEFAULT CHARSET=utf8mb4 COLLATE=utf8mb4_unicode_ci;
/*!40101 SET character_set_client = @saved_cs_client */;

--
-- Dumping data for table `clubs`
--

LOCK TABLES `clubs` WRITE;
/*!40000 ALTER TABLE `clubs` DISABLE KEYS */;
INSERT INTO `clubs` VALUES (1,'Γυμναστικός Σύλλογος Τα Παγκύπρια','ΓΣΠ','Λευκωσία','/storage/pictures/clubs/GFa6JXZU8feApF7uKksseNdz8J2nzGdR3JnOiFJF.jpeg',1894,'2017-12-26 14:00:48','2017-12-26 19:14:36'),(2,'Γυμναστικός Σύλλογος τα Ολύμπια','ΓΣΟ','Λεμεσός','/storage/pictures/clubs/Cx4MyDQ8V3ZcXluGNhVbhVjTJ6a5Z7CtHOk9rjTK.png',1892,'2017-12-26 14:00:48','2017-12-26 19:14:45'),(3,'Γυμναστικός Σύλλογος Ευαγόρας','ΓΣΕ','Αμμόχωστος','/img/club.png',1903,'2017-12-26 14:00:48','2017-12-26 14:00:48'),(4,'Γυμναστικού Συλλόγου Ζήνων','ΓΣΖ','Λάρνακα','/img/club.png',1896,'2017-12-26 14:00:48','2017-12-26 14:00:48'),(5,'Γυμναστικός Σύλλογος Κόροιβος','ΓΣΚ','Πάφος','/img/club.png',1898,'2017-12-26 14:00:48','2017-12-26 14:00:48'),(6,'Γυμναστικός Συλλογος Πράξανδρος','ΓΣΠΡ','Κερύνεια','/img/club.png',1919,'2017-12-26 14:00:48','2017-12-26 14:00:48');
/*!40000 ALTER TABLE `clubs` ENABLE KEYS */;
UNLOCK TABLES;

--
-- Table structure for table `competition_competition_series`
--

DROP TABLE IF EXISTS `competition_competition_series`;
/*!40101 SET @saved_cs_client     = @@character_set_client */;
/*!40101 SET character_set_client = utf8 */;
CREATE TABLE `competition_competition_series` (
  `id` int(10) unsigned NOT NULL AUTO_INCREMENT,
  `competition_id` int(10) unsigned NOT NULL,
  `competition_series_id` int(10) unsigned NOT NULL,
  PRIMARY KEY (`id`),
  KEY `competition_competition_series_competition_id_foreign` (`competition_id`),
  KEY `competition_competition_series_competition_series_id_foreign` (`competition_series_id`),
  CONSTRAINT `competition_competition_series_competition_id_foreign` FOREIGN KEY (`competition_id`) REFERENCES `competitions` (`id`),
  CONSTRAINT `competition_competition_series_competition_series_id_foreign` FOREIGN KEY (`competition_series_id`) REFERENCES `competition_series` (`id`)
) ENGINE=InnoDB AUTO_INCREMENT=205 DEFAULT CHARSET=utf8mb4 COLLATE=utf8mb4_unicode_ci;
/*!40101 SET character_set_client = @saved_cs_client */;

--
-- Dumping data for table `competition_competition_series`
--

LOCK TABLES `competition_competition_series` WRITE;
/*!40000 ALTER TABLE `competition_competition_series` DISABLE KEYS */;
INSERT INTO `competition_competition_series` VALUES (1,52,28),(2,53,28),(3,54,28),(4,55,26),(5,56,9),(6,57,26),(7,58,26),(8,59,28),(9,60,28),(10,1,1),(11,2,3),(12,3,4),(13,4,6),(14,5,7),(15,6,14),(16,7,5),(17,8,15),(18,9,8),(19,16,20),(20,10,9),(21,17,1),(22,61,28),(23,62,27),(24,63,27),(25,64,27),(26,65,28),(27,66,28),(28,67,27),(29,68,27),(30,69,28),(31,70,29),(32,71,28),(33,72,26),(35,74,27),(36,75,27),(37,76,29),(38,77,21),(39,78,26),(40,79,26),(41,80,27),(42,81,27),(43,82,28),(44,83,27),(45,84,27),(46,85,27),(47,86,27),(48,87,27),(49,88,27),(50,43,27),(51,89,27),(52,90,27),(53,91,27),(54,92,27),(55,93,27),(56,94,27),(57,95,27),(58,96,28),(59,97,26),(60,98,13),(61,99,30),(62,100,18),(63,101,26),(64,102,18),(66,103,9),(67,104,31),(68,105,17),(69,106,32),(70,107,1),(71,108,30),(72,109,1),(73,110,33),(74,111,26),(75,112,19),(76,113,26),(77,114,26),(78,115,26),(79,116,26),(80,117,26),(81,118,26),(82,119,26),(83,120,12),(85,122,33),(86,123,34),(87,121,35),(88,124,18),(89,125,35),(90,126,36),(91,127,7),(93,129,34),(97,133,26),(98,134,26),(99,135,9),(100,136,18),(101,137,26),(102,138,24),(103,139,16),(105,128,30),(106,130,22),(107,131,35),(108,132,1),(109,140,37),(111,141,38),(112,142,26),(113,143,26),(114,144,35),(115,145,22),(116,146,35),(117,147,23),(118,148,1),(119,149,26),(120,150,7),(121,151,23),(122,152,39),(123,153,30),(124,154,35),(125,155,33),(126,156,33),(127,157,30),(128,158,40),(129,159,40),(130,160,30),(131,161,41),(132,162,30),(133,163,30),(134,164,42),(135,165,34),(136,166,26),(137,167,43),(138,168,1),(139,169,44),(140,170,45),(141,171,26),(142,172,8),(143,173,34),(144,174,16),(145,175,18),(146,176,26),(147,177,28),(148,178,28),(149,179,40),(150,180,32),(151,181,1),(152,182,16),(153,183,46),(154,184,47),(155,185,40),(156,186,26),(157,187,23),(158,188,26),(159,189,1),(160,190,1),(161,191,18),(162,192,11),(163,193,3),(164,194,46),(165,195,37),(166,196,28),(167,197,26),(168,198,26),(169,199,26),(170,200,26),(171,201,27),(172,202,48),(173,203,46),(174,204,26),(175,205,7),(176,206,42),(177,206,49),(178,207,15),(179,208,50),(180,209,51),(181,210,22),(182,211,26),(183,212,26),(184,213,26),(185,214,26),(186,215,26),(187,216,26),(188,217,1),(189,218,23),(190,219,26),(191,220,30),(192,221,26),(193,222,26),(194,223,26),(195,224,26),(196,225,26),(197,226,11),(198,227,45),(199,228,17),(200,229,26),(201,229,37),(202,230,26),(203,231,26),(204,232,46);
/*!40000 ALTER TABLE `competition_competition_series` ENABLE KEYS */;
UNLOCK TABLES;

--
-- Table structure for table `competition_series`
--

DROP TABLE IF EXISTS `competition_series`;
/*!40101 SET @saved_cs_client     = @@character_set_client */;
/*!40101 SET character_set_client = utf8 */;
CREATE TABLE `competition_series` (
  `id` int(10) unsigned NOT NULL AUTO_INCREMENT,
  `name` varchar(191) COLLATE utf8mb4_unicode_ci NOT NULL,
  `created_at` timestamp NULL DEFAULT NULL,
  `updated_at` timestamp NULL DEFAULT NULL,
  PRIMARY KEY (`id`)
) ENGINE=InnoDB AUTO_INCREMENT=52 DEFAULT CHARSET=utf8mb4 COLLATE=utf8mb4_unicode_ci;
/*!40101 SET character_set_client = @saved_cs_client */;

--
-- Dumping data for table `competition_series`
--

LOCK TABLES `competition_series` WRITE;
/*!40000 ALTER TABLE `competition_series` DISABLE KEYS */;
INSERT INTO `competition_series` VALUES (1,'Παγκύπριο Πρωτάθλημα Ανδρών/Γυναικών','2017-12-26 14:00:48','2018-01-01 10:07:55'),(3,'Ευρωπαϊκό Πρωτάθλημα Ανδρών/Γυναικών','2017-12-30 14:58:47','2017-12-30 15:00:54'),(4,'Παγκόσμιο Πρωτάθλημα Κλειστού Στίβου','2018-01-01 09:49:22','2018-01-01 09:49:22'),(5,'Βαλκανικό Πρωτάθλημα Κλειστού Στίβου Ανδρών/Γυναικών','2018-01-01 10:04:54','2018-01-01 10:04:54'),(6,'Βαλκανικό Πρωτάθλημα Κλειστού Στίβου Εφήβων/Νεανίδων','2018-01-01 10:05:41','2018-01-01 10:05:41'),(7,'Πανελλήνιο Πρωτάθλημα Κλειστού Στίβου Ανδρών/Γυναικών','2018-01-01 10:06:38','2018-01-01 10:06:38'),(8,'Κοινοπολιτειακοί Αγώνες','2018-01-01 10:10:35','2018-01-01 10:10:35'),(9,'Μεσογειακοί Αγώνες','2018-01-01 10:10:47','2018-01-01 10:10:47'),(10,'Πανευρωπαϊκό Πρωτάθλημα Παίδων/Κορασίδων','2018-01-01 10:11:15','2018-01-01 10:11:15'),(11,'Παγκόσμιο Πρωτάθλημα Εφήβων/Νεανίδων','2018-01-01 10:11:35','2018-01-01 10:11:35'),(12,'Ολυμπιακοί Αγώνες Νέων','2018-01-01 10:11:46','2018-01-01 10:11:46'),(13,'Ολυμπιακοί Αγώνες','2018-01-01 10:11:54','2018-01-01 10:11:54'),(14,'Παγκύπριο Πρωτάθλημα Μισού Μαραθωνίου','2018-01-01 10:22:03','2018-01-01 10:22:03'),(15,'Παγκύπριο Πρωτάθλημα 10000μ','2018-01-01 12:16:20','2018-03-12 19:24:15'),(16,'Παγκύπριο Πρωτάθλημα Εφήβων/Νεανίδων','2018-01-02 09:54:14','2018-01-02 09:54:14'),(17,'Βαλκανικό Πρωτάθλημα Εφήβων/Νεανίδων','2018-01-02 09:55:07','2018-01-02 09:55:07'),(18,'Διεθνές Μίτινγκ','2018-01-02 10:05:42','2018-01-02 10:05:42'),(19,'Παγκόσμιο Πρωτάθλημα Ανδρών/Γυναικών','2018-01-03 11:10:53','2018-01-03 11:10:53'),(20,'Παγκύπριο Πρωτάθλημα Ανωμάλου Δρόμου','2018-01-04 12:01:58','2018-01-04 12:01:58'),(21,'Ευρωπαικό Πρωτάθλημα Κλειστού Στίβου Ανδρών/Γυναικών','2018-01-07 10:00:32','2018-01-07 10:00:32'),(22,'Παγκόσμια Πανεπιστημιάδα','2018-01-09 08:54:29','2018-01-09 08:54:29'),(23,'Πανελλήνιο Πρωτάθλημα Ανδρών/Γυναικών','2018-01-09 09:43:46','2018-01-09 09:43:46'),(24,'Αγώνες Μικρών Κρατών Ευρώπης','2018-01-09 18:43:32','2018-01-09 18:43:32'),(25,'Ντάιαμοντ Λιγκ','2018-01-09 19:33:41','2018-01-09 19:33:41'),(26,'N/A','2018-01-14 10:19:06','2018-01-14 10:19:06'),(27,'Κολεγιακό πρωτάθλημα Αμερικής','2018-01-15 12:09:28','2018-01-15 12:09:28'),(28,'Διεθνές Μίτινγκ Κλειστού Στίβου','2018-01-20 11:54:17','2018-01-20 11:54:17'),(29,'IAAF World Indoor Tour','2018-02-07 21:55:28','2018-02-07 21:55:28'),(30,'Ημερίδα','2018-02-27 11:08:13','2018-02-27 11:08:13'),(31,'Ευρωπαϊκό Πρωτάθλημα Κάτω των 23','2018-03-01 12:37:25','2018-03-01 12:37:25'),(32,'Παγκύπριο Εαρινό Πρωτάθλημα τα Μάτσεια','2018-03-01 15:20:54','2018-03-01 15:20:54'),(33,'Παγκόσμια Γυμνασιάδα','2018-03-02 10:54:37','2018-03-02 10:54:37'),(34,'Ευρωπαϊκό Πρωτάθλημα Ομάδων','2018-03-04 14:23:46','2018-03-04 14:23:46'),(35,'Ευρωπαϊκό Κύπελλο','2018-03-05 13:03:31','2018-03-05 13:03:31'),(36,'Ευρωπαϊκό Κύπελλο Ρίψεων','2018-03-06 17:52:15','2018-03-06 17:52:15'),(37,'Διεθνής Συνάντηση','2018-03-11 09:19:10','2018-03-12 10:27:32'),(38,'Παγκύπριο Πρωτάθλημα Συνθέτων','2018-03-11 13:19:52','2018-03-11 13:19:52'),(39,'Πανελλήνιο Πρωτάθλημα Μαραθωνίου','2018-03-12 10:20:39','2018-03-12 10:20:39'),(40,'Παγκύπριο Πρωτάθλημα Παίδων/Κορασίδων','2018-03-12 11:48:11','2018-03-12 11:48:11'),(41,'Πανελλήνιο Πρωτάθλημα 10.000μ','2018-03-12 19:25:37','2018-03-12 19:29:05'),(42,'Παγκύπριο Πρωτάθλημα Μαραθωνίου','2018-03-12 19:37:29','2018-03-12 19:37:29'),(43,'Ευρωπαϊκό Ολυμπιακό Φεστιβάλ Νέων','2018-03-12 19:49:41','2018-03-12 20:06:24'),(44,'Ευρωπαϊκά Ολυμπιακά Τράιαλς Νέων','2018-03-12 20:07:38','2018-03-12 20:07:38'),(45,'Βαλκανικό Πρωτάθλημα Ανδρών/Γυναικών','2018-03-12 20:11:52','2018-03-12 20:11:52'),(46,'Πανευρωπαϊκό Πρωτάθλημα Εφήβων/Νεανίδων','2018-03-13 09:52:32','2018-03-13 09:52:32'),(47,'Συνάντηση Kύπρου-Ελλάδας Παίδων/Κορασίδων','2018-03-13 10:06:38','2018-03-13 10:06:38'),(48,'Κοινοπολιτειακοί Αγώνες Νέων','2018-03-14 20:06:04','2018-03-14 20:06:04'),(49,'Βαλκανικό Πρωτάθλημα Μαραθωνίου','2018-03-15 10:02:20','2018-03-15 10:02:20'),(50,'Παγκύπριοι Μαθητικοί Αγώνες Λυκείων','2018-03-15 11:19:50','2018-03-15 11:19:50'),(51,'Παγκύπριοι Μαθητικοί Αγώνες Γυμνασίων','2018-03-15 11:20:08','2018-03-15 11:20:08');
/*!40000 ALTER TABLE `competition_series` ENABLE KEYS */;
UNLOCK TABLES;

--
-- Table structure for table `competitions`
--

DROP TABLE IF EXISTS `competitions`;
/*!40101 SET @saved_cs_client     = @@character_set_client */;
/*!40101 SET character_set_client = utf8 */;
CREATE TABLE `competitions` (
  `id` int(10) unsigned NOT NULL AUTO_INCREMENT,
  `name` varchar(191) COLLATE utf8mb4_unicode_ci NOT NULL,
  `date_start` date NOT NULL,
  `date_finish` date NOT NULL,
  `country` varchar(191) COLLATE utf8mb4_unicode_ci NOT NULL,
  `city` varchar(191) COLLATE utf8mb4_unicode_ci NOT NULL,
  `picture` varchar(191) COLLATE utf8mb4_unicode_ci NOT NULL DEFAULT 'competition.jpg',
  `venue` varchar(191) COLLATE utf8mb4_unicode_ci DEFAULT NULL,
  `status` tinyint(1) NOT NULL DEFAULT '0',
  `created_at` timestamp NULL DEFAULT NULL,
  `updated_at` timestamp NULL DEFAULT NULL,
  PRIMARY KEY (`id`)
) ENGINE=InnoDB AUTO_INCREMENT=233 DEFAULT CHARSET=utf8mb4 COLLATE=utf8mb4_unicode_ci;
/*!40101 SET character_set_client = @saved_cs_client */;

--
-- Dumping data for table `competitions`
--

LOCK TABLES `competitions` WRITE;
/*!40000 ALTER TABLE `competitions` DISABLE KEYS */;
INSERT INTO `competitions` VALUES (1,'Παγκύπριο Πρωτάθλημα Ανδρών/Γυναικών 2018','2018-06-16','2018-06-17','Κύπρος','Παραλίμνι','/storage/pictures/competitions/z9E5QTSMtINed6HLfmLjRUcGjVfFF9qKf7bLFqR2.png','Στάδιο Τάσος Μάρκου',1,'2017-12-26 20:15:22','2017-12-30 18:34:44'),(2,'Ευρωπαϊκό Πρωτάθλημα - Βερολίνο 2018','2018-08-07','2018-08-12','Γερμανία','Βερολίνο','/storage/pictures/competitions/WpLQaNykFDShU3soOAoLUuzgoDcb2419ceOzwcbw.png',NULL,1,'2017-12-30 15:07:59','2018-01-04 13:11:06'),(3,'Παγκόσμιο Πρωτάθλημα Κλειστού Στίβου - Μπέρμιγχαμ 2018','2018-03-01','2018-03-04','Μεγάλη Βρετανία','Μπέρμιγχαμ','/storage/pictures/competitions/bccfIT948RyaEDcE2VfrBStCaVT2IgM2hOxXSmeh.png','Arena Birmingham',1,'2018-01-01 09:56:02','2018-01-01 11:43:29'),(4,'Βαλκανικό Πρωτάθλημα Κλειστού Στίβου Εφήβων/Νεανίδων 2018','2018-02-10','2018-02-10','Βουλγαρία','Σόφια','/img/competition.png',NULL,1,'2018-01-01 10:14:16','2018-01-01 12:13:57'),(5,'32ο Πανελλήνιο Πρωτάθλημα Κλειστού Στίβου Ανδρών/Γυναικών 2018','2018-02-10','2018-02-11','Ελλάδα','Αθήνα','/storage/pictures/competitions/MN4cRYgmDIwyk6mcN6Sy74MT5ybu258W6INHEeMi.png','Στάδιο Ειρήνης & Φιλίας',1,'2018-01-01 10:20:26','2018-02-10 10:47:11'),(6,'Παγκύπριο Πρωτάθλημα Μισού Μαραθωνίου 2018','2018-02-11','2018-02-11','Κύπρος','Λευκωσία','/storage/pictures/competitions/U75wdUgmQvnwLhzgLYppLakGlqZ3OQFuGNXGLPmd.png',NULL,1,'2018-01-01 10:23:14','2018-01-01 12:13:57'),(7,'Βαλκανικό Πρωτάθλημα Κλειστού Στίβου Ανδρών/Γυναικών 2018','2018-02-17','2018-02-17','Τουρκία','Κωνσταντινούπολη','/img/competition.png',NULL,1,'2018-01-01 10:30:21','2018-01-01 12:13:57'),(8,'Παγκύπριο Πρωτάθλημα 10000μ Ανδρών/Γυναικών 2018','2018-04-13','2018-04-13','Κύπρος','Παραλίμνη','/storage/pictures/competitions/HcE6WRry9CF4bdMm0pxVXkZ1WHYVciqW3i14f0BB.png','Στάδιο Τάσος Μάρκου',1,'2018-01-01 12:17:51','2018-03-10 19:29:48'),(9,'Κοινοπολιτειακοί Αγώνες - Γκόουλντ Κόουστ 2018','2018-04-08','2018-04-15','Αυστραλία','Γκόουλντ Κόουστ','/storage/pictures/competitions/HffgCIIoedfAvdxsFtuYKTW6PlHqB4XX5qylja4j.jpeg',NULL,1,'2018-01-01 12:22:52','2018-01-01 12:24:47'),(10,'Μεσογειακοί Αγώνες - Ταραγόνα 2018','2018-06-22','2018-07-01','Ισπανία','Ταραγόνα','/storage/pictures/competitions/4ZWP8HBHSReH4nwGVuslR7xU2ftepVuh4RhL6bVS.jpeg',NULL,1,'2018-01-01 12:29:56','2018-01-01 12:30:04'),(11,'Παγκύπριο Πρωτάθλημα Εφήβων/Νεανίδων 2018','2018-04-28','2018-04-29','Κύπρος','Λεμεσός','/storage/pictures/competitions/92ig8VOQzTRcL60qyBflArQHOQfxMIH30h0dGUBu.png','Τσίριο Στάδιο',1,'2018-01-02 09:56:18','2018-01-02 09:58:17'),(12,'Βαλκανικό Πρωτάθλημα Εφήβων/Νεανίδων 2018','2018-06-23','2018-06-24','Τουρκία','Μπούρσα','/img/competition.png',NULL,1,'2018-01-02 09:58:06','2018-01-02 09:58:17'),(13,'Βαρδιονογιάννεια 1996','1996-05-25','1996-05-25','Ελλάδα','Ρέθυμνο','/img/competition.png',NULL,1,'2018-01-02 10:08:15','2018-01-02 10:08:26'),(14,'Παγκόσμιο Πρωτάθλημα - Οσάκα 2007','2007-08-24','2007-09-02','Ιαπωνία','Οσάκα','/storage/pictures/competitions/42I8PcYL9UYRF6vJzAKnSyZI40uGilqKVq9YQGVr.png',NULL,1,'2018-01-03 11:15:53','2018-01-03 11:20:16'),(15,'Κοινοπολιτειακοί Αγώνες - Μπρίσμπεϊν 1982','1982-10-03','1982-10-09','Αυστραλία','Μπρίσμπεϊν','/storage/pictures/competitions/2lwHsoBLkpA2hzDQDQ6G70XvMsj5WNP6B050bKlT.png',NULL,1,'2018-01-03 21:13:19','2018-01-03 21:30:44'),(16,'Παγκύπριο Πρωτάθλημα Ανωμάλου Δρόμου 2018','2018-01-05','2018-01-05','Κύπρος','Λευκωσία','/storage/pictures/competitions/wHPefMos1J5fgSSclTjSyWf9aCGK7lXECHzPoCt6.png','Εθνικό Δασικό Πάρκο Αθαλάσσας',1,'2018-01-04 12:03:04','2018-01-04 12:04:38'),(17,'Παγκύπριο Πρωτάθλημα Ανδρών/Γυναικών 2016','2016-06-18','2016-06-19','Κύπρος','Λευκωσία','/storage/pictures/competitions/SGB2hJRMLhrSJ84Xm0rAfVDzXEKkXEbLe2GWibp4.png','Στάδιο ΓΣΠ',1,'2018-01-04 13:05:31','2018-01-04 13:11:43'),(18,'Ευρωπαϊκό Πρωτάθλημα - Βαρκελώνη 2010','2010-07-27','2010-08-01','Ισπανία','Βαρκελώνη','/storage/pictures/competitions/bSLflbOl69OBTFDCsoHM0JK2momT1RIW77VdwRek.png',NULL,1,'2018-01-04 13:13:35','2018-01-04 13:15:55'),(19,'Μεσογειακοί Αγώνες - Πεσκάρα 2009','2009-06-30','2009-07-03','Ιταλία','Πεσκάρα','/storage/pictures/competitions/1R53CtYaFRWcOtnIyBKkfL4TzrhBRYdC3RoSqP8l.jpeg','Stadio Adriatico',1,'2018-01-04 13:20:19','2018-01-04 13:24:45'),(20,'Τοφάλεια 2017','2017-07-01','2017-07-01','Ελλάδα','Πάτρα','/img/competition.png','Παμπελοποννησιακό Στάδιο',1,'2018-01-06 13:28:06','2018-01-06 13:36:47'),(21,'IFAM Oordegem 2016','2016-05-28','2016-05-28','Βέλγιο','Οόρτεκεμ','/img/competition.png',NULL,1,'2018-01-06 13:36:08','2018-01-06 13:39:39'),(22,'Βαλκανικό Πρωτάθλημα Κλειστού Στίβου - Κωνσταντινούπολη 2015','2015-02-21','2015-02-21','Τουρκία','Κωνσταντινούπολη','/img/competition.png',NULL,1,'2018-01-06 16:56:57','2018-01-07 09:53:11'),(23,'Βαλκανικό Πρωτάθλημα Κλειστού Στίβου - Βελιγράδι 2017','2017-02-25','2017-02-25','Σερβία','Βελιγράδι','/img/competition.png',NULL,1,'2018-01-07 09:49:15','2018-01-07 09:53:11'),(24,'Ευρωπαικό Πρωτάθλημα Κλειστού Στίβου - Βελιγράδι 2017','2017-03-03','2017-03-05','Σερβία','Βελιγράδι','/storage/pictures/competitions/kT9IhKLltfRWFUsGHYvhy8bTzAbHLctdFiB2nKAD.png',NULL,1,'2018-01-07 10:03:18','2018-01-07 10:09:36'),(25,'12th Meeting Iberoamericano','2016-06-03','2016-06-03','Ισπανία','Ουέλβα','/storage/pictures/competitions/1l7cYGwloIAHtCVdoKcqQNgSR1wdujdM4t0xA1v3.jpeg',NULL,1,'2018-01-09 08:28:18','2018-01-09 08:31:37'),(26,'Παγκόσμια Πανεπιστημιάδα - Πάλμα 1999','1999-07-09','1999-07-13','Ισπανία','Πάλμα ντε Μαγιόρκα','/storage/pictures/competitions/3TreiV7YKtjCU96cFw3icKCCfy87ieI5TSLisDVv.png','Estadio Son Moix',1,'2018-01-09 08:57:02','2018-01-09 10:08:10'),(27,'Πανελλήνιο Πρωτάθλημα 1998','1998-07-17','1998-07-19','Ελλάδα','Αθήνα','/storage/pictures/competitions/1pNtkixnSfcaWK1wV1GgYp0p1Rf2SfSYPp6Pv3wm.png','Ολυμπιακό Στάδιο Αθήνας',1,'2018-01-09 09:45:39','2018-01-09 09:47:25'),(28,'ΑΜΚΕ - Κύπρος 2009','2009-06-02','2009-06-06','Κύπρος','Λευκωσία','/storage/pictures/competitions/3EaFJBYIiQAyqLPd5JNRQXDyTc8CEvVwz1VYkvTF.jpeg','Στάδιο ΓΣΠ',1,'2018-01-09 18:46:39','2018-01-09 18:49:59'),(29,'Ηράκλεια 2016','2016-05-28','2016-05-28','Ελλάδα','Ηράκλειο','/img/competition.png','Στάδιο «Ελευθερίας»',1,'2018-01-09 19:01:33','2018-01-09 19:03:15'),(30,'Φεστιβάλ Ρίψεων - Τρίπολη 2015','2015-05-16','2015-05-16','Ελλάδα','Τρίπολη','/img/competition.png',NULL,1,'2018-01-09 19:08:01','2018-01-09 19:09:31'),(31,'Flanders Cup - Meeting voor Mon','2016-07-30','2016-07-30','Βέλγιο','Kessel-Lo','/img/competition.png',NULL,1,'2018-01-09 19:15:54','2018-01-09 19:18:34'),(32,'London Grand Prix','2017-07-09','2017-07-09','Αγγλία','Λονδίνο','/img/competition.png','Ολυμπιακό Στάδιο Λονδίνου',1,'2018-01-11 12:33:56','2018-01-11 12:37:56'),(33,'Ολυμπιακοί Αγώνες - Σεούλ 1988','1988-09-23','1988-10-02','Νότια Κορέα','Σεούλ','/storage/pictures/competitions/U7iDAhBGXUGScIsQUPPlyER2hwa6b0W0Z5OjNLL2.png','Seoul Olympic Stadium',1,'2018-01-11 12:42:56','2018-01-11 12:49:30'),(34,'Πανελλήνιο Πρωτάθλημα Κλειστού Στίβου Ανδρών/Γυναικών 2014','2014-02-08','2014-02-09','Ελλάδα','Αθήνα','/storage/pictures/competitions/6YXT0qDmzOiZwkUBoQM8xfn0bETYTPNPo8Fp69iu.png','Στάδιο Ειρήνης & Φιλίας',1,'2018-01-14 09:38:01','2018-01-14 09:51:34'),(35,'N/A','2009-02-21','2009-02-21','Ελλάδα','Πειραιάς','/img/competition.png',NULL,1,'2018-01-14 10:20:31','2018-01-14 10:22:31'),(36,'Μεσογειακοί Αγώνες - Καζαμπλάνκα 1983','1983-09-03','1983-09-17','Μαρόκο','Καζαμπλάνκα','/storage/pictures/competitions/iAgNbPz789F6ETD5rKkq9ddufeKXu90M3Wupe8yS.jpeg',NULL,1,'2018-01-14 10:32:57','2018-01-14 10:34:27'),(37,'N/A','1979-05-21','1979-05-21','Ηνωμένες Πολιτείες Αμερικής','Τέμπε (Αριζόνα)','/img/competition.png',NULL,1,'2018-01-15 11:57:51','2018-01-15 12:11:31'),(38,'Ημερίδα κλειστού στίβου','2012-02-04','2012-02-04','Ελλάδα','Πειραιάς','/img/competition.png','Στάδιο Ειρήνης & Φιλίας',1,'2018-01-16 12:27:48','2018-01-20 11:54:59'),(39,'N/A','1973-10-28','1973-10-28','Ελλάδα','Νέο Φάληρο','/img/competition.png',NULL,1,'2018-01-16 12:53:56','2018-01-16 13:12:26'),(40,'Παπαφλέσσεια 2012','2012-06-02','2012-06-02','Ελλάδα','Καλαμάτα','/img/competition.png',NULL,1,'2018-01-16 13:02:12','2018-01-16 13:12:26'),(41,'Ted Nelson Invitational','2018-01-12','2018-01-12','Ηνωμένες Πολιτείες Αμερικής','Τέξας','/img/competition.png','Gilliam Indoor Track and Field Stadium',1,'2018-01-16 13:39:48','2018-01-16 13:40:57'),(42,'Πανελλήνιο Πρωτάθλημα Κλειστού Στίβου 2015','2015-02-14','2015-02-15','Ελλάδα','Πειραιάς','/img/competition.png','Στάδιο Ειρήνης & Φιλίας',1,'2018-01-16 14:11:35','2018-01-16 17:26:50'),(43,'N/A','2016-02-06','2016-02-06','Ηνωμένες Πολιτείες Αμερικής','ΗΠΑ','/img/competition.png',NULL,1,'2018-01-16 17:01:26','2018-02-25 14:43:52'),(44,'Ημερίδα κλειστού στίβου','2013-02-10','2013-02-10','Ελλάδα','Πειραιάς','/img/competition.png','Στάδιο Ειρήνης & Φιλίας',1,'2018-01-16 17:10:15','2018-01-20 11:54:45'),(45,'UAB Blazer Invitational','2018-01-12','2018-01-12','Ηνωμένες Πολιτείες Αμερικής','Birmingham, AL','/img/competition.png','Birmingham Crossplex Arena',1,'2018-01-16 17:20:53','2018-01-18 11:44:14'),(46,'Πανελλήνιο Πρωτάθλημα Κλειστού Στίβου 2004','2004-02-07','2004-02-08','Ελλάδα','Πειραιάς','/img/competition.png','Στάδιο Ειρήνης & Φιλίας',1,'2018-01-18 10:39:01','2018-01-18 10:44:24'),(47,'N/A','2016-02-19','2016-02-19','Ηνωμένες Πολιτείες Αμερικής','Οχάιο','/img/competition.png',NULL,1,'2018-01-18 10:52:03','2018-01-18 10:55:02'),(48,'Kentucky Track & Field Invitational','2018-01-12','2018-01-13','Ηνωμένες Πολιτείες Αμερικής','Lexington, KY','/img/competition.png',NULL,1,'2018-01-18 10:58:55','2018-01-18 11:02:26'),(49,'Ημερίδα κλειστού στίβου','2018-01-13','2018-01-13','Ελλάδα','Άγιος Κοσμάς','/img/competition.png',NULL,1,'2018-01-18 11:08:14','2018-01-20 11:54:32'),(50,'Gladstein Invitational','2018-01-19','2018-01-20','Ηνωμένες Πολιτείες Αμερικής','Bloomington, IN','/img/competition.png',NULL,1,'2018-01-20 17:33:12','2018-01-20 17:53:33'),(51,'Vanderbilt Invitational','2018-01-19','2018-01-20','Ηνωμένες Πολιτείες Αμερικής','Nashville, TN','/img/competition.png',NULL,1,'2018-01-20 17:41:38','2018-01-20 17:53:33'),(52,'Kuldiga Catherine\'s Cup','2018-01-20','2018-01-20','Λετονία','Kuldiga','/img/competition.png','Indoor hall Kuldiga',1,'2018-01-21 10:04:10','2018-01-23 11:11:50'),(53,'Ημερίδα κλειστού στίβου','2018-01-20','2018-01-20','Ελλάδα','Άγιος Κοσμάς','/img/competition.png',NULL,1,'2018-01-21 10:14:28','2018-01-23 11:11:50'),(54,'N/A','2018-01-20','2018-01-20','Βουλγαρία','Σόφια','/img/competition.png',NULL,1,'2018-01-23 11:04:45','2018-02-25 14:43:22'),(55,'N/A','1981-06-19','1981-06-19','Τσεχία','Πράγα','/img/competition.png',NULL,1,'2018-01-24 19:30:04','2018-01-24 20:28:02'),(56,'Μεσογειακοί Αγώνες - Αθήνα 1991','1991-06-28','1991-07-12','Ελλάδα','Αθήνα','/img/competition.png','ΟΑΚΑ',1,'2018-01-24 20:21:16','2018-01-24 20:28:02'),(57,'N/A','1975-04-09','1975-04-09','Ελλάδα','Αθήνα','/img/competition.png',NULL,1,'2018-01-24 20:55:58','2018-01-24 21:02:39'),(58,'N/A','1983-08-27','1983-08-27','Ιταλία','Ριτσόνε','/img/competition.png',NULL,1,'2018-01-24 21:18:00','2018-01-24 21:39:58'),(59,'Ημερίδα κλειστού στίβου ΣΕΦ','2018-01-26','2018-01-26','Ελλάδα','Πειραιάς','/img/competition.png','Στάδιο Ειρήνης & Φιλίας',1,'2018-01-26 11:25:37','2018-01-26 16:53:54'),(60,'Indoor Track & Field Vienna','2018-01-27','2018-01-27','Αυστρία','Βιέννη','/storage/pictures/competitions/EpLBQOb1T0hkvjuAtwA5Ux9m9o8uqqwz5yTpuGhw.jpeg',NULL,1,'2018-01-26 11:26:33','2018-01-30 12:39:50'),(61,'Elite Indoor Meeting, Val de Reuil','2018-01-27','2018-01-27','Γαλλία','Ντε Λεουάρ','/img/competition.png','Κλειστό Στάδιο Jesse Owens',1,'2018-01-28 10:17:22','2018-01-28 10:22:55'),(62,'Indiana University Relays','2018-01-26','2018-01-27','Ηνωμένες Πολιτείες Αμερικής','Bloomington, IN','/img/competition.png',NULL,1,'2018-01-30 12:52:20','2018-01-30 13:11:12'),(63,'Clemson Bob Pollock Invitational','2018-01-26','2018-01-27','Ηνωμένες Πολιτείες Αμερικής','Clemson, SC','/img/competition.png',NULL,1,'2018-01-30 12:57:49','2018-01-30 13:11:12'),(64,'Houston Invitational','2018-01-26','2018-01-27','Ηνωμένες Πολιτείες Αμερικής','Houston, TX','/img/competition.png',NULL,1,'2018-01-30 13:07:56','2018-01-30 13:11:12'),(65,'AIT Grand Prix 2017','2017-02-15','2017-02-15','Ιρλανδία','Athlone','/img/competition.png',NULL,1,'2018-02-01 16:14:22','2018-02-06 09:14:47'),(66,'Ημερίδα κλειστού στίβου','2018-02-03','2018-02-03','Ελλάδα','Άγιος Κοσμάς','/img/competition.png',NULL,1,'2018-02-06 09:15:44','2018-02-07 21:58:51'),(67,'Meyo Invitational 2018','2018-02-02','2018-02-03','Ηνωμένες Πολιτείες Αμερικής','Notre Dame, IN','/img/competition.png',NULL,1,'2018-02-07 21:12:54','2018-02-07 21:58:51'),(68,'New Mexico Classic','2018-02-02','2018-02-03','Ηνωμένες Πολιτείες Αμερικής','Albuquerque, NM','/img/competition.png',NULL,1,'2018-02-07 21:16:07','2018-02-07 21:58:51'),(69,'LSAC 3rd Indoor Open Meeting','2018-02-03','2018-02-03','Αγγλία','Loughborough','/img/competition.png',NULL,1,'2018-02-07 21:49:37','2018-02-07 21:58:51'),(70,'13. International PSD Bank Meeting Dusseldorf 2018','2018-02-06','2018-02-06','Γερμανία','Ντίσελντορφ','/img/competition.png',NULL,1,'2018-02-07 21:56:18','2018-02-07 21:58:51'),(71,'IFAM Indoor 2018','2018-02-10','2018-02-10','Βέλγιο','Γάνδη','/img/competition.png',NULL,1,'2018-02-08 18:30:36','2018-02-08 18:31:01'),(72,'N/A','1979-10-06','1979-10-06','Κύπρος','Λευκωσία','/img/competition.png',NULL,1,'2018-02-08 18:54:21','2018-02-08 18:55:40'),(74,'Howie Ryan Invitational','2018-02-09','2018-02-09','Ηνωμένες Πολιτείες Αμερικής','Houston, TX','/img/competition.png',NULL,1,'2018-02-15 17:28:26','2018-02-15 17:33:06'),(75,'Clemson Tiger Paw Invitational','2018-02-09','2018-02-10','Ηνωμένες Πολιτείες Αμερικής','Clemson, SC','/img/competition.png',NULL,1,'2018-02-15 17:30:30','2018-02-15 17:33:06'),(76,'Copernicus Cup','2018-02-15','2018-02-15','Πολωνία','Τορούν','/img/competition.png',NULL,1,'2018-02-15 17:34:55','2018-02-24 10:46:02'),(77,'25ο Ευρωπαϊκό Πρωτάθλημα Κλειστού Στίβου - Βαλένθια 1998','1998-02-27','1998-03-01','Ισπανία','Βαλένθια','/img/competition.png','Luis Puig Palace',1,'2018-02-17 11:12:00','2018-02-17 11:27:37'),(78,'N/A','2000-02-05','2000-02-05','Ουγγαρία','Ναρετζιχάζα','/img/competition.png',NULL,1,'2018-02-17 11:16:08','2018-02-17 11:27:37'),(79,'N/A','1999-02-28','1999-02-28','Ουγγαρία','Βουδαπέστη','/img/competition.png',NULL,1,'2018-02-17 11:24:31','2018-02-17 11:27:37'),(80,'Southland Conference Indoor Track & Field Championships','2018-02-21','2018-02-22','Ηνωμένες Πολιτείες Αμερικής','Birmingham, AL','/img/competition.png',NULL,1,'2018-02-24 10:34:37','2018-02-24 10:46:02'),(81,'2018 Alex Wilson Invitational','2018-02-17','2018-02-17','Ηνωμένες Πολιτείες Αμερικής','Notre Dame, IN','/img/competition.png',NULL,1,'2018-02-24 10:38:31','2018-02-24 10:46:02'),(82,'AIT Grand Prix 2018','2018-02-21','2018-02-21','Ιρλανδία','Athlone','/img/competition.png',NULL,1,'2018-02-24 10:40:54','2018-02-24 10:46:02'),(83,'N/A','2016-02-26','2016-02-26','Ηνωμένες Πολιτείες Αμερικής','ΗΠΑ','/img/competition.png',NULL,1,'2018-02-25 10:01:03','2018-02-25 10:07:03'),(84,'N/A','2014-01-18','2014-01-18','Ηνωμένες Πολιτείες Αμερικής','ΗΠΑ','/img/competition.png',NULL,1,'2018-02-25 10:03:29','2018-02-25 10:07:03'),(85,'NCAA Division I Indoor Track & Field Championship','2015-03-13','2015-03-14','Ηνωμένες Πολιτείες Αμερικής','Fayetteville, AR','/img/competition.png',NULL,1,'2018-02-25 10:17:26','2018-02-25 14:02:27'),(86,'SEC Championships','2015-05-14','2015-05-16','Ηνωμένες Πολιτείες Αμερικής','Mississippi State, MS','/img/competition.png',NULL,1,'2018-02-25 14:02:53','2018-02-25 14:06:01'),(87,'N/A','2015-05-28','2015-05-28','Ηνωμένες Πολιτείες Αμερικής','ΗΠΑ','/img/competition.png',NULL,1,'2018-02-25 14:21:44','2018-02-25 15:02:06'),(88,'N/A','2015-04-17','2015-04-17','Ηνωμένες Πολιτείες Αμερικής','ΗΠΑ','/img/competition.png',NULL,1,'2018-02-25 14:40:13','2018-02-25 15:02:06'),(89,'Georgia vs. Missouri','2011-04-23','2011-04-23','Ηνωμένες Πολιτείες Αμερικής','Athens, GA','/img/competition.png',NULL,1,'2018-02-25 14:52:05','2018-02-25 15:02:06'),(90,'Mid-American Indoor Track & Field Championships','2018-02-23','2018-02-24','Ηνωμένες Πολιτείες Αμερικής','Bowling Green, OH','/img/competition.png',NULL,1,'2018-02-25 14:59:48','2018-02-25 15:02:06'),(91,'SEC Indoor Track & Field Championships','2011-02-25','2011-02-27','Ηνωμένες Πολιτείες Αμερικής','Fayetteville, AR','/img/competition.png',NULL,1,'2018-02-25 15:07:43','2018-02-25 15:10:59'),(92,'2013 Mark Colligan Memorial','2013-02-09','2013-02-09','Ηνωμένες Πολιτείες Αμερικής','Lincoln, NE','/img/competition.png',NULL,1,'2018-02-25 15:14:47','2018-02-25 15:19:30'),(93,'Vanderbilt Commodore Invite','2017-01-13','2017-01-14','Ηνωμένες Πολιτείες Αμερικής','Nashville, TN','/img/competition.png',NULL,1,'2018-02-25 15:17:57','2018-02-25 15:19:30'),(94,'Florida Relays','2015-04-02','2015-04-04','Ηνωμένες Πολιτείες Αμερικής','Gainesville, FL','/img/competition.png',NULL,1,'2018-02-25 20:55:58','2018-02-25 21:05:21'),(95,'SEC Indoor Championships','2018-02-24','2018-02-25','Ηνωμένες Πολιτείες Αμερικής','College Station, TX','/img/competition.png',NULL,1,'2018-02-26 10:18:37','2018-02-26 10:20:15'),(96,'Istanbul Indoor Cup','2018-02-18','2018-02-18','Τουρκία','Κωνσταντινούπολη','/img/competition.png',NULL,1,'2018-02-26 13:12:00','2018-02-26 13:13:07'),(97,'N/A','1972-06-28','1972-06-28','Ελλάδα','Νέο Φάληρο','/img/competition.png',NULL,1,'2018-02-27 09:26:27','2018-02-27 09:32:21'),(98,'Ολυμπιακοί Αγώνες - Μόναχο 1972','1972-09-02','1972-09-02','Γερμανία','Μόναχο','/storage/pictures/competitions/6hB6WgL9quTCq2CSvKqtGQ7hqCAVA7yOnjzKxTPJ.png',NULL,1,'2018-02-27 09:31:09','2018-02-27 09:32:21'),(99,'Διασωματειακοί Αγώνες «Τα Διαγόρεια»','1982-03-25','1982-03-25','Κύπρος','Λευκωσία','/img/competition.png',NULL,1,'2018-02-27 11:08:24','2018-02-27 11:16:41'),(100,'38α Βενιζέλεια 1986','1986-05-24','1986-05-24','Ελλάδα','Χανιά','/storage/pictures/competitions/wdPOkZI38mHb6MRnnHjepTBACMot5TshwGajlaMU.png',NULL,1,'2018-02-27 11:15:24','2018-02-27 11:16:41'),(101,'N/A','2004-04-14','2004-04-14','Κύπρος','Λάρνακα','/img/competition.png',NULL,1,'2018-02-27 18:59:06','2018-02-27 19:10:12'),(102,'66th Cork City Sports','2017-07-18','2017-07-18','Ιρλανδία','Κορκ','/img/competition.png',NULL,1,'2018-02-28 10:41:00','2018-02-28 10:46:11'),(103,'Μεσογειακοί Αγώνες - Μπάρι 1997','1997-06-15','1997-06-19','Ιταλία','Μπάρι','/storage/pictures/competitions/rGfL8ySLDKckLCkQ0CpktNUOMUtDmgIaoUfW7tW2.png','Stadio San Nicola',1,'2018-02-28 11:21:12','2018-03-01 12:39:03'),(104,'Ευρωπαϊκό Πρωτάθλημα Κάτω των 23 - Ντέμπρετσεν 2007','2007-07-12','2007-07-15','Ουγγαρία','Ντέμπρετσεν','/img/competition.png',NULL,1,'2018-03-01 12:37:40','2018-03-01 12:39:03'),(105,'Βαλκανικό Πρωτάθλημα Εφήβων/Νεανίδων 2017','2017-07-01','2017-07-02','Ρουμανία','Πιτέστι','/img/competition.png',NULL,1,'2018-03-01 13:01:38','2018-03-01 13:09:56'),(106,'Παγκύπριο Εαρινό Πρωτάθλημα τα 56Α Μάτσεια','2017-05-20','2017-05-21','Κύπρος','Λευκωσία','/img/competition.png','Στάδιο ΓΣΠ',1,'2018-03-01 15:21:10','2018-03-01 16:57:47'),(107,'Παγκύπριο Πρωτάθλημα Ανδρών/Γυναικών 2017','2017-06-17','2017-06-18','Κύπρος','Λεμεσός','/storage/pictures/competitions/sqCSko7Y5IQahCxMRDiScN48Eq2tpqhTP2GHwruf.png','Τσίριο Στάδιο',1,'2018-03-01 15:31:11','2018-03-01 16:57:47'),(108,'Παγκύπριοι Αγώνες 25ης Μαρτίου','2017-03-26','2017-03-26','Κύπρος','Λευκωσία','/img/competition.png','Στάδιο ΓΣΠ',1,'2018-03-01 16:45:55','2018-03-01 16:57:47'),(109,'Παγκύπριο Πρωτάθλημα Ανδρών/Γυναικών 2012','2012-06-09','2012-06-10','Κύπρος','Λεμεσός','/img/competition.png','Τσίριο Στάδιο',1,'2018-03-01 21:51:42','2018-03-01 21:57:17'),(110,'Παγκόσμια Γυμνασιάδα - Ντόχα 2009','2009-12-08','2009-12-12','Κατάρ','Ντόχα','/storage/pictures/competitions/1PO0seZ1b57l21eBVSYbiX5VzUeuu0QDNuOfh1a2.jpeg','Khalifa Stadium',1,'2018-03-02 10:56:39','2018-03-06 12:47:00'),(111,'N/A','2000-08-11','2000-08-12','Ελλάδα','Βόλος','/img/competition.png',NULL,1,'2018-03-02 11:15:04','2018-03-02 11:41:57'),(112,'Παγκόσμιο Πρωτάθλημα - Λονδίνο 2017','2017-08-04','2017-08-13','Αγγλία','Λονδίνο','/img/competition.png','Ολυμπιακό Στάδιο',1,'2018-03-04 10:34:56','2018-03-04 10:52:34'),(113,'N/A','2004-07-04','2004-07-04','Ελλάδα','Ηράκλειο','/img/competition.png',NULL,1,'2018-03-04 10:47:11','2018-03-04 10:52:34'),(114,'N/A','1985-03-25','1985-03-25','Κύπρος','Λεμεσός','/img/competition.png',NULL,1,'2018-03-04 11:06:01','2018-03-04 12:21:25'),(115,'N/A','2012-07-05','2012-07-05','Κύπρος','Λεμεσός','/img/competition.png','Τσίρειο',1,'2018-03-04 11:12:32','2018-03-04 12:21:25'),(116,'N/A','2001-03-25','2001-03-25','Κύπρος','Λεμεσός','/img/competition.png',NULL,1,'2018-03-04 11:34:23','2018-03-04 12:21:25'),(117,'N/A','2014-03-25','2014-03-25','Κύπρος','Λεμεσός','/img/competition.png',NULL,1,'2018-03-04 12:12:10','2018-03-04 12:21:25'),(118,'N/A','2006-05-18','2006-05-18','Ελλάδα','Πάτρα','/img/competition.png',NULL,1,'2018-03-04 12:16:04','2018-03-04 12:21:25'),(119,'N/A','2009-05-17','2009-05-17','Ελλάδα','Τρίπολη','/img/competition.png',NULL,1,'2018-03-04 12:18:55','2018-03-04 12:21:25'),(120,'Ολυμπιακοί Αγώνες Νέων - Νανκίνγκ 2014','2014-08-20','2014-08-28','Κίνα','Νανκίνγκ','/img/competition.png','Ολυμπιακό Κέντρο Νανκίνγκ',1,'2018-03-04 13:38:12','2018-03-04 14:05:28'),(121,'Ευρωπαϊκό Κύπελλο 2005 - Δεύτερη Κατηγορία','2005-06-18','2005-06-19','Τουρκία','Κωνσταντινούπολη','/img/competition.png',NULL,1,'2018-03-04 13:57:36','2018-03-05 13:03:22'),(122,'Παγκόσμια Γυμνασιάδα - Καέν 2002','2002-05-27','2002-06-03','Γαλλία','Καέν','/img/competition.png',NULL,1,'2018-03-04 14:02:17','2018-03-04 14:05:28'),(123,'Ευρωπαϊκό Πρωτάθλημα Ομάδων 2009 - Δεύτερη Κατηγορία','2009-06-20','2009-06-21','Σλοβακία','Μπάνσκα Μπιστρίτσα','/img/competition.png',NULL,1,'2018-03-04 14:25:22','2018-03-04 15:33:42'),(124,'24th Annual Gupton Jeep Tom King Classic','2018-03-03','2018-03-03','Ηνωμένες Πολιτείες Αμερικής','Nashville, TN','/img/competition.png',NULL,1,'2018-03-05 18:03:33','2018-03-05 18:05:36'),(125,'Ευρωπαϊκό Κύπελλο 2008 - Δεύτερη Κατηγορία','2008-06-21','2008-06-22','Σλοβακία','Μπάνσκα Μπίστριτσα','/img/competition.png',NULL,1,'2018-03-06 14:08:25','2018-03-06 14:11:32'),(126,'Χειμερινό Κύπελλο Ρίψεων 2018','2018-03-10','2018-03-11','Πορτογαλία','Λεϊρία','/img/competition.png',NULL,1,'2018-03-06 17:53:50','2018-03-06 17:54:51'),(127,'Πανελλήνιο Πρωτάθλημα Κλειστού Στίβου 1998','1998-02-14','1998-02-15','Ελλάδα','Πειραιάς','/img/competition.png',NULL,1,'2018-03-10 14:13:11','2018-03-11 14:33:44'),(128,'Ημερίδα','2012-06-30','2012-06-30','Κύπρος','Λάρνακα','/img/competition.png','ΓΣΖ',1,'2018-03-10 16:14:20','2018-03-11 08:48:00'),(129,'Ευρωπαϊκό Πρωτάθλημα Ομάδων 2013 - Δεύτερη Κατηγορία','2013-06-22','2013-06-23','Λιθουανία','Κάουνας','/img/competition.png','Στάδιο Ντάριους και Γκιρένας',1,'2018-03-10 16:21:20','2018-03-10 17:11:43'),(130,'Παγκόσμια Πανεπιστημιάδα - Σμύρνη 2005','2005-08-15','2005-08-20','Τουρκία','Σμύρνη','/storage/pictures/competitions/mfDj6nwUpRec2xNZvesxWkdE6vum6h9VlkZY3CXj.png','İzmir Atatürk Stadium',1,'2018-03-10 16:27:47','2018-03-11 08:55:53'),(131,'Ευρωπαϊκό Κύπελλο 1994 - Δεύτερη Κατηγορία','1994-06-11','1994-06-12','Τουρκία','Κωνσταντινούπολη','/img/competition.png',NULL,1,'2018-03-10 16:31:09','2018-03-11 08:59:09'),(132,'Παγκύπριο Πρωτάθλημα Ανδρών/Γυναικών 2010','2010-06-05','2010-06-06','Κύπρος','Λευκωσία','/storage/pictures/competitions/4ZKbt6WFlv5EJPXAS5nba9DBladOskc88bCvKD0I.png',NULL,1,'2018-03-10 16:35:58','2018-03-11 09:04:03'),(133,'N/A','1989-08-05','1989-08-05','Βέλγιο','Βρυξέλλες','/img/competition.png',NULL,1,'2018-03-10 17:04:09','2018-03-10 17:11:43'),(134,'N/A','2006-05-13','2006-05-13','Κύπρος','Πάφος','/img/competition.png',NULL,1,'2018-03-10 17:08:02','2018-03-10 17:11:43'),(135,'Μεσογειακοί Αγώνες - Μερσινία 2013','2013-06-26','2013-06-29','Τουρκία','Μερσινία','/img/competition.png','Αθλητικό Κέντρο Νεβίν Γιανίτ',1,'2018-03-10 17:17:38','2018-03-10 19:40:10'),(136,'Γκραν Πρί - Άργος Ορεστικό 2014','2014-07-09','2014-07-09','Ελλάδα','Άργος Ορεστικό','/img/competition.png',NULL,1,'2018-03-10 17:27:17','2018-03-10 19:39:40'),(137,'N/A','2004-05-22','2004-05-22','Κύπρος','Λεμεσός','/img/competition.png',NULL,1,'2018-03-10 19:14:46','2018-03-10 19:39:40'),(138,'ΑΜΚΕ - Σαν Μαρίνο 2017','2017-05-29','2017-06-03','Σαν Μαρίνο','Σαν Μαρίνο','/img/competition.png','Στάδιο Σαν Μαρίνο',1,'2018-03-10 19:26:35','2018-03-10 19:39:40'),(139,'Παγκύπριο Πρωτάθλημα Εφήβων/Νεανίδων 2015','2015-05-09','2015-05-10','Κύπρος','Λάρνακα','/img/competition.png','ΓΣΖ',1,'2018-03-10 19:31:33','2018-03-10 19:39:40'),(140,'Συνάντηση Kύπρου-Ελλάδας Γυναικών  1980','1980-08-16','1980-08-16','Κύπρος','Λεμεσός','/img/competition.png',NULL,1,'2018-03-10 19:36:44','2018-03-12 09:10:36'),(141,'Παγκύπριο Πρωτάθλημα Συνθέτων 1985','1985-04-18','1985-04-18','Κύπρος','Λευκωσία','/img/competition.png',NULL,0,'2018-03-11 13:16:27','2018-03-11 13:19:59'),(142,'N/A','2008-07-26','2008-07-26','Ελλάδα','Τρίκαλα','/img/competition.png',NULL,0,'2018-03-11 13:25:59','2018-03-11 13:25:59'),(143,'N/A','2007-07-05','2007-07-05','Κύπρος','Λευκωσία','/img/competition.png','ΓΣΠ',0,'2018-03-11 13:31:18','2018-03-11 13:31:18'),(144,'Ευρωπαϊκό Κύπελλο 2007 - Πρώτη Κατηγορία Γκρούπ Β','2007-06-23','2007-06-24','Ιταλία','Μιλάνο','/img/competition.png',NULL,0,'2018-03-11 14:03:54','2018-03-11 14:03:54'),(145,'Παγκόσμια Πανεπιστημιάδα - Νταεγού 2003','2003-08-21','2003-08-31','Νότια Κορέα','Νταεγού','/img/competition.png',NULL,0,'2018-03-11 14:16:24','2018-03-11 14:18:42'),(146,'Ευρωπαϊκό Κύπελλο 1998 - Δεύτερη Κατηγορία','1998-06-06','1998-06-07','Σερβία','Βελιγράδι','/img/competition.png',NULL,1,'2018-03-11 20:36:57','2018-03-11 21:08:03'),(147,'Πανελλήνιο Πρωτάθλημα Ανδρών/Γυναικών 1997','1997-07-18','1997-07-20','Ελλάδα','Αθήνα','/img/competition.png',NULL,1,'2018-03-11 21:07:33','2018-03-11 21:08:03'),(148,'Παγκύπριο Πρωτάθλημα Ανδρών/Γυναικών 2014','2014-06-07','2014-06-08','Κύπρος','Λευκωσία','/storage/pictures/competitions/ZLTyJSZdNYrYsw6BtxWE32DqYVJ5Hg6oj73RzZDe.png',NULL,1,'2018-03-11 21:39:46','2018-03-11 21:54:55'),(149,'N/A','2006-02-11','2006-02-11','Ελλάδα','Αθήνα','/img/competition.png',NULL,1,'2018-03-11 21:48:35','2018-03-11 21:54:55'),(150,'Πανελλήνιο Πρωτάθλημα Κλειστού Στίβου 2006','2006-02-18','2006-02-19','Ελλάδα','Αθήνα','/img/competition.png',NULL,1,'2018-03-11 21:52:02','2018-03-11 21:54:55'),(151,'Πανελλήνιο Πρωτάθλημα Ανδρών/Γυναικών 1978','1978-10-06','1978-10-10','Ελλάδα','Νέο Φάληρο','/img/competition.png',NULL,1,'2018-03-12 10:15:34','2018-03-12 10:44:15'),(152,'Πανελλήνιο Πρωτάθλημα Μαραθωνίου 1982','1982-11-07','1982-11-07','Ελλάδα','Θήβα','/img/competition.png',NULL,1,'2018-03-12 10:21:31','2018-03-12 10:44:15'),(153,'Ημερίδα','2010-07-16','2010-07-16','Κύπρος','Λευκωσία','/img/competition.png','Στάδιο ΓΣΠ',1,'2018-03-12 10:28:31','2018-03-12 10:44:15'),(154,'Ευρωπαϊκό Κύπελλο 1977 - Ελλάδα','1977-07-16','1977-07-17','Ελλάδα','Νέο Φάληρο','/img/competition.png',NULL,1,'2018-03-12 10:38:12','2018-03-12 10:44:15'),(155,'Παγκόσμια Γυμνασιάδα - Θεσσαλονίκη 2006','2006-06-26','2006-07-03','Ελλάδα','Θεσσαλονίκη','/img/competition.png',NULL,1,'2018-03-12 10:56:37','2018-03-12 11:08:12'),(156,'Παγκόσμια Γυμνασιάδα - Ορλεάνη 1976','1976-06-21','1976-06-27','Γαλλία','Ορλεάνη','/img/competition.png',NULL,1,'2018-03-12 11:02:51','2018-03-12 11:08:12'),(157,'Διασωματειακοί Αγώνες «Τα Διαγόρεια»','1989-03-25','1989-03-25','Κύπρος','Λευκωσία','/img/competition.png',NULL,1,'2018-03-12 11:30:36','2018-03-12 11:55:49'),(158,'Παγκύπριο Πρωτάθλημα Παίδων/Κορασίδων 2018','2018-07-19','2018-07-20','Κύπρος','Λάρνακα','/storage/pictures/competitions/zGACj1cFY4XSUALdS5hOyqH68lJjMTiTaIc7tbYF.png','Στάδιο ΓΣΖ',1,'2018-03-12 11:50:04','2018-03-12 11:55:49'),(159,'Παγκύπριο Πρωτάθλημα Παίδων/Κορασίδων 2017','2017-07-07','2017-07-08','Κύπρος','Λεμεσός','/img/competition.png','Τσίριο Στάδιο',1,'2018-03-12 11:51:08','2018-03-12 11:55:49'),(160,'Ημερίδα','2014-12-12','2014-12-12','Κύπρος','Λεμεσός','/img/competition.png',NULL,1,'2018-03-12 18:33:43','2018-03-12 20:18:42'),(161,'Πανελλήνιο πρωτάθλημα 10.000μ Α/Γ και Νέων (Α/Γ) 2017','2017-05-27','2017-05-27','Ελλάδα','Μέγαρα','/img/competition.png',NULL,0,'2018-03-12 19:26:09','2018-03-12 20:53:51'),(162,'Πράσινος Ημιμαραθώνιος - Λευκάδα 2017','2017-04-30','2017-04-30','Ελλάδα','Λευκάδα','/img/competition.png',NULL,0,'2018-03-12 19:31:00','2018-03-12 19:34:26'),(163,'Ημερίδα','1980-06-07','1980-06-07','Ελλάδα','Νέο Φάληρο','/img/competition.png',NULL,1,'2018-03-12 19:35:26','2018-03-12 20:18:42'),(164,'Παγκύπριο Πρωτάθλημα Μαραθωνίου 2011','2011-02-20','2011-02-20','Κύπρος','Λεμεσός','/img/competition.png',NULL,0,'2018-03-12 19:37:58','2018-03-12 19:37:58'),(165,'Ευρωπαϊκό Πρωτάθλημα. Ομάδων 2017 - Δεύτερη Κατηγορία','2017-06-24','2017-06-25','Ισραήλ','Τέλ Αβίβ','/img/competition.png',NULL,0,'2018-03-12 19:48:46','2018-03-12 19:48:46'),(166,'N/A','1995-05-20','1995-05-20','Κύπρος','Λάρνακα','/img/competition.png',NULL,0,'2018-03-12 19:51:23','2018-03-12 19:51:23'),(167,'Ευρωπαϊκό Ολυμπιακό Φεστιβάλ Νέων - Τάμπερε 2009','2009-07-20','2009-07-24','Φινλανδία','Τάμπερε','/img/competition.png','Tampere Stadium',1,'2018-03-12 19:52:20','2018-03-12 20:18:42'),(168,'Παγκύπριο Πρωτάθλημα 2015','2015-06-27','2015-06-28','Κύπρος','Λεμεσός','/img/competition.png','Τσίρειο',0,'2018-03-12 20:08:05','2018-03-12 20:08:05'),(169,'Ευρωπαϊκά Ολυμπιακά Τράιαλς Νέων - Μόσχα 2010','2010-05-21','2010-05-23','Ρωσία','Μόσχα','/img/competition.png',NULL,1,'2018-03-12 20:09:47','2018-03-12 20:18:42'),(170,'Βαλκανικοί Αγώνες Στίβου - Σόφια 1974','1974-08-02','1974-08-04','Βουλγαρία','Σόφια','/img/competition.png',NULL,0,'2018-03-12 20:12:28','2018-03-12 20:12:40'),(171,'N/A','2004-06-06','2004-06-06','Κύπρος','Λάρνακα','/img/competition.png',NULL,0,'2018-03-12 20:16:23','2018-03-12 20:16:23'),(172,'Κοινοπολιτειακοί Αγώνες - Νέο Δελχί 2010','2010-10-04','2010-10-12','Ινδία','Νέο Δελχί','/img/competition.png','Jawaharlal Nehru Stadium',0,'2018-03-12 20:28:39','2018-03-12 20:28:39'),(173,'Ευρωπαϊκό Πρωτάθλημα. Ομάδων 2010 - Τρίτη Κατηγορία','2010-03-19','2010-03-20','Μάλτα','Μάρσα','/img/competition.png',NULL,0,'2018-03-12 20:32:01','2018-03-12 20:32:01'),(174,'Παγκύπριο Πρωτάθλημα Εφήβων/Νεανίδων 2008','2008-05-09','2008-05-11','Κύπρος','Λάρνακα','/img/competition.png','Στάδιο ΓΣΖ',0,'2018-03-12 20:37:05','2018-03-12 20:37:05'),(175,'Βενιζέλια`2012','2012-07-04','2012-07-04','Ελλάδα','Χανιά','/img/competition.png',NULL,0,'2018-03-12 20:39:49','2018-03-12 20:39:49'),(176,'N/A','2008-07-16','2008-07-16','Κύπρος','Λάρνακα','/img/competition.png','ΓΣΖ',0,'2018-03-12 20:45:18','2018-03-12 20:45:18'),(177,'Ημερίδα Α/Γ - Παιανία','2008-02-02','2008-02-02','Ελλάδα','Παιανία','/img/competition.png',NULL,1,'2018-03-13 09:22:51','2018-03-13 11:12:09'),(178,'Ημερίδα Α/Γ - Παιανία','2008-02-26','2008-02-26','Ελλάδα','Παιανία','/img/competition.png',NULL,1,'2018-03-13 09:25:22','2018-03-13 11:12:09'),(179,'Παγκύπριο Πρωτάθλημα Παίδων/Κορασίδων 2007','2007-06-16','2007-06-17','Κύπρος','Λεμεσός','/img/competition.png','Τσίριο Στάδιο',1,'2018-03-13 09:28:40','2018-03-13 11:12:09'),(180,'Παγκύπριο Εαρινό Πρωτάθλημα τα 50Α Μάτσεια','2011-05-14','2011-05-15','Κύπρος','Λευκωσία','/img/competition.png','Στάδιο ΓΣΠ',1,'2018-03-13 09:36:18','2018-03-13 11:12:09'),(181,'Παγκύπριο Πρωτάθλημα Ανδρών/Γυναικών 1992','1992-06-13','1992-06-14','Κύπρος','Λεμεσός','/img/competition.png','Τσίριο Στάδιο',1,'2018-03-13 09:40:16','2018-03-13 11:12:09'),(182,'Παγκύπριο Πρωτάθλημα Εφήβων/Νεανίδων 2011','2011-05-07','2011-05-08','Κύπρος','Λάρνακα','/img/competition.png','Στάδιο ΓΣΖ',1,'2018-03-13 09:49:09','2018-03-13 11:12:09'),(183,'Πανευρωπαϊκό Πρωτάθλημα Εφήβων/Νεανίδων - Ταλίν 2011','2011-07-21','2011-07-24','Φινλανδία','Ταλίν','/storage/pictures/competitions/rTOdjjzEpn4JODlku6BF4fbn8lLUg3xzf9PUPKks.png','Kadrioru Stadium',1,'2018-03-13 09:54:40','2018-03-13 11:12:09'),(184,'Συνάντηση Kύπρου-Ελλάδας Παίδων/Κορασίδων 2017','2017-08-02','2017-08-03','Ελλάδα','Σπάρτη','/img/competition.png',NULL,1,'2018-03-13 10:07:41','2018-03-13 11:12:09'),(185,'Παγκύπριο Πρωτάθλημα Παίδων/Κορασίδων 2015','2015-07-08','2015-07-09','Κύπρος','Λεμεσός','/img/competition.png','Τσίριο Στάδιο',1,'2018-03-13 10:21:12','2018-03-13 11:12:09'),(186,'N/A','1988-04-13','1988-04-14','Κύπρος','Λεμεσός','/img/competition.png',NULL,1,'2018-03-13 10:31:10','2018-03-13 11:12:09'),(187,'Πανελλήνιο Πρωτάθλημα Ανδρών/Γυναικών 2013','2013-07-20','2013-07-21','Ελλάδα','Αθήνα','/img/competition.png','Ολυμπιακό Στάδιο Αθήνας',1,'2018-03-13 10:59:05','2018-03-13 11:12:09'),(188,'N/A','1976-07-01','1976-07-01','Ελλάδα','Νέο Φάληρο','/img/competition.png',NULL,1,'2018-03-13 11:04:17','2018-03-13 11:12:09'),(189,'Παγκύπριο Πρωτάθλημα Ανδρών/Γυναικών 1994','1994-05-27','1994-05-27','Κύπρος','Λευκωσία','/img/competition.png',NULL,1,'2018-03-13 11:07:21','2018-03-13 11:12:09'),(190,'Παγκύπριο Πρωτάθλημα Ανδρών/Γυναικών 1996','1996-06-22','1996-06-22','Κύπρος','Λεμεσός','/img/competition.png',NULL,1,'2018-03-13 11:08:03','2018-03-13 11:12:09'),(191,'Διεθνές Μίτινγκ Χένγκελο','1988-08-14','1988-08-14','Ολλανδία','Χένγκελο','/img/competition.png',NULL,0,'2018-03-13 19:03:39','2018-03-13 19:03:39'),(192,'Παγκύπριο Πρωτάθλημα Εφήβων/Νεανίδων 2017','2017-04-29','2017-04-30','Κύπρος','Λευκωσία','/img/competition.png','ΓΣΠ',0,'2018-03-13 19:16:24','2018-03-13 19:16:24'),(193,'Ευρωπαϊκό Πρωτάθλημα - Άμστερταμ 2016','2016-07-06','2016-07-10','Ολλανδία','Άμστερταμ','/img/competition.png','Ολυμπιακό Στάδιο',0,'2018-03-13 19:23:29','2018-03-13 19:24:37'),(194,'Ευρωπαϊκό Πρωτάθλημα Εφήβων/Νεανίδων - Εσκιλστούνα 2015','2015-07-16','2015-07-19','Σουηδία','Εσκιλστούνα','/img/competition.png','Ekängens Friidrottsarena',0,'2018-03-13 19:40:56','2018-03-13 19:41:18'),(195,'Συνάντηση Ελλάδα-Ισπανία-Βέλγιο','1978-07-15','1978-07-15','Ελλάδα','Νέο Φάληρο','/img/competition.png',NULL,1,'2018-03-14 11:09:03','2018-03-14 18:56:35'),(196,'Europa SC High Jump','2006-02-14','2006-02-14','Σλοβακία','Μπάνσκα Μπίστριτσα','/img/competition.png',NULL,1,'2018-03-14 11:18:12','2018-03-14 18:56:35'),(197,'N/A','1972-08-03','1972-08-03','Τουρκία','Σμύρνη','/img/competition.png',NULL,1,'2018-03-14 11:48:19','2018-03-14 18:56:35'),(198,'N/A','1983-10-01','1983-10-01','Κύπρος','Λευκωσία','/img/competition.png',NULL,1,'2018-03-14 12:04:37','2018-03-14 18:56:35'),(199,'N/A','2000-08-05','2000-08-05','Ελλάδα','Καστοριά','/img/competition.png',NULL,1,'2018-03-14 12:06:46','2018-03-14 18:56:35'),(200,'N/A','2012-05-23','2012-05-23','Ισραήλ','Τελ Αβίβ','/img/competition.png',NULL,1,'2018-03-14 18:26:42','2018-03-14 18:56:35'),(201,'ACC Championships','2016-05-13','2016-05-15','Ηνωμένες Πολιτείες Αμερικής','Tallahassee, FL','/img/competition.png',NULL,1,'2018-03-14 18:33:56','2018-03-14 18:56:35'),(202,'Κοινοπολιτειακοί Αγώνες Νέων - Μπαχάμες 2017','2017-07-18','2017-07-23','Μπαχάμες','Μπαχάμες','/img/competition.png',NULL,0,'2018-03-14 20:07:07','2018-03-14 20:07:07'),(203,'Ευρωπαικό Πρωτάθλημα Εφήβων/Νεανίδων - Ριέτι 2013','2013-07-18','2013-07-21','Ιταλία','Ριέτι','/img/competition.png',NULL,0,'2018-03-14 20:48:24','2018-03-14 20:48:24'),(204,'N/A','1976-02-07','1976-02-07','Ρουμανία','Βουκουρέστι','/img/competition.png',NULL,0,'2018-03-14 21:19:54','2018-03-14 21:19:54'),(205,'Πανελλήνιο Πρωτάθλημα Κλειστού Στίβου 2002','2002-02-16','2002-02-17','Ελλάδα','Πειραιάς','/img/competition.png','Στάδιο Ειρήνης και Φιλίας',0,'2018-03-14 21:26:17','2018-03-14 21:26:17'),(206,'Βαλκανικό & Παγκύπριο Πρωτάθλημα Μαραθωνίου','2018-03-18','2018-03-18','Κύπρος','Λεμεσός','/img/competition.png',NULL,1,'2018-03-15 11:15:19','2018-03-15 11:15:34'),(207,'Παγκύπριο Πρωτάθλημα 10000μ','2018-04-13','2018-04-13','Κύπρος','Παραλήμνη','/storage/pictures/competitions/HliZyDdtVYcCUsmkG7qkBkJUYPvAEQAUKpXctB7N.png',NULL,1,'2018-03-15 11:17:50','2018-03-15 11:23:58'),(208,'Παγκύπριοι Μαθητικοί Αγώνες Λυκείων 2018','2018-03-28','2018-03-28','Κύπρος','Λευκωσία','/img/competition.png','Στάδιο ΓΣΠ',1,'2018-03-15 11:22:29','2018-03-15 11:23:58'),(209,'Παγκύπριοι Μαθητικοί Αγώνες Γυμνασίων','2018-04-19','2018-04-19','Κύπρος','Λεμεσός','/img/competition.png','Τσίριο Στάδιο',1,'2018-03-15 11:22:59','2018-03-15 11:23:58'),(210,'Παγκόσμια Πανεπιστημιάδα - Ρώμη 1975','1975-09-18','1975-09-21','Ιταλία','Ρώμη','/img/competition.png',NULL,1,'2018-03-15 11:30:01','2018-03-15 12:17:08'),(211,'N/A','1991-08-22','1991-08-22','Κύπρος','Λάρνακα','/img/competition.png',NULL,1,'2018-03-15 11:41:58','2018-03-15 12:17:08'),(212,'N/A','1991-05-03','1991-05-04','Κύπρος','Λεμεσός','/img/competition.png',NULL,1,'2018-03-15 11:43:46','2018-03-15 12:17:08'),(213,'N/A','1991-04-28','1991-04-28','Κύπρος','Λευκωσία','/img/competition.png',NULL,1,'2018-03-15 11:44:25','2018-03-15 12:17:08'),(214,'N/A','1991-06-09','1991-06-09','Κύπρος','Λάρνακα','/img/competition.png',NULL,1,'2018-03-15 11:44:59','2018-03-15 12:17:08'),(215,'N/A','1991-08-30','1991-08-30','Κύπρος','Λάρνακα','/img/competition.png',NULL,1,'2018-03-15 11:45:35','2018-03-15 12:17:08'),(216,'N/A','1991-08-26','1991-08-26','Κύπρος','Λάρνακα','/img/competition.png',NULL,1,'2018-03-15 11:46:23','2018-03-15 12:17:08'),(217,'Παγκύπριο Πρωτάθλημα Ανδρών/Γυναικών 1993','1993-05-15','1993-05-15','Κύπρος','Λευκωσία','/img/competition.png',NULL,1,'2018-03-15 12:19:46','2018-03-15 12:51:43'),(218,'Πανελλήνιο Πρωτάθλημα Ανδρών/Γυναικών 1981','1981-06-26','1981-06-28','Ελλάδα','Νέο Φάληρο','/img/competition.png',NULL,1,'2018-03-15 12:24:02','2018-03-15 12:51:43'),(219,'N/A','1991-06-23','1991-06-23','Ελλάδα','Νέο Φάληρο','/img/competition.png',NULL,1,'2018-03-15 12:27:12','2018-03-15 12:51:43'),(220,'Ημερίδα','2012-06-22','2012-06-22','Κύπρος','Λευκωσία','/img/competition.png',NULL,1,'2018-03-15 12:37:55','2018-03-15 12:51:43'),(221,'N/A','1993-08-30','1993-08-30','Γαλλία','Τουρ','/img/competition.png',NULL,1,'2018-03-15 12:47:24','2018-03-15 12:51:43'),(222,'N/A','1993-04-29','1993-04-29','Κύπρος','Λευκωσία','/img/competition.png',NULL,1,'2018-03-15 12:57:42','2018-03-15 13:14:21'),(223,'N/A','1992-08-22','1992-08-22','Ελλάδα','Δράμα','/img/competition.png',NULL,1,'2018-03-15 13:01:05','2018-03-15 13:14:21'),(224,'N/A','1993-07-14','1993-07-14','Κύπρος','Λεμεσός','/img/competition.png',NULL,1,'2018-03-15 13:09:31','2018-03-15 13:14:21'),(225,'N/A','1996-06-01','1996-06-01','Ισραήλ','Τελ Αβίβ','/img/competition.png',NULL,1,'2018-03-15 13:11:33','2018-03-15 13:14:21'),(226,'Παγκόσμιο Πρωτάθλημα Εφήβων/Νεανίδων - Γκροσέτο 2004','2004-07-12','2004-07-18','Ιταλία','Γκροσέτο','/storage/pictures/competitions/uQiLeYY5fK8qa50YdbmXyPOast9Rxj2uQF5Obcdt.png',NULL,1,'2018-03-15 13:24:06','2018-03-15 15:50:21'),(227,'Βαλκανικό Πρωτάθλημα 1980','1980-06-14','1980-06-14','Βουλγαρία','Σόφια','/img/competition.png',NULL,1,'2018-03-15 13:49:37','2018-03-15 15:50:21'),(228,'Βαλκανικό Πρωτάθλημα Εφήβων/Νεανίδων 2014','2014-07-05','2014-07-06','Ελλάδα','Σέρρες','/img/competition.png',NULL,1,'2018-03-15 13:57:01','2018-03-15 15:50:21'),(229,'Συνάντηση Ελλάδα-Ιρλανδία','1977-06-01','1977-06-01','Ιρλανδία','Λίμερικ','/img/competition.png',NULL,1,'2018-03-15 16:40:40','2018-03-15 17:20:30'),(230,'N/A','1990-06-27','1990-06-28','Κύπρος','Λεμεσός','/img/competition.png',NULL,1,'2018-03-15 16:53:13','2018-03-15 17:20:30'),(231,'N/A','1989-04-26','1989-04-26','Κύπρος','Λευκωσία','/img/competition.png',NULL,0,'2018-03-15 17:21:37','2018-03-15 17:21:37'),(232,'Πανευρωπαϊκό Πρωτάθλημα Εφήβων/Νεανίδων - Βαράζντιν 1989','1989-08-24','1989-08-26','Κροατία','Βαράζντιν','/img/competition.png',NULL,0,'2018-03-15 17:29:19','2018-03-15 17:29:19');
/*!40000 ALTER TABLE `competitions` ENABLE KEYS */;
UNLOCK TABLES;

--
-- Table structure for table `events`
--

DROP TABLE IF EXISTS `events`;
/*!40101 SET @saved_cs_client     = @@character_set_client */;
/*!40101 SET character_set_client = utf8 */;
CREATE TABLE `events` (
  `id` int(10) unsigned NOT NULL AUTO_INCREMENT,
  `name` varchar(191) COLLATE utf8mb4_unicode_ci NOT NULL,
  `type` varchar(191) COLLATE utf8mb4_unicode_ci NOT NULL,
  `season` varchar(191) COLLATE utf8mb4_unicode_ci NOT NULL,
  `gender` varchar(191) COLLATE utf8mb4_unicode_ci NOT NULL,
  `order` int(11) DEFAULT NULL,
  `created_at` timestamp NULL DEFAULT NULL,
  `updated_at` timestamp NULL DEFAULT NULL,
  PRIMARY KEY (`id`),
  UNIQUE KEY `events_name_type_season_gender_unique` (`name`,`type`,`season`,`gender`)
) ENGINE=InnoDB AUTO_INCREMENT=125 DEFAULT CHARSET=utf8mb4 COLLATE=utf8mb4_unicode_ci;
/*!40101 SET character_set_client = @saved_cs_client */;

--
-- Dumping data for table `events`
--

LOCK TABLES `events` WRITE;
/*!40000 ALTER TABLE `events` DISABLE KEYS */;
INSERT INTO `events` VALUES (1,'80m','track','outdoor','male',1,'2017-12-26 14:00:48','2018-02-14 13:37:56'),(2,'100m','track','outdoor','male',2,'2017-12-26 14:00:48','2018-02-14 13:37:56'),(3,'150m','track','outdoor','male',3,'2017-12-26 14:00:48','2018-02-14 13:37:56'),(4,'200m','track','outdoor','male',4,'2017-12-26 14:00:48','2018-02-14 13:37:56'),(5,'300m','track','outdoor','male',5,'2017-12-26 14:00:48','2018-02-14 13:37:56'),(6,'400m','track','outdoor','male',6,'2017-12-26 14:00:48','2018-02-14 13:37:56'),(7,'600m','track','outdoor','male',7,'2017-12-26 14:00:48','2018-02-14 13:37:56'),(8,'800m','track','outdoor','male',8,'2017-12-26 14:00:48','2018-02-14 13:37:56'),(9,'1000m','track','outdoor','male',9,'2017-12-26 14:00:48','2018-02-14 13:37:56'),(10,'1 Μίλι','track','outdoor','male',10,'2017-12-26 14:00:48','2018-02-14 13:37:56'),(11,'1500m','track','outdoor','male',11,'2017-12-26 14:00:48','2018-02-14 13:37:56'),(12,'3000m στηπλ','track','outdoor','male',14,'2017-12-26 14:00:48','2018-03-15 11:53:58'),(13,'5000m','track','outdoor','male',15,'2017-12-26 14:00:48','2018-03-15 11:53:58'),(14,'10000m','track','outdoor','male',16,'2017-12-26 14:00:48','2018-03-15 11:53:58'),(15,'Μαραθώνιος','track','outdoor','male',18,'2017-12-26 14:00:48','2018-03-15 11:53:58'),(16,'110m εμπόδια','track','outdoor','male',19,'2017-12-26 14:00:48','2018-03-15 11:53:58'),(17,'110m εμπόδια(91,4cm)','track','outdoor','male',20,'2017-12-26 14:00:48','2018-03-15 11:53:58'),(18,'110m εμπόδια(99cm)','track','outdoor','male',21,'2017-12-26 14:00:48','2018-03-15 11:53:58'),(19,'400m εμπόδια','track','outdoor','male',22,'2017-12-26 14:00:48','2018-03-15 11:53:58'),(20,'4x80m','relay','outdoor','male',23,'2017-12-26 14:00:48','2018-03-15 11:53:58'),(21,'4x100m','relay','outdoor','male',24,'2017-12-26 14:00:48','2018-03-15 11:53:58'),(22,'4x300m','relay','outdoor','male',25,'2017-12-26 14:00:48','2018-03-15 11:53:58'),(23,'4x400m','relay','outdoor','male',26,'2017-12-26 14:00:48','2018-03-15 11:53:58'),(24,'80m','track','outdoor','female',27,'2017-12-26 14:00:48','2018-03-15 11:53:58'),(25,'100m','track','outdoor','female',28,'2017-12-26 14:00:48','2018-03-15 11:53:58'),(26,'200m','track','outdoor','female',29,'2017-12-26 14:00:48','2018-03-15 11:53:58'),(27,'400m','track','outdoor','female',30,'2017-12-26 14:00:48','2018-03-15 11:53:58'),(28,'800m','track','outdoor','female',31,'2017-12-26 14:00:48','2018-03-15 11:53:58'),(29,'1 Μίλι','track','outdoor','female',33,'2017-12-26 14:00:48','2018-03-15 11:53:58'),(30,'1500m','track','outdoor','female',34,'2017-12-26 14:00:48','2018-03-15 11:53:58'),(31,'2000m στήπλ','track','outdoor','female',36,'2017-12-26 14:00:48','2018-03-15 11:53:58'),(32,'3000m στήπλ','track','outdoor','female',37,'2017-12-26 14:00:48','2018-03-15 11:53:58'),(33,'5000m','track','outdoor','female',38,'2017-12-26 14:00:48','2018-03-15 11:53:58'),(34,'10000m','track','outdoor','female',39,'2017-12-26 14:00:48','2018-03-15 11:53:58'),(35,'Μισός Μαραθώνιος','track','outdoor','female',40,'2017-12-26 14:00:48','2018-03-15 11:53:58'),(36,'Μαραθώνιος','track','outdoor','female',41,'2017-12-26 14:00:48','2018-03-15 11:53:58'),(37,'100m εμπόδια','track','outdoor','female',42,'2017-12-26 14:00:48','2018-03-15 11:53:58'),(38,'100m εμπόδια(76cm)','track','outdoor','female',43,'2017-12-26 14:00:48','2018-03-15 11:53:58'),(39,'400m εμπόδια','track','outdoor','female',44,'2017-12-26 14:00:48','2018-03-15 11:53:58'),(40,'4x80m','relay','outdoor','female',45,'2017-12-26 14:00:48','2018-03-15 11:53:58'),(41,'4x100m','relay','outdoor','female',46,'2017-12-26 14:00:48','2018-03-15 11:53:58'),(42,'4x300m','relay','outdoor','female',47,'2017-12-26 14:00:48','2018-03-15 11:53:58'),(43,'4x400m','relay','outdoor','female',48,'2017-12-26 14:00:48','2018-03-15 11:53:58'),(44,'Μήκος','field','outdoor','male',49,'2017-12-26 14:00:48','2018-03-15 11:53:58'),(45,'Ύψος','field','outdoor','male',50,'2017-12-26 14:00:48','2018-03-15 11:53:58'),(46,'Επι κοντώ','field','outdoor','male',51,'2017-12-26 14:00:48','2018-03-15 11:53:58'),(47,'Τριπλούν','field','outdoor','male',52,'2017-12-26 14:00:48','2018-03-15 11:53:58'),(48,'Σφαιροβολία','field','outdoor','male',53,'2017-12-26 14:00:48','2018-03-15 11:53:58'),(49,'Σφαιροβολία(5kg)','field','outdoor','male',54,'2017-12-26 14:00:48','2018-03-15 11:53:58'),(50,'Σφαιροβολία (6kg)','field','outdoor','male',55,'2017-12-26 14:00:48','2018-03-15 11:53:58'),(51,'Σφυροβολία','field','outdoor','male',56,'2017-12-26 14:00:48','2018-03-15 11:53:58'),(52,'Μισός Μαραθώνιος','track','outdoor','male',17,'2017-12-26 14:00:48','2018-03-15 11:53:58'),(53,'Σφυροβολία(6kg)','field','outdoor','male',57,'2017-12-26 14:00:48','2018-03-15 11:53:58'),(54,'Σφυροβολία(5kg)','field','outdoor','male',58,'2017-12-26 14:00:48','2018-03-15 11:53:58'),(55,'Ακοντισμός','field','outdoor','male',59,'2017-12-26 14:00:48','2018-03-15 11:53:58'),(56,'Ακοντισμός(700gr)','field','outdoor','male',60,'2017-12-26 14:00:48','2018-03-15 11:53:58'),(57,'Δισκοβολία','field','outdoor','male',61,'2017-12-26 14:00:48','2018-03-15 11:53:58'),(58,'Δισκοβολία(1.5kg)','field','outdoor','male',62,'2017-12-26 14:00:48','2018-03-15 11:53:58'),(59,'Δισκοβολία(1.75kg)','field','outdoor','male',63,'2017-12-26 14:00:48','2018-03-15 11:53:58'),(60,'Δέκαθλο','field','outdoor','male',64,'2017-12-26 14:00:48','2018-03-15 11:53:58'),(61,'Δέκαθλο Εφήβων','field','outdoor','male',65,'2017-12-26 14:00:48','2018-03-15 11:53:58'),(62,'Μήκος','field','outdoor','female',66,'2017-12-26 14:00:48','2018-03-15 11:53:58'),(63,'Ύψος','field','outdoor','female',67,'2017-12-26 14:00:48','2018-03-15 11:53:58'),(64,'Επι κοντώ','field','outdoor','female',68,'2017-12-26 14:00:48','2018-03-15 11:53:58'),(65,'Τριπλούν','field','outdoor','female',69,'2017-12-26 14:00:48','2018-03-15 11:53:58'),(66,'Σφαιροβολία','field','outdoor','female',70,'2017-12-26 14:00:48','2018-03-15 11:53:58'),(67,'Σφυροβολία','field','outdoor','female',72,'2017-12-26 14:00:48','2018-03-15 11:53:58'),(68,'Σφυροβολία(3kg)','field','outdoor','female',73,'2017-12-26 14:00:48','2018-03-15 11:53:58'),(69,'Ακοντισμός','field','outdoor','female',74,'2017-12-26 14:00:48','2018-03-15 11:53:58'),(70,'Ακοντισμός(500gr)','field','outdoor','female',75,'2017-12-26 14:00:48','2018-03-15 11:53:58'),(71,'Δισκοβολία','field','outdoor','female',76,'2017-12-26 14:00:48','2018-03-15 11:53:58'),(72,'Δισκοβολία(1.5kg)','field','outdoor','female',77,'2017-12-26 14:00:48','2018-03-15 11:53:58'),(73,'Έπταθλο','field','outdoor','female',78,'2017-12-26 14:00:48','2018-03-15 11:53:58'),(74,'60m','track','indoor','male',81,'2017-12-26 14:00:48','2018-03-15 11:53:58'),(75,'100m','track','indoor','male',82,'2017-12-26 14:00:48','2018-03-15 11:53:58'),(76,'200m','track','indoor','male',84,'2017-12-26 14:00:48','2018-03-15 11:53:58'),(77,'400m','track','indoor','male',85,'2017-12-26 14:00:48','2018-03-15 11:53:58'),(78,'800m','track','indoor','male',86,'2017-12-26 14:00:48','2018-03-15 11:53:58'),(79,'1 Μίλι','track','indoor','male',89,'2017-12-26 14:00:48','2018-03-15 11:53:58'),(80,'1500m','track','indoor','male',88,'2017-12-26 14:00:48','2018-03-15 11:53:58'),(81,'3000m','track','indoor','male',90,'2017-12-26 14:00:48','2018-03-15 11:53:58'),(82,'60m εμπόδια','track','indoor','male',91,'2017-12-26 14:00:48','2018-03-15 11:53:58'),(83,'4x400m','track','indoor','male',93,'2017-12-26 14:00:48','2018-03-15 11:53:58'),(84,'60m','track','indoor','female',94,'2017-12-26 14:00:48','2018-03-15 11:53:58'),(85,'100m','track','indoor','female',95,'2017-12-26 14:00:48','2018-03-15 11:53:58'),(86,'200m','track','indoor','female',96,'2017-12-26 14:00:48','2018-03-15 11:53:58'),(87,'400m','track','indoor','female',97,'2017-12-26 14:00:48','2018-03-15 11:53:58'),(88,'800m','track','indoor','female',98,'2017-12-26 14:00:48','2018-03-15 11:53:58'),(89,'1 Μίλι','track','indoor','female',99,'2017-12-26 14:00:48','2018-03-15 11:53:58'),(90,'1500m','track','indoor','female',100,'2017-12-26 14:00:48','2018-03-15 11:53:58'),(91,'3000m','track','indoor','female',101,'2017-12-26 14:00:48','2018-03-15 11:53:58'),(92,'60m εμπόδια','track','indoor','female',102,'2017-12-26 14:00:48','2018-03-15 11:53:58'),(93,'Μήκος','field','indoor','male',103,'2017-12-26 14:00:48','2018-03-15 11:53:58'),(94,'Ύψος','field','indoor','male',104,'2017-12-26 14:00:48','2018-03-15 11:53:58'),(95,'Επι κοντώ','field','indoor','male',105,'2017-12-26 14:00:48','2018-03-15 11:53:58'),(96,'Τριπλούν','field','indoor','male',106,'2017-12-26 14:00:48','2018-03-15 11:53:58'),(97,'Σφαιροβολία','field','indoor','male',107,'2017-12-26 14:00:48','2018-03-15 11:53:58'),(98,'Έπταθλο','field','indoor','male',109,'2017-12-26 14:00:48','2018-03-15 11:53:58'),(99,'Μήκος','field','indoor','female',110,'2017-12-26 14:00:48','2018-03-15 11:53:58'),(100,'Ύψος','field','indoor','female',111,'2017-12-26 14:00:48','2018-03-15 11:53:58'),(101,'Επι κοντώ','field','indoor','female',112,'2017-12-26 14:00:48','2018-03-15 11:53:58'),(102,'Τριπλούν','field','indoor','female',113,'2017-12-26 14:00:48','2018-03-15 11:53:58'),(103,'Σφαιροβολία','field','indoor','female',114,'2017-12-26 14:00:48','2018-03-15 11:53:58'),(104,'Πένταθλο','field','indoor','female',115,'2017-12-26 14:00:48','2018-03-15 11:53:58'),(105,'6000m','track','cross country','male',116,'2017-12-26 14:00:48','2018-03-15 11:53:58'),(106,'10000m','track','cross country','male',117,'2017-12-26 14:00:48','2018-03-15 11:53:58'),(107,'3000m','track','cross country','female',118,'2017-12-26 14:00:48','2018-03-15 11:53:58'),(108,'4000m','track','cross country','female',119,'2017-12-26 14:00:48','2018-03-15 11:53:58'),(109,'3000m','track','cross country','male',120,'2018-01-04 20:11:00','2018-03-15 11:53:58'),(110,'2000m','track','cross country','female',121,'2018-01-04 20:11:38','2018-03-15 11:53:58'),(111,'1500m','track','cross country','male',122,'2018-01-04 20:12:01','2018-03-15 11:53:58'),(113,'1500m','track','cross country','female',124,'2018-01-04 20:12:29','2018-03-15 11:53:58'),(114,'3000m','track','outdoor','female',35,'2018-01-11 12:44:17','2018-03-15 11:53:58'),(115,'150m','track','indoor','male',83,'2018-01-18 11:45:33','2018-03-15 11:53:58'),(116,'60m εμπόδια (0.99cm)','track','indoor','male',92,'2018-01-21 17:19:14','2018-03-15 11:53:58'),(117,'Σφαιροβολία (6kg)','field','indoor','male',108,'2018-02-06 09:30:53','2018-03-15 11:53:58'),(118,'1000m','track','indoor','male',87,'2018-02-14 13:37:41','2018-03-15 11:53:58'),(119,'50m','track','indoor','male',80,'2018-02-17 11:17:27','2018-03-15 11:53:58'),(120,'20000m Βάδην','track','outdoor','male',79,'2018-02-28 11:02:47','2018-03-15 11:53:58'),(121,'Σφαιροβολία(3kg)','field','outdoor','female',71,'2018-03-01 16:51:41','2018-03-15 11:53:58'),(122,'1000m','track','outdoor','female',32,'2018-03-02 11:02:26','2018-03-15 11:53:58'),(123,'3000m','track','outdoor','male',12,'2018-03-15 11:49:39','2018-03-15 11:49:39'),(124,'2000m στηπλ','track','outdoor','male',13,'2018-03-15 11:53:58','2018-03-15 11:53:58');
/*!40000 ALTER TABLE `events` ENABLE KEYS */;
UNLOCK TABLES;

--
-- Table structure for table `imageables`
--

DROP TABLE IF EXISTS `imageables`;
/*!40101 SET @saved_cs_client     = @@character_set_client */;
/*!40101 SET character_set_client = utf8 */;
CREATE TABLE `imageables` (
  `id` int(10) unsigned NOT NULL AUTO_INCREMENT,
  `imageable_id` int(10) unsigned NOT NULL,
  `imageable_type` varchar(191) COLLATE utf8mb4_unicode_ci NOT NULL,
  `image_id` int(10) unsigned NOT NULL,
  `created_at` timestamp NULL DEFAULT NULL,
  `updated_at` timestamp NULL DEFAULT NULL,
  PRIMARY KEY (`id`)
) ENGINE=InnoDB DEFAULT CHARSET=utf8mb4 COLLATE=utf8mb4_unicode_ci;
/*!40101 SET character_set_client = @saved_cs_client */;

--
-- Dumping data for table `imageables`
--

LOCK TABLES `imageables` WRITE;
/*!40000 ALTER TABLE `imageables` DISABLE KEYS */;
/*!40000 ALTER TABLE `imageables` ENABLE KEYS */;
UNLOCK TABLES;

--
-- Table structure for table `images`
--

DROP TABLE IF EXISTS `images`;
/*!40101 SET @saved_cs_client     = @@character_set_client */;
/*!40101 SET character_set_client = utf8 */;
CREATE TABLE `images` (
  `id` int(10) unsigned NOT NULL AUTO_INCREMENT,
  `name` varchar(191) COLLATE utf8mb4_unicode_ci NOT NULL,
  `path` varchar(191) COLLATE utf8mb4_unicode_ci NOT NULL,
  `created_at` timestamp NULL DEFAULT NULL,
  `updated_at` timestamp NULL DEFAULT NULL,
  PRIMARY KEY (`id`)
) ENGINE=InnoDB DEFAULT CHARSET=utf8mb4 COLLATE=utf8mb4_unicode_ci;
/*!40101 SET character_set_client = @saved_cs_client */;

--
-- Dumping data for table `images`
--

LOCK TABLES `images` WRITE;
/*!40000 ALTER TABLE `images` DISABLE KEYS */;
/*!40000 ALTER TABLE `images` ENABLE KEYS */;
UNLOCK TABLES;

--
-- Table structure for table `links`
--

DROP TABLE IF EXISTS `links`;
/*!40101 SET @saved_cs_client     = @@character_set_client */;
/*!40101 SET character_set_client = utf8 */;
CREATE TABLE `links` (
  `id` int(10) unsigned NOT NULL AUTO_INCREMENT,
  `name` varchar(191) COLLATE utf8mb4_unicode_ci NOT NULL,
  `path` varchar(191) COLLATE utf8mb4_unicode_ci NOT NULL,
  `linkable_id` int(10) unsigned NOT NULL,
  `linkable_type` varchar(50) COLLATE utf8mb4_unicode_ci NOT NULL,
  `created_at` timestamp NULL DEFAULT NULL,
  `updated_at` timestamp NULL DEFAULT NULL,
  PRIMARY KEY (`id`)
) ENGINE=InnoDB AUTO_INCREMENT=34 DEFAULT CHARSET=utf8mb4 COLLATE=utf8mb4_unicode_ci;
/*!40101 SET character_set_client = @saved_cs_client */;

--
-- Dumping data for table `links`
--

LOCK TABLES `links` WRITE;
/*!40000 ALTER TABLE `links` DISABLE KEYS */;
INSERT INTO `links` VALUES (7,'Αποτελέσματα','http://www.toastit-live.be/results/2016/jul/za30/schedule.html',31,'App\\Competition','2018-01-09 19:18:19','2018-01-09 19:18:19'),(8,'Αποτελέσματα','http://www.eap-circuit.org/IMG/pdf/Rez_Katri_nas_kauss_2018_Complete_results.pdf',52,'App\\Competition','2018-01-21 10:06:27','2018-01-21 10:06:27'),(9,'Επίσημη Ιστοσελίδα','http://wicbirmingham2018.com/',3,'App\\Competition','2018-01-26 22:08:27','2018-01-26 22:08:27'),(10,'Επίσημη Ιστοσελίδα','https://www.gc2018.com/',9,'App\\Competition','2018-01-26 22:11:23','2018-01-26 22:11:23'),(11,'Επίσημη Ιστοσελίδα','http://www.tarragona2018.cat/',10,'App\\Competition','2018-01-26 22:11:57','2018-01-26 22:11:57'),(13,'Επίσημη Ιστοσελίδα','http://www.trackandfieldvienna.com/',60,'App\\Competition','2018-01-30 12:39:50','2018-01-30 12:39:50'),(14,'TFRRS','https://www.tfrrs.org/athletes/4054467.html',27,'App\\Athlete','2018-02-25 14:45:05','2018-02-25 14:45:05'),(15,'TFRRS','https://www.tfrrs.org/athletes/6470661/Houston_Baptist/Christos_Zachariou.html',104,'App\\Athlete','2018-02-25 14:45:27','2018-02-25 14:45:27'),(16,'TFRRS','https://www.tfrrs.org/athletes/5112888/Alabama/Filippa_Fotopoulou_.html',50,'App\\Athlete','2018-02-25 14:45:51','2018-02-25 14:45:51'),(17,'TFRRS','https://www.tfrrs.org/athletes/5589897/Miami_OH/Kalliopi_Kountouri.html',78,'App\\Athlete','2018-02-25 14:46:08','2018-02-25 14:46:08'),(18,'TFRRS - Georgia','https://www.tfrrs.org/athletes/3150476.html',26,'App\\Athlete','2018-02-25 14:51:07','2018-02-25 14:51:07'),(19,'TFRRS - Georgia State','https://www.tfrrs.org/athletes/4980650.html',26,'App\\Athlete','2018-02-25 14:51:07','2018-02-25 14:51:07'),(20,'TFRRS','https://www.tfrrs.org/athletes/4046496/Alabama/Meropi_Panagiotou.html',47,'App\\Athlete','2018-02-25 15:13:50','2018-02-25 15:13:50'),(21,'TFRRS','https://www.tfrrs.org/athletes/5112889.html',79,'App\\Athlete','2018-02-25 20:42:35','2018-02-25 20:42:35'),(22,'TFRRS','https://www.tfrrs.org/athletes/4660178.html',86,'App\\Athlete','2018-02-25 20:54:43','2018-02-25 20:54:43'),(23,'Αποτελέσματα','http://venizeliahitory.blogspot.com.cy/2016/01/1986.html',100,'App\\Competition','2018-02-27 11:15:24','2018-02-27 11:15:24'),(25,'Αποτελέσματα','http://report.nat.gov.tw/ReportFront/report_download.jspx?sysId=C09900220&fileNo=004',110,'App\\Competition','2018-03-06 12:47:00','2018-03-06 12:47:00'),(26,'Επίσημη Ιστοσελίδα','https://www.leiria2018.com',126,'App\\Competition','2018-03-11 14:20:38','2018-03-11 14:20:38'),(28,'Αποτελέσματα','https://web.archive.org/web/20130831123752/http://www.wjah.co.uk/wojc/EUYG/EUYG2009.html#30047',167,'App\\Competition','2018-03-12 20:06:34','2018-03-12 20:06:34'),(29,'Αποτελέσματα','http://www.rfea.es/competi/result2010/airelibre/al_eyof.pdf',169,'App\\Competition','2018-03-12 20:12:08','2018-03-12 20:12:08'),(31,'Αποτελέσματα','https://web.archive.org/web/20140302233313/http://www.wjah.co.uk/wojc/WJC/WJC2004.html',226,'App\\Competition','2018-03-15 13:34:06','2018-03-15 13:34:06'),(32,'Αποτελέσματα Ανδρών','http://www.balkan-athletics.eu/results/Balkan%20U20%20(Junior)%20Championships/44th%20Balkan%20Junior%20Championships%20%202014%20Serres,%20GRE/Results%20Junior%20Men%20BJCH%202014.pdf',228,'App\\Competition','2018-03-15 13:57:01','2018-03-15 13:57:01'),(33,'Αποτελέσματα Γυναικών','http://www.balkan-athletics.eu/results/Balkan%20U20%20(Junior)%20Championships/44th%20Balkan%20Junior%20Championships%20%202014%20Serres,%20GRE/Results%20Junior%20women%20BJCH%202014.pdf',228,'App\\Competition','2018-03-15 13:57:01','2018-03-15 13:57:01');
/*!40000 ALTER TABLE `links` ENABLE KEYS */;
UNLOCK TABLES;

--
-- Table structure for table `migrations`
--

DROP TABLE IF EXISTS `migrations`;
/*!40101 SET @saved_cs_client     = @@character_set_client */;
/*!40101 SET character_set_client = utf8 */;
CREATE TABLE `migrations` (
  `id` int(10) unsigned NOT NULL AUTO_INCREMENT,
  `migration` varchar(191) COLLATE utf8mb4_unicode_ci NOT NULL,
  `batch` int(11) NOT NULL,
  PRIMARY KEY (`id`)
) ENGINE=InnoDB AUTO_INCREMENT=28 DEFAULT CHARSET=utf8mb4 COLLATE=utf8mb4_unicode_ci;
/*!40101 SET character_set_client = @saved_cs_client */;

--
-- Dumping data for table `migrations`
--

LOCK TABLES `migrations` WRITE;
/*!40000 ALTER TABLE `migrations` DISABLE KEYS */;
INSERT INTO `migrations` VALUES (1,'2014_10_12_000000_create_users_table',1),(2,'2014_10_12_100000_create_password_resets_table',1),(3,'2017_09_27_165119_create_competition_series_table',1),(4,'2017_09_27_165410_create_clubs_table',1),(5,'2017_09_27_173905_create_athletes_table',1),(6,'2017_09_27_173906_create_competitions_table',1),(7,'2017_09_27_174625_create_events_table',1),(8,'2017_09_27_175007_create_records_table',1),(9,'2017_09_27_175248_create_results_table',1),(10,'2017_09_27_175749_create_images_table',1),(11,'2017_09_27_180009_create_videos_table',1),(12,'2017_09_27_180122_create_links_table',1),(13,'2017_09_27_201551_create_result_record_table',1),(14,'2017_09_28_113914_create_videables_table',1),(15,'2017_09_28_114538_create_imageables_table',1),(16,'2017_10_05_124252_create_ages_table',1),(17,'2017_11_16_184214_create_relay_athletes_table',1),(18,'2017_12_13_180300_create_roles_table',1),(19,'2017_12_13_180403_create_role_user_table',1),(21,'2018_01_20_121144_add_order_to_events',2),(22,'2018_01_20_170314_create_competition_competition_series_table',3),(23,'2018_01_22_110928_add_overall_to_results',4),(24,'2018_01_31_103949_drop_series_to_competition',5),(25,'2018_02_01_145020_add_year_to_athlete',6),(26,'2018_03_03_135330_change_club_to_nullable_in_athlete',7),(27,'2018_03_05_204326_change_year_to_string_in_athlete',7);
/*!40000 ALTER TABLE `migrations` ENABLE KEYS */;
UNLOCK TABLES;

--
-- Table structure for table `password_resets`
--

DROP TABLE IF EXISTS `password_resets`;
/*!40101 SET @saved_cs_client     = @@character_set_client */;
/*!40101 SET character_set_client = utf8 */;
CREATE TABLE `password_resets` (
  `email` varchar(191) COLLATE utf8mb4_unicode_ci NOT NULL,
  `token` varchar(191) COLLATE utf8mb4_unicode_ci NOT NULL,
  `created_at` timestamp NULL DEFAULT NULL,
  KEY `password_resets_email_index` (`email`)
) ENGINE=InnoDB DEFAULT CHARSET=utf8mb4 COLLATE=utf8mb4_unicode_ci;
/*!40101 SET character_set_client = @saved_cs_client */;

--
-- Dumping data for table `password_resets`
--

LOCK TABLES `password_resets` WRITE;
/*!40000 ALTER TABLE `password_resets` DISABLE KEYS */;
/*!40000 ALTER TABLE `password_resets` ENABLE KEYS */;
UNLOCK TABLES;

--
-- Table structure for table `records`
--

DROP TABLE IF EXISTS `records`;
/*!40101 SET @saved_cs_client     = @@character_set_client */;
/*!40101 SET character_set_client = utf8 */;
CREATE TABLE `records` (
  `id` int(10) unsigned NOT NULL AUTO_INCREMENT,
  `name` varchar(191) COLLATE utf8mb4_unicode_ci NOT NULL,
  `acronym` varchar(191) COLLATE utf8mb4_unicode_ci NOT NULL,
  `created_at` timestamp NULL DEFAULT NULL,
  `updated_at` timestamp NULL DEFAULT NULL,
  PRIMARY KEY (`id`)
) ENGINE=InnoDB AUTO_INCREMENT=10 DEFAULT CHARSET=utf8mb4 COLLATE=utf8mb4_unicode_ci;
/*!40101 SET character_set_client = @saved_cs_client */;

--
-- Dumping data for table `records`
--

LOCK TABLES `records` WRITE;
/*!40000 ALTER TABLE `records` DISABLE KEYS */;
INSERT INTO `records` VALUES (1,'National Record','NR','2017-12-26 14:00:48','2017-12-26 14:00:48'),(2,'National U23 Record','NUR','2017-12-26 14:00:48','2017-12-26 14:00:48'),(3,'National U20 Record','NJR','2017-12-26 14:00:48','2017-12-26 14:00:48'),(4,'National U18 Record','NYR','2017-12-26 14:00:48','2017-12-26 14:00:48'),(5,'Competition Record','CR','2017-12-26 14:00:48','2017-12-26 14:00:48'),(6,'Area Record','AR','2017-12-26 14:00:48','2017-12-26 14:00:48'),(7,'Personal Best','PB','2017-12-26 14:00:48','2017-12-26 14:00:48'),(8,'Season Best','SB','2017-12-26 14:00:48','2017-12-26 14:00:48'),(9,'National U16 Record','NU16R',NULL,NULL);
/*!40000 ALTER TABLE `records` ENABLE KEYS */;
UNLOCK TABLES;

--
-- Table structure for table `relay_athletes`
--

DROP TABLE IF EXISTS `relay_athletes`;
/*!40101 SET @saved_cs_client     = @@character_set_client */;
/*!40101 SET character_set_client = utf8 */;
CREATE TABLE `relay_athletes` (
  `id` int(10) unsigned NOT NULL AUTO_INCREMENT,
  `athlete_id` int(10) unsigned NOT NULL,
  `result_id` int(10) unsigned NOT NULL,
  `created_at` timestamp NULL DEFAULT NULL,
  `updated_at` timestamp NULL DEFAULT NULL,
  PRIMARY KEY (`id`),
  KEY `relay_athletes_athlete_id_foreign` (`athlete_id`),
  KEY `relay_athletes_result_id_foreign` (`result_id`),
  CONSTRAINT `relay_athletes_athlete_id_foreign` FOREIGN KEY (`athlete_id`) REFERENCES `athletes` (`id`),
  CONSTRAINT `relay_athletes_result_id_foreign` FOREIGN KEY (`result_id`) REFERENCES `results` (`id`)
) ENGINE=InnoDB AUTO_INCREMENT=50 DEFAULT CHARSET=utf8mb4 COLLATE=utf8mb4_unicode_ci;
/*!40101 SET character_set_client = @saved_cs_client */;

--
-- Dumping data for table `relay_athletes`
--

LOCK TABLES `relay_athletes` WRITE;
/*!40000 ALTER TABLE `relay_athletes` DISABLE KEYS */;
INSERT INTO `relay_athletes` VALUES (1,1,270,NULL,NULL),(2,2,270,NULL,NULL),(3,36,270,NULL,NULL),(4,37,270,NULL,NULL),(6,9,293,NULL,NULL),(7,177,293,NULL,NULL),(8,178,293,NULL,NULL),(9,179,293,NULL,NULL),(14,3,351,NULL,NULL),(15,4,351,NULL,NULL),(16,50,351,NULL,NULL),(17,79,351,NULL,NULL),(22,45,354,NULL,NULL),(23,77,354,NULL,NULL),(24,79,354,NULL,NULL),(25,198,354,NULL,NULL),(26,45,353,NULL,NULL),(27,77,353,NULL,NULL),(28,79,353,NULL,NULL),(29,198,353,NULL,NULL),(30,89,360,NULL,NULL),(31,99,360,NULL,NULL),(32,182,360,NULL,NULL),(33,197,360,NULL,NULL),(38,50,374,NULL,NULL),(39,56,374,NULL,NULL),(40,77,374,NULL,NULL),(41,79,374,NULL,NULL),(42,208,396,NULL,NULL),(43,209,396,NULL,NULL),(44,210,396,NULL,NULL),(45,211,396,NULL,NULL),(46,208,397,NULL,NULL),(47,209,397,NULL,NULL),(48,210,397,NULL,NULL),(49,211,397,NULL,NULL);
/*!40000 ALTER TABLE `relay_athletes` ENABLE KEYS */;
UNLOCK TABLES;

--
-- Table structure for table `result_record`
--

DROP TABLE IF EXISTS `result_record`;
/*!40101 SET @saved_cs_client     = @@character_set_client */;
/*!40101 SET character_set_client = utf8 */;
CREATE TABLE `result_record` (
  `id` int(10) unsigned NOT NULL AUTO_INCREMENT,
  `record_id` int(10) unsigned NOT NULL,
  `result_id` int(10) unsigned NOT NULL,
  `event_id` int(10) unsigned NOT NULL,
  `created_at` timestamp NULL DEFAULT NULL,
  `updated_at` timestamp NULL DEFAULT NULL,
  PRIMARY KEY (`id`),
  KEY `result_record_record_id_foreign` (`record_id`),
  KEY `result_record_result_id_foreign` (`result_id`),
  KEY `result_record_event_id_foreign` (`event_id`),
  CONSTRAINT `result_record_event_id_foreign` FOREIGN KEY (`event_id`) REFERENCES `events` (`id`),
  CONSTRAINT `result_record_record_id_foreign` FOREIGN KEY (`record_id`) REFERENCES `records` (`id`),
  CONSTRAINT `result_record_result_id_foreign` FOREIGN KEY (`result_id`) REFERENCES `results` (`id`)
) ENGINE=InnoDB AUTO_INCREMENT=9480 DEFAULT CHARSET=utf8mb4 COLLATE=utf8mb4_unicode_ci;
/*!40101 SET character_set_client = @saved_cs_client */;

--
-- Dumping data for table `result_record`
--

LOCK TABLES `result_record` WRITE;
/*!40000 ALTER TABLE `result_record` DISABLE KEYS */;
INSERT INTO `result_record` VALUES (7512,7,305,4,'2018-03-15 16:08:40','2018-03-15 16:08:40'),(7513,8,305,4,'2018-03-15 16:08:40','2018-03-15 16:08:40'),(7514,4,305,4,'2018-03-15 16:08:40','2018-03-15 16:08:40'),(7515,3,305,4,'2018-03-15 16:08:40','2018-03-15 16:08:40'),(7516,1,305,4,'2018-03-15 16:08:40','2018-03-15 16:08:40'),(7517,9,305,4,'2018-03-15 16:08:40','2018-03-15 16:08:40'),(7518,7,302,4,'2018-03-15 16:08:40','2018-03-15 16:08:40'),(7519,8,302,4,'2018-03-15 16:08:40','2018-03-15 16:08:40'),(7520,3,302,4,'2018-03-15 16:08:40','2018-03-15 16:08:40'),(7521,1,302,4,'2018-03-15 16:08:40','2018-03-15 16:08:40'),(7522,9,302,4,'2018-03-15 16:08:40','2018-03-15 16:08:40'),(7523,7,222,4,'2018-03-15 16:08:40','2018-03-15 16:08:40'),(7524,8,222,4,'2018-03-15 16:08:40','2018-03-15 16:08:40'),(7525,2,222,4,'2018-03-15 16:08:40','2018-03-15 16:08:40'),(7526,1,222,4,'2018-03-15 16:08:40','2018-03-15 16:08:40'),(7532,7,16,4,'2018-03-15 16:08:40','2018-03-15 16:08:40'),(7533,8,16,4,'2018-03-15 16:08:40','2018-03-15 16:08:40'),(7534,1,16,4,'2018-03-15 16:08:40','2018-03-15 16:08:40'),(7551,7,357,6,'2018-03-15 16:08:40','2018-03-15 16:08:40'),(7552,8,357,6,'2018-03-15 16:08:41','2018-03-15 16:08:41'),(7553,2,357,6,'2018-03-15 16:08:41','2018-03-15 16:08:41'),(7554,1,357,6,'2018-03-15 16:08:41','2018-03-15 16:08:41'),(7555,7,378,6,'2018-03-15 16:08:41','2018-03-15 16:08:41'),(7556,8,378,6,'2018-03-15 16:08:41','2018-03-15 16:08:41'),(7557,3,378,6,'2018-03-15 16:08:41','2018-03-15 16:08:41'),(7558,1,378,6,'2018-03-15 16:08:41','2018-03-15 16:08:41'),(7564,7,15,6,'2018-03-15 16:08:41','2018-03-15 16:08:41'),(7565,8,15,6,'2018-03-15 16:08:41','2018-03-15 16:08:41'),(7566,1,15,6,'2018-03-15 16:08:41','2018-03-15 16:08:41'),(7567,7,244,6,'2018-03-15 16:08:41','2018-03-15 16:08:41'),(7568,8,244,6,'2018-03-15 16:08:41','2018-03-15 16:08:41'),(7569,7,303,6,'2018-03-15 16:08:41','2018-03-15 16:08:41'),(7570,8,303,6,'2018-03-15 16:08:41','2018-03-15 16:08:41'),(7571,9,303,6,'2018-03-15 16:08:41','2018-03-15 16:08:41'),(7572,7,346,6,'2018-03-15 16:08:41','2018-03-15 16:08:41'),(7573,8,346,6,'2018-03-15 16:08:41','2018-03-15 16:08:41'),(7574,2,346,6,'2018-03-15 16:08:41','2018-03-15 16:08:41'),(7575,7,403,6,'2018-03-15 16:08:41','2018-03-15 16:08:41'),(7576,8,403,6,'2018-03-15 16:08:41','2018-03-15 16:08:41'),(7577,7,365,6,'2018-03-15 16:08:41','2018-03-15 16:08:41'),(7578,8,365,6,'2018-03-15 16:08:41','2018-03-15 16:08:41'),(7603,7,229,7,'2018-03-15 16:08:41','2018-03-15 16:08:41'),(7604,8,229,7,'2018-03-15 16:08:41','2018-03-15 16:08:41'),(7605,1,229,7,'2018-03-15 16:08:41','2018-03-15 16:08:41'),(7606,7,230,7,'2018-03-15 16:08:41','2018-03-15 16:08:41'),(7607,8,230,7,'2018-03-15 16:08:41','2018-03-15 16:08:41'),(7608,3,230,7,'2018-03-15 16:08:41','2018-03-15 16:08:41'),(7609,9,230,7,'2018-03-15 16:08:41','2018-03-15 16:08:41'),(7610,7,31,8,'2018-03-15 16:08:41','2018-03-15 16:08:41'),(7611,8,31,8,'2018-03-15 16:08:41','2018-03-15 16:08:41'),(7612,4,31,8,'2018-03-15 16:08:41','2018-03-15 16:08:41'),(7613,3,31,8,'2018-03-15 16:08:41','2018-03-15 16:08:41'),(7614,1,31,8,'2018-03-15 16:08:41','2018-03-15 16:08:41'),(7615,9,31,8,'2018-03-15 16:08:41','2018-03-15 16:08:41'),(7616,7,29,8,'2018-03-15 16:08:41','2018-03-15 16:08:41'),(7617,8,29,8,'2018-03-15 16:08:41','2018-03-15 16:08:41'),(7618,2,29,8,'2018-03-15 16:08:41','2018-03-15 16:08:41'),(7619,1,29,8,'2018-03-15 16:08:41','2018-03-15 16:08:41'),(7620,7,135,8,'2018-03-15 16:08:41','2018-03-15 16:08:41'),(7621,8,135,8,'2018-03-15 16:08:41','2018-03-15 16:08:41'),(7622,3,135,8,'2018-03-15 16:08:41','2018-03-15 16:08:41'),(7623,9,135,8,'2018-03-15 16:08:41','2018-03-15 16:08:41'),(7624,7,27,8,'2018-03-15 16:08:41','2018-03-15 16:08:41'),(7625,8,27,8,'2018-03-15 16:08:41','2018-03-15 16:08:41'),(7626,1,27,8,'2018-03-15 16:08:41','2018-03-15 16:08:41'),(7634,7,32,8,'2018-03-15 16:08:42','2018-03-15 16:08:42'),(7635,8,32,8,'2018-03-15 16:08:42','2018-03-15 16:08:42'),(7636,3,32,8,'2018-03-15 16:08:42','2018-03-15 16:08:42'),(7672,7,306,9,'2018-03-15 16:08:42','2018-03-15 16:08:42'),(7673,8,306,9,'2018-03-15 16:08:42','2018-03-15 16:08:42'),(7674,4,306,9,'2018-03-15 16:08:42','2018-03-15 16:08:42'),(7675,3,306,9,'2018-03-15 16:08:42','2018-03-15 16:08:42'),(7676,1,306,9,'2018-03-15 16:08:42','2018-03-15 16:08:42'),(7677,9,306,9,'2018-03-15 16:08:42','2018-03-15 16:08:42'),(7678,7,321,9,'2018-03-15 16:08:42','2018-03-15 16:08:42'),(7679,8,321,9,'2018-03-15 16:08:42','2018-03-15 16:08:42'),(7680,3,321,9,'2018-03-15 16:08:42','2018-03-15 16:08:42'),(7681,1,321,9,'2018-03-15 16:08:42','2018-03-15 16:08:42'),(7682,9,321,9,'2018-03-15 16:08:42','2018-03-15 16:08:42'),(7683,7,322,9,'2018-03-15 16:08:42','2018-03-15 16:08:42'),(7684,8,322,9,'2018-03-15 16:08:42','2018-03-15 16:08:42'),(7685,3,322,9,'2018-03-15 16:08:42','2018-03-15 16:08:42'),(7686,1,322,9,'2018-03-15 16:08:42','2018-03-15 16:08:42'),(7687,9,322,9,'2018-03-15 16:08:42','2018-03-15 16:08:42'),(7694,7,221,10,'2018-03-15 16:08:43','2018-03-15 16:08:43'),(7695,8,221,10,'2018-03-15 16:08:43','2018-03-15 16:08:43'),(7696,1,221,10,'2018-03-15 16:08:43','2018-03-15 16:08:43'),(7704,7,379,11,'2018-03-15 16:08:43','2018-03-15 16:08:43'),(7705,8,379,11,'2018-03-15 16:08:43','2018-03-15 16:08:43'),(7706,3,379,11,'2018-03-15 16:08:43','2018-03-15 16:08:43'),(7707,1,379,11,'2018-03-15 16:08:43','2018-03-15 16:08:43'),(7708,7,249,11,'2018-03-15 16:08:43','2018-03-15 16:08:43'),(7709,8,249,11,'2018-03-15 16:08:43','2018-03-15 16:08:43'),(7718,7,408,11,'2018-03-15 16:08:43','2018-03-15 16:08:43'),(7719,8,408,11,'2018-03-15 16:08:43','2018-03-15 16:08:43'),(7720,8,370,11,'2018-03-15 16:08:43','2018-03-15 16:08:43'),(7721,7,14,11,'2018-03-15 16:08:43','2018-03-15 16:08:43'),(7722,8,14,11,'2018-03-15 16:08:43','2018-03-15 16:08:43'),(7723,1,14,11,'2018-03-15 16:08:43','2018-03-15 16:08:43'),(7745,7,355,12,'2018-03-15 16:08:43','2018-03-15 16:08:43'),(7746,8,355,12,'2018-03-15 16:08:43','2018-03-15 16:08:43'),(7747,2,355,12,'2018-03-15 16:08:43','2018-03-15 16:08:43'),(7748,1,355,12,'2018-03-15 16:08:43','2018-03-15 16:08:43'),(7749,7,28,12,'2018-03-15 16:08:43','2018-03-15 16:08:43'),(7750,8,28,12,'2018-03-15 16:08:43','2018-03-15 16:08:43'),(7751,1,28,12,'2018-03-15 16:08:43','2018-03-15 16:08:43'),(7752,7,388,12,'2018-03-15 16:08:43','2018-03-15 16:08:43'),(7753,8,388,12,'2018-03-15 16:08:43','2018-03-15 16:08:43'),(7754,3,388,12,'2018-03-15 16:08:43','2018-03-15 16:08:43'),(7755,7,347,13,'2018-03-15 16:08:43','2018-03-15 16:08:43'),(7756,8,347,13,'2018-03-15 16:08:43','2018-03-15 16:08:43'),(7757,2,347,13,'2018-03-15 16:08:43','2018-03-15 16:08:43'),(7758,1,347,13,'2018-03-15 16:08:43','2018-03-15 16:08:43'),(7759,7,70,13,'2018-03-15 16:08:43','2018-03-15 16:08:43'),(7760,8,70,13,'2018-03-15 16:08:43','2018-03-15 16:08:43'),(7761,1,70,13,'2018-03-15 16:08:43','2018-03-15 16:08:43'),(7762,7,381,13,'2018-03-15 16:08:43','2018-03-15 16:08:43'),(7763,8,381,13,'2018-03-15 16:08:43','2018-03-15 16:08:43'),(7764,3,381,13,'2018-03-15 16:08:43','2018-03-15 16:08:43'),(7765,7,382,13,'2018-03-15 16:08:43','2018-03-15 16:08:43'),(7766,8,382,13,'2018-03-15 16:08:43','2018-03-15 16:08:43'),(7767,3,382,13,'2018-03-15 16:08:43','2018-03-15 16:08:43'),(7768,7,298,14,'2018-03-15 16:08:44','2018-03-15 16:08:44'),(7769,8,298,14,'2018-03-15 16:08:44','2018-03-15 16:08:44'),(7770,2,298,14,'2018-03-15 16:08:44','2018-03-15 16:08:44'),(7771,1,298,14,'2018-03-15 16:08:44','2018-03-15 16:08:44'),(7772,7,67,14,'2018-03-15 16:08:44','2018-03-15 16:08:44'),(7773,8,67,14,'2018-03-15 16:08:44','2018-03-15 16:08:44'),(7774,1,67,14,'2018-03-15 16:08:44','2018-03-15 16:08:44'),(7775,7,383,14,'2018-03-15 16:08:44','2018-03-15 16:08:44'),(7776,8,383,14,'2018-03-15 16:08:44','2018-03-15 16:08:44'),(7777,3,383,14,'2018-03-15 16:08:44','2018-03-15 16:08:44'),(7778,7,3,15,'2018-03-15 16:08:44','2018-03-15 16:08:44'),(7779,8,3,15,'2018-03-15 16:08:44','2018-03-15 16:08:44'),(7780,1,3,15,'2018-03-15 16:08:44','2018-03-15 16:08:44'),(7781,7,299,15,'2018-03-15 16:08:44','2018-03-15 16:08:44'),(7782,8,299,15,'2018-03-15 16:08:44','2018-03-15 16:08:44'),(7783,2,299,15,'2018-03-15 16:08:44','2018-03-15 16:08:44'),(7784,7,335,16,'2018-03-15 16:08:44','2018-03-15 16:08:44'),(7785,8,335,16,'2018-03-15 16:08:44','2018-03-15 16:08:44'),(7786,3,335,16,'2018-03-15 16:08:44','2018-03-15 16:08:44'),(7787,1,335,16,'2018-03-15 16:08:44','2018-03-15 16:08:44'),(7788,9,335,16,'2018-03-15 16:08:44','2018-03-15 16:08:44'),(7789,7,386,16,'2018-03-15 16:08:44','2018-03-15 16:08:44'),(7790,8,386,16,'2018-03-15 16:08:44','2018-03-15 16:08:44'),(7791,3,386,16,'2018-03-15 16:08:44','2018-03-15 16:08:44'),(7792,1,386,16,'2018-03-15 16:08:44','2018-03-15 16:08:44'),(7793,7,245,16,'2018-03-15 16:08:44','2018-03-15 16:08:44'),(7794,8,245,16,'2018-03-15 16:08:44','2018-03-15 16:08:44'),(7795,7,295,16,'2018-03-15 16:08:44','2018-03-15 16:08:44'),(7796,8,295,16,'2018-03-15 16:08:44','2018-03-15 16:08:44'),(7797,2,295,16,'2018-03-15 16:08:44','2018-03-15 16:08:44'),(7798,1,295,16,'2018-03-15 16:08:44','2018-03-15 16:08:44'),(7799,7,366,16,'2018-03-15 16:08:44','2018-03-15 16:08:44'),(7800,8,366,16,'2018-03-15 16:08:44','2018-03-15 16:08:44'),(7801,7,21,16,'2018-03-15 16:08:44','2018-03-15 16:08:44'),(7802,8,21,16,'2018-03-15 16:08:44','2018-03-15 16:08:44'),(7803,1,21,16,'2018-03-15 16:08:44','2018-03-15 16:08:44'),(7804,7,318,17,'2018-03-15 16:08:44','2018-03-15 16:08:44'),(7805,8,318,17,'2018-03-15 16:08:44','2018-03-15 16:08:44'),(7806,3,318,17,'2018-03-15 16:08:44','2018-03-15 16:08:44'),(7807,1,318,17,'2018-03-15 16:08:44','2018-03-15 16:08:44'),(7808,9,318,17,'2018-03-15 16:08:44','2018-03-15 16:08:44'),(7809,7,392,18,'2018-03-15 16:08:44','2018-03-15 16:08:44'),(7810,8,392,18,'2018-03-15 16:08:44','2018-03-15 16:08:44'),(7811,3,392,18,'2018-03-15 16:08:44','2018-03-15 16:08:44'),(7812,1,392,18,'2018-03-15 16:08:44','2018-03-15 16:08:44'),(7813,7,404,18,'2018-03-15 16:08:44','2018-03-15 16:08:44'),(7814,8,404,18,'2018-03-15 16:08:44','2018-03-15 16:08:44'),(7815,7,216,19,'2018-03-15 16:08:44','2018-03-15 16:08:44'),(7816,8,216,19,'2018-03-15 16:08:44','2018-03-15 16:08:44'),(7817,1,216,19,'2018-03-15 16:08:44','2018-03-15 16:08:44'),(7818,1,217,19,'2018-03-15 16:08:44','2018-03-15 16:08:44'),(7825,7,270,21,'2018-03-15 16:08:45','2018-03-15 16:08:45'),(7826,8,270,21,'2018-03-15 16:08:45','2018-03-15 16:08:45'),(7827,1,270,21,'2018-03-15 16:08:45','2018-03-15 16:08:45'),(7828,7,396,21,'2018-03-15 16:08:45','2018-03-15 16:08:45'),(7829,8,396,21,'2018-03-15 16:08:45','2018-03-15 16:08:45'),(7830,7,293,23,'2018-03-15 16:08:45','2018-03-15 16:08:45'),(7831,8,293,23,'2018-03-15 16:08:45','2018-03-15 16:08:45'),(7832,1,293,23,'2018-03-15 16:08:45','2018-03-15 16:08:45'),(7833,7,360,23,'2018-03-15 16:08:45','2018-03-15 16:08:45'),(7834,8,360,23,'2018-03-15 16:08:45','2018-03-15 16:08:45'),(7835,7,285,25,'2018-03-15 16:08:45','2018-03-15 16:08:45'),(7836,8,285,25,'2018-03-15 16:08:45','2018-03-15 16:08:45'),(7837,2,285,25,'2018-03-15 16:08:45','2018-03-15 16:08:45'),(7838,1,285,25,'2018-03-15 16:08:45','2018-03-15 16:08:45'),(7839,7,260,25,'2018-03-15 16:08:45','2018-03-15 16:08:45'),(7840,8,260,25,'2018-03-15 16:08:45','2018-03-15 16:08:45'),(7841,3,260,25,'2018-03-15 16:08:45','2018-03-15 16:08:45'),(7842,9,260,25,'2018-03-15 16:08:45','2018-03-15 16:08:45'),(7843,7,4,25,'2018-03-15 16:08:45','2018-03-15 16:08:45'),(7844,8,4,25,'2018-03-15 16:08:45','2018-03-15 16:08:45'),(7845,1,4,25,'2018-03-15 16:08:45','2018-03-15 16:08:45'),(7852,7,262,26,'2018-03-15 16:08:45','2018-03-15 16:08:45'),(7853,8,262,26,'2018-03-15 16:08:45','2018-03-15 16:08:45'),(7854,3,262,26,'2018-03-15 16:08:45','2018-03-15 16:08:45'),(7855,1,262,26,'2018-03-15 16:08:45','2018-03-15 16:08:45'),(7856,7,287,26,'2018-03-15 16:08:45','2018-03-15 16:08:45'),(7857,8,287,26,'2018-03-15 16:08:45','2018-03-15 16:08:45'),(7858,2,287,26,'2018-03-15 16:08:45','2018-03-15 16:08:45'),(7859,1,287,26,'2018-03-15 16:08:45','2018-03-15 16:08:45'),(7860,7,5,26,'2018-03-15 16:08:45','2018-03-15 16:08:45'),(7861,8,5,26,'2018-03-15 16:08:45','2018-03-15 16:08:45'),(7862,1,5,26,'2018-03-15 16:08:45','2018-03-15 16:08:45'),(7881,7,263,27,'2018-03-15 16:08:45','2018-03-15 16:08:45'),(7882,8,263,27,'2018-03-15 16:08:45','2018-03-15 16:08:45'),(7883,3,263,27,'2018-03-15 16:08:45','2018-03-15 16:08:45'),(7884,1,263,27,'2018-03-15 16:08:45','2018-03-15 16:08:45'),(7885,9,263,27,'2018-03-15 16:08:45','2018-03-15 16:08:45'),(7892,7,288,27,'2018-03-15 16:08:46','2018-03-15 16:08:46'),(7893,8,288,27,'2018-03-15 16:08:46','2018-03-15 16:08:46'),(7894,2,288,27,'2018-03-15 16:08:46','2018-03-15 16:08:46'),(7895,1,288,27,'2018-03-15 16:08:46','2018-03-15 16:08:46'),(7901,7,7,27,'2018-03-15 16:08:46','2018-03-15 16:08:46'),(7902,8,7,27,'2018-03-15 16:08:46','2018-03-15 16:08:46'),(7903,1,7,27,'2018-03-15 16:08:46','2018-03-15 16:08:46'),(7914,7,289,28,'2018-03-15 16:08:46','2018-03-15 16:08:46'),(7915,8,289,28,'2018-03-15 16:08:46','2018-03-15 16:08:46'),(7916,2,289,28,'2018-03-15 16:08:46','2018-03-15 16:08:46'),(7917,1,289,28,'2018-03-15 16:08:46','2018-03-15 16:08:46'),(7918,7,264,28,'2018-03-15 16:08:46','2018-03-15 16:08:46'),(7919,8,264,28,'2018-03-15 16:08:46','2018-03-15 16:08:46'),(7920,3,264,28,'2018-03-15 16:08:46','2018-03-15 16:08:46'),(7921,9,264,28,'2018-03-15 16:08:46','2018-03-15 16:08:46'),(7928,7,8,28,'2018-03-15 16:08:46','2018-03-15 16:08:46'),(7929,8,8,28,'2018-03-15 16:08:46','2018-03-15 16:08:46'),(7930,1,8,28,'2018-03-15 16:08:46','2018-03-15 16:08:46'),(7955,7,375,30,'2018-03-15 16:08:47','2018-03-15 16:08:47'),(7956,8,375,30,'2018-03-15 16:08:47','2018-03-15 16:08:47'),(7957,3,375,30,'2018-03-15 16:08:47','2018-03-15 16:08:47'),(7958,1,375,30,'2018-03-15 16:08:47','2018-03-15 16:08:47'),(7959,9,375,30,'2018-03-15 16:08:47','2018-03-15 16:08:47'),(7960,7,272,30,'2018-03-15 16:08:47','2018-03-15 16:08:47'),(7961,8,272,30,'2018-03-15 16:08:47','2018-03-15 16:08:47'),(7962,3,272,30,'2018-03-15 16:08:47','2018-03-15 16:08:47'),(7963,1,272,30,'2018-03-15 16:08:47','2018-03-15 16:08:47'),(7964,7,205,30,'2018-03-15 16:08:47','2018-03-15 16:08:47'),(7965,8,205,30,'2018-03-15 16:08:47','2018-03-15 16:08:47'),(7966,2,205,30,'2018-03-15 16:08:47','2018-03-15 16:08:47'),(7967,1,205,30,'2018-03-15 16:08:47','2018-03-15 16:08:47'),(7968,7,20,30,'2018-03-15 16:08:47','2018-03-15 16:08:47'),(7969,8,20,30,'2018-03-15 16:08:47','2018-03-15 16:08:47'),(7970,1,20,30,'2018-03-15 16:08:47','2018-03-15 16:08:47'),(7981,7,278,31,'2018-03-15 16:08:47','2018-03-15 16:08:47'),(7982,8,278,31,'2018-03-15 16:08:47','2018-03-15 16:08:47'),(7983,3,278,31,'2018-03-15 16:08:47','2018-03-15 16:08:47'),(7984,1,278,31,'2018-03-15 16:08:47','2018-03-15 16:08:47'),(7992,7,350,33,'2018-03-15 16:08:47','2018-03-15 16:08:47'),(7993,8,350,33,'2018-03-15 16:08:47','2018-03-15 16:08:47'),(7994,1,350,33,'2018-03-15 16:08:47','2018-03-15 16:08:47'),(7995,7,274,33,'2018-03-15 16:08:47','2018-03-15 16:08:47'),(7996,8,274,33,'2018-03-15 16:08:47','2018-03-15 16:08:47'),(7997,3,274,33,'2018-03-15 16:08:47','2018-03-15 16:08:47'),(7998,7,206,33,'2018-03-15 16:08:47','2018-03-15 16:08:47'),(7999,8,206,33,'2018-03-15 16:08:47','2018-03-15 16:08:47'),(8000,2,206,33,'2018-03-15 16:08:47','2018-03-15 16:08:47'),(8001,7,228,33,'2018-03-15 16:08:47','2018-03-15 16:08:47'),(8002,8,228,33,'2018-03-15 16:08:47','2018-03-15 16:08:47'),(8003,4,228,33,'2018-03-15 16:08:47','2018-03-15 16:08:47'),(8004,9,228,33,'2018-03-15 16:08:47','2018-03-15 16:08:47'),(8005,7,23,34,'2018-03-15 16:08:47','2018-03-15 16:08:47'),(8006,8,23,34,'2018-03-15 16:08:47','2018-03-15 16:08:47'),(8007,1,23,34,'2018-03-15 16:08:48','2018-03-15 16:08:48'),(8008,7,389,34,'2018-03-15 16:08:48','2018-03-15 16:08:48'),(8009,8,389,34,'2018-03-15 16:08:48','2018-03-15 16:08:48'),(8010,3,389,34,'2018-03-15 16:08:48','2018-03-15 16:08:48'),(8011,9,389,34,'2018-03-15 16:08:48','2018-03-15 16:08:48'),(8012,7,276,34,'2018-03-15 16:08:48','2018-03-15 16:08:48'),(8013,8,276,34,'2018-03-15 16:08:48','2018-03-15 16:08:48'),(8014,3,276,34,'2018-03-15 16:08:48','2018-03-15 16:08:48'),(8015,7,312,34,'2018-03-15 16:08:48','2018-03-15 16:08:48'),(8016,8,312,34,'2018-03-15 16:08:48','2018-03-15 16:08:48'),(8017,2,312,34,'2018-03-15 16:08:48','2018-03-15 16:08:48'),(8018,7,313,35,'2018-03-15 16:08:48','2018-03-15 16:08:48'),(8019,8,313,35,'2018-03-15 16:08:48','2018-03-15 16:08:48'),(8020,2,313,35,'2018-03-15 16:08:48','2018-03-15 16:08:48'),(8021,1,313,35,'2018-03-15 16:08:48','2018-03-15 16:08:48'),(8022,7,252,35,'2018-03-15 16:08:48','2018-03-15 16:08:48'),(8023,8,252,35,'2018-03-15 16:08:48','2018-03-15 16:08:48'),(8024,1,252,35,'2018-03-15 16:08:48','2018-03-15 16:08:48'),(8025,7,268,35,'2018-03-15 16:08:48','2018-03-15 16:08:48'),(8026,8,268,35,'2018-03-15 16:08:48','2018-03-15 16:08:48'),(8027,7,315,36,'2018-03-15 16:08:48','2018-03-15 16:08:48'),(8028,8,315,36,'2018-03-15 16:08:48','2018-03-15 16:08:48'),(8029,2,315,36,'2018-03-15 16:08:48','2018-03-15 16:08:48'),(8030,1,315,36,'2018-03-15 16:08:48','2018-03-15 16:08:48'),(8031,7,251,36,'2018-03-15 16:08:48','2018-03-15 16:08:48'),(8032,8,251,36,'2018-03-15 16:08:48','2018-03-15 16:08:48'),(8033,1,251,36,'2018-03-15 16:08:48','2018-03-15 16:08:48'),(8034,7,17,37,'2018-03-15 16:08:48','2018-03-15 16:08:48'),(8035,8,17,37,'2018-03-15 16:08:48','2018-03-15 16:08:48'),(8036,1,17,37,'2018-03-15 16:08:48','2018-03-15 16:08:48'),(8037,7,275,37,'2018-03-15 16:08:48','2018-03-15 16:08:48'),(8038,8,275,37,'2018-03-15 16:08:48','2018-03-15 16:08:48'),(8039,3,275,37,'2018-03-15 16:08:48','2018-03-15 16:08:48'),(8040,7,316,37,'2018-03-15 16:08:48','2018-03-15 16:08:48'),(8041,8,316,37,'2018-03-15 16:08:48','2018-03-15 16:08:48'),(8042,2,316,37,'2018-03-15 16:08:48','2018-03-15 16:08:48'),(8043,7,277,39,'2018-03-15 16:08:48','2018-03-15 16:08:48'),(8044,8,277,39,'2018-03-15 16:08:48','2018-03-15 16:08:48'),(8045,3,277,39,'2018-03-15 16:08:48','2018-03-15 16:08:48'),(8046,1,277,39,'2018-03-15 16:08:49','2018-03-15 16:08:49'),(8047,7,317,39,'2018-03-15 16:08:49','2018-03-15 16:08:49'),(8048,8,317,39,'2018-03-15 16:08:49','2018-03-15 16:08:49'),(8049,2,317,39,'2018-03-15 16:08:49','2018-03-15 16:08:49'),(8050,7,253,39,'2018-03-15 16:08:49','2018-03-15 16:08:49'),(8051,8,253,39,'2018-03-15 16:08:49','2018-03-15 16:08:49'),(8052,1,253,39,'2018-03-15 16:08:49','2018-03-15 16:08:49'),(8053,7,374,41,'2018-03-15 16:08:49','2018-03-15 16:08:49'),(8054,8,374,41,'2018-03-15 16:08:49','2018-03-15 16:08:49'),(8055,1,374,41,'2018-03-15 16:08:49','2018-03-15 16:08:49'),(8056,7,354,41,'2018-03-15 16:08:49','2018-03-15 16:08:49'),(8057,8,354,41,'2018-03-15 16:08:49','2018-03-15 16:08:49'),(8058,1,354,41,'2018-03-15 16:08:49','2018-03-15 16:08:49'),(8059,7,351,41,'2018-03-15 16:08:49','2018-03-15 16:08:49'),(8060,8,351,41,'2018-03-15 16:08:49','2018-03-15 16:08:49'),(8061,1,351,41,'2018-03-15 16:08:49','2018-03-15 16:08:49'),(8062,7,304,44,'2018-03-15 16:08:49','2018-03-15 16:08:49'),(8063,8,304,44,'2018-03-15 16:08:49','2018-03-15 16:08:49'),(8064,3,304,44,'2018-03-15 16:08:49','2018-03-15 16:08:49'),(8065,1,304,44,'2018-03-15 16:08:49','2018-03-15 16:08:49'),(8066,9,304,44,'2018-03-15 16:08:49','2018-03-15 16:08:49'),(8067,7,398,44,'2018-03-15 16:08:49','2018-03-15 16:08:49'),(8068,8,398,44,'2018-03-15 16:08:49','2018-03-15 16:08:49'),(8069,3,398,44,'2018-03-15 16:08:49','2018-03-15 16:08:49'),(8070,1,398,44,'2018-03-15 16:08:49','2018-03-15 16:08:49'),(8071,7,218,44,'2018-03-15 16:08:49','2018-03-15 16:08:49'),(8072,8,218,44,'2018-03-15 16:08:49','2018-03-15 16:08:49'),(8073,2,218,44,'2018-03-15 16:08:49','2018-03-15 16:08:49'),(8074,1,218,44,'2018-03-15 16:08:49','2018-03-15 16:08:49'),(8075,7,219,44,'2018-03-15 16:08:49','2018-03-15 16:08:49'),(8076,8,219,44,'2018-03-15 16:08:49','2018-03-15 16:08:49'),(8077,1,219,44,'2018-03-15 16:08:49','2018-03-15 16:08:49'),(8078,7,241,44,'2018-03-15 16:08:49','2018-03-15 16:08:49'),(8079,8,241,44,'2018-03-15 16:08:49','2018-03-15 16:08:49'),(8080,7,400,44,'2018-03-15 16:08:49','2018-03-15 16:08:49'),(8081,8,400,44,'2018-03-15 16:08:49','2018-03-15 16:08:49'),(8082,7,362,44,'2018-03-15 16:08:49','2018-03-15 16:08:49'),(8083,8,362,44,'2018-03-15 16:08:49','2018-03-15 16:08:49'),(8095,7,314,45,'2018-03-15 16:08:49','2018-03-15 16:08:49'),(8096,8,314,45,'2018-03-15 16:08:49','2018-03-15 16:08:49'),(8097,3,314,45,'2018-03-15 16:08:49','2018-03-15 16:08:49'),(8098,1,314,45,'2018-03-15 16:08:49','2018-03-15 16:08:49'),(8099,7,243,45,'2018-03-15 16:08:49','2018-03-15 16:08:49'),(8100,8,243,45,'2018-03-15 16:08:49','2018-03-15 16:08:49'),(8101,7,356,45,'2018-03-15 16:08:49','2018-03-15 16:08:49'),(8102,8,356,45,'2018-03-15 16:08:49','2018-03-15 16:08:49'),(8103,2,356,45,'2018-03-15 16:08:49','2018-03-15 16:08:49'),(8104,1,356,45,'2018-03-15 16:08:49','2018-03-15 16:08:49'),(8105,7,2,45,'2018-03-15 16:08:49','2018-03-15 16:08:49'),(8106,8,2,45,'2018-03-15 16:08:49','2018-03-15 16:08:49'),(8107,1,2,45,'2018-03-15 16:08:49','2018-03-15 16:08:49'),(8108,7,402,45,'2018-03-15 16:08:49','2018-03-15 16:08:49'),(8109,8,402,45,'2018-03-15 16:08:49','2018-03-15 16:08:49'),(8110,7,364,45,'2018-03-15 16:08:49','2018-03-15 16:08:49'),(8111,8,364,45,'2018-03-15 16:08:49','2018-03-15 16:08:49'),(8146,7,247,46,'2018-03-15 16:08:50','2018-03-15 16:08:50'),(8147,8,247,46,'2018-03-15 16:08:50','2018-03-15 16:08:50'),(8148,1,247,46,'2018-03-15 16:08:50','2018-03-15 16:08:50'),(8165,7,326,46,'2018-03-15 16:08:50','2018-03-15 16:08:50'),(8166,8,326,46,'2018-03-15 16:08:50','2018-03-15 16:08:50'),(8167,3,326,46,'2018-03-15 16:08:50','2018-03-15 16:08:50'),(8168,1,326,46,'2018-03-15 16:08:50','2018-03-15 16:08:50'),(8169,7,269,46,'2018-03-15 16:08:50','2018-03-15 16:08:50'),(8170,8,269,46,'2018-03-15 16:08:50','2018-03-15 16:08:50'),(8171,3,269,46,'2018-03-15 16:08:50','2018-03-15 16:08:50'),(8172,1,269,46,'2018-03-15 16:08:50','2018-03-15 16:08:50'),(8173,7,300,46,'2018-03-15 16:08:50','2018-03-15 16:08:50'),(8174,8,300,46,'2018-03-15 16:08:50','2018-03-15 16:08:50'),(8175,2,300,46,'2018-03-15 16:08:50','2018-03-15 16:08:50'),(8176,1,300,46,'2018-03-15 16:08:50','2018-03-15 16:08:50'),(8177,7,406,46,'2018-03-15 16:08:50','2018-03-15 16:08:50'),(8178,8,406,46,'2018-03-15 16:08:50','2018-03-15 16:08:50'),(8179,8,368,46,'2018-03-15 16:08:50','2018-03-15 16:08:50'),(8186,7,309,46,'2018-03-15 16:08:50','2018-03-15 16:08:50'),(8187,8,309,46,'2018-03-15 16:08:50','2018-03-15 16:08:50'),(8188,9,309,46,'2018-03-15 16:08:50','2018-03-15 16:08:50'),(8189,7,310,46,'2018-03-15 16:08:50','2018-03-15 16:08:50'),(8190,8,310,46,'2018-03-15 16:08:50','2018-03-15 16:08:50'),(8191,4,310,46,'2018-03-15 16:08:50','2018-03-15 16:08:50'),(8205,7,387,47,'2018-03-15 16:08:51','2018-03-15 16:08:51'),(8206,8,387,47,'2018-03-15 16:08:51','2018-03-15 16:08:51'),(8207,3,387,47,'2018-03-15 16:08:51','2018-03-15 16:08:51'),(8208,1,387,47,'2018-03-15 16:08:51','2018-03-15 16:08:51'),(8209,7,358,47,'2018-03-15 16:08:51','2018-03-15 16:08:51'),(8210,8,358,47,'2018-03-15 16:08:51','2018-03-15 16:08:51'),(8211,2,358,47,'2018-03-15 16:08:51','2018-03-15 16:08:51'),(8212,1,358,47,'2018-03-15 16:08:51','2018-03-15 16:08:51'),(8213,7,68,47,'2018-03-15 16:08:51','2018-03-15 16:08:51'),(8214,8,68,47,'2018-03-15 16:08:51','2018-03-15 16:08:51'),(8215,1,68,47,'2018-03-15 16:08:51','2018-03-15 16:08:51'),(8216,7,307,47,'2018-03-15 16:08:51','2018-03-15 16:08:51'),(8217,8,307,47,'2018-03-15 16:08:51','2018-03-15 16:08:51'),(8218,4,307,47,'2018-03-15 16:08:51','2018-03-15 16:08:51'),(8219,9,307,47,'2018-03-15 16:08:51','2018-03-15 16:08:51'),(8234,7,69,48,'2018-03-15 16:08:51','2018-03-15 16:08:51'),(8235,8,69,48,'2018-03-15 16:08:51','2018-03-15 16:08:51'),(8236,1,69,48,'2018-03-15 16:08:51','2018-03-15 16:08:51'),(8237,7,394,48,'2018-03-15 16:08:51','2018-03-15 16:08:51'),(8238,8,394,48,'2018-03-15 16:08:51','2018-03-15 16:08:51'),(8239,3,394,48,'2018-03-15 16:08:51','2018-03-15 16:08:51'),(8240,7,349,48,'2018-03-15 16:08:51','2018-03-15 16:08:51'),(8241,8,349,48,'2018-03-15 16:08:51','2018-03-15 16:08:51'),(8242,2,349,48,'2018-03-15 16:08:51','2018-03-15 16:08:51'),(8243,7,242,48,'2018-03-15 16:08:51','2018-03-15 16:08:51'),(8244,8,242,48,'2018-03-15 16:08:51','2018-03-15 16:08:51'),(8245,7,363,48,'2018-03-15 16:08:51','2018-03-15 16:08:51'),(8246,8,363,48,'2018-03-15 16:08:51','2018-03-15 16:08:51'),(8264,7,336,50,'2018-03-15 16:08:52','2018-03-15 16:08:52'),(8265,8,336,50,'2018-03-15 16:08:52','2018-03-15 16:08:52'),(8266,3,336,50,'2018-03-15 16:08:52','2018-03-15 16:08:52'),(8267,1,336,50,'2018-03-15 16:08:52','2018-03-15 16:08:52'),(8268,7,339,50,'2018-03-15 16:08:52','2018-03-15 16:08:52'),(8269,8,339,50,'2018-03-15 16:08:52','2018-03-15 16:08:52'),(8270,3,339,50,'2018-03-15 16:08:52','2018-03-15 16:08:52'),(8271,1,339,50,'2018-03-15 16:08:52','2018-03-15 16:08:52'),(8272,7,401,50,'2018-03-15 16:08:52','2018-03-15 16:08:52'),(8273,8,401,50,'2018-03-15 16:08:52','2018-03-15 16:08:52'),(8286,7,334,51,'2018-03-15 16:08:52','2018-03-15 16:08:52'),(8287,8,334,51,'2018-03-15 16:08:52','2018-03-15 16:08:52'),(8288,3,334,51,'2018-03-15 16:08:52','2018-03-15 16:08:52'),(8289,9,334,51,'2018-03-15 16:08:52','2018-03-15 16:08:52'),(8290,7,333,51,'2018-03-15 16:08:52','2018-03-15 16:08:52'),(8291,8,333,51,'2018-03-15 16:08:52','2018-03-15 16:08:52'),(8292,1,333,51,'2018-03-15 16:08:52','2018-03-15 16:08:52'),(8293,7,235,51,'2018-03-15 16:08:52','2018-03-15 16:08:52'),(8294,8,235,51,'2018-03-15 16:08:52','2018-03-15 16:08:52'),(8295,1,235,51,'2018-03-15 16:08:52','2018-03-15 16:08:52'),(8296,7,236,51,'2018-03-15 16:08:52','2018-03-15 16:08:52'),(8297,8,236,51,'2018-03-15 16:08:52','2018-03-15 16:08:52'),(8298,3,236,51,'2018-03-15 16:08:52','2018-03-15 16:08:52'),(8299,7,213,51,'2018-03-15 16:08:52','2018-03-15 16:08:52'),(8300,8,213,51,'2018-03-15 16:08:52','2018-03-15 16:08:52'),(8301,2,213,51,'2018-03-15 16:08:52','2018-03-15 16:08:52'),(8302,7,19,51,'2018-03-15 16:08:52','2018-03-15 16:08:52'),(8303,8,19,51,'2018-03-15 16:08:52','2018-03-15 16:08:52'),(8304,1,19,51,'2018-03-15 16:08:52','2018-03-15 16:08:52'),(8305,7,227,51,'2018-03-15 16:08:52','2018-03-15 16:08:52'),(8306,8,227,51,'2018-03-15 16:08:52','2018-03-15 16:08:52'),(8307,4,227,51,'2018-03-15 16:08:52','2018-03-15 16:08:52'),(8308,7,328,53,'2018-03-15 16:08:52','2018-03-15 16:08:52'),(8309,8,328,53,'2018-03-15 16:08:52','2018-03-15 16:08:52'),(8310,4,328,53,'2018-03-15 16:08:52','2018-03-15 16:08:52'),(8311,3,328,53,'2018-03-15 16:08:52','2018-03-15 16:08:52'),(8312,1,328,53,'2018-03-15 16:08:52','2018-03-15 16:08:52'),(8313,9,328,53,'2018-03-15 16:08:52','2018-03-15 16:08:52'),(8314,7,338,53,'2018-03-15 16:08:52','2018-03-15 16:08:52'),(8315,8,338,53,'2018-03-15 16:08:52','2018-03-15 16:08:52'),(8316,3,338,53,'2018-03-15 16:08:52','2018-03-15 16:08:52'),(8317,1,338,53,'2018-03-15 16:08:52','2018-03-15 16:08:52'),(8318,7,390,53,'2018-03-15 16:08:52','2018-03-15 16:08:52'),(8319,8,390,53,'2018-03-15 16:08:52','2018-03-15 16:08:52'),(8320,3,390,53,'2018-03-15 16:08:52','2018-03-15 16:08:52'),(8321,1,390,53,'2018-03-15 16:08:52','2018-03-15 16:08:52'),(8322,7,332,54,'2018-03-15 16:08:52','2018-03-15 16:08:52'),(8323,8,332,54,'2018-03-15 16:08:52','2018-03-15 16:08:52'),(8324,3,332,54,'2018-03-15 16:08:52','2018-03-15 16:08:52'),(8325,1,332,54,'2018-03-15 16:08:52','2018-03-15 16:08:52'),(8326,9,332,54,'2018-03-15 16:08:52','2018-03-15 16:08:52'),(8327,7,395,55,'2018-03-15 16:08:52','2018-03-15 16:08:52'),(8328,8,395,55,'2018-03-15 16:08:52','2018-03-15 16:08:52'),(8329,3,395,55,'2018-03-15 16:08:52','2018-03-15 16:08:52'),(8330,1,395,55,'2018-03-15 16:08:52','2018-03-15 16:08:52'),(8331,7,359,55,'2018-03-15 16:08:52','2018-03-15 16:08:52'),(8332,8,359,55,'2018-03-15 16:08:53','2018-03-15 16:08:53'),(8333,2,359,55,'2018-03-15 16:08:53','2018-03-15 16:08:53'),(8334,1,359,55,'2018-03-15 16:08:53','2018-03-15 16:08:53'),(8335,7,248,55,'2018-03-15 16:08:53','2018-03-15 16:08:53'),(8336,8,248,55,'2018-03-15 16:08:53','2018-03-15 16:08:53'),(8337,7,220,55,'2018-03-15 16:08:53','2018-03-15 16:08:53'),(8338,8,220,55,'2018-03-15 16:08:53','2018-03-15 16:08:53'),(8339,1,220,55,'2018-03-15 16:08:53','2018-03-15 16:08:53'),(8340,7,407,55,'2018-03-15 16:08:53','2018-03-15 16:08:53'),(8341,8,407,55,'2018-03-15 16:08:53','2018-03-15 16:08:53'),(8342,7,369,55,'2018-03-15 16:08:53','2018-03-15 16:08:53'),(8343,8,369,55,'2018-03-15 16:08:53','2018-03-15 16:08:53'),(8344,7,341,55,'2018-03-15 16:08:53','2018-03-15 16:08:53'),(8345,8,341,55,'2018-03-15 16:08:53','2018-03-15 16:08:53'),(8346,9,341,55,'2018-03-15 16:08:53','2018-03-15 16:08:53'),(8347,7,344,56,'2018-03-15 16:08:53','2018-03-15 16:08:53'),(8348,8,344,56,'2018-03-15 16:08:53','2018-03-15 16:08:53'),(8349,4,344,56,'2018-03-15 16:08:53','2018-03-15 16:08:53'),(8350,3,344,56,'2018-03-15 16:08:53','2018-03-15 16:08:53'),(8351,1,344,56,'2018-03-15 16:08:53','2018-03-15 16:08:53'),(8352,9,344,56,'2018-03-15 16:08:53','2018-03-15 16:08:53'),(8353,7,343,56,'2018-03-15 16:08:53','2018-03-15 16:08:53'),(8354,8,343,56,'2018-03-15 16:08:53','2018-03-15 16:08:53'),(8355,3,343,56,'2018-03-15 16:08:53','2018-03-15 16:08:53'),(8356,1,343,56,'2018-03-15 16:08:53','2018-03-15 16:08:53'),(8357,9,343,56,'2018-03-15 16:08:53','2018-03-15 16:08:53'),(8358,7,246,57,'2018-03-15 16:08:53','2018-03-15 16:08:53'),(8359,8,246,57,'2018-03-15 16:08:53','2018-03-15 16:08:53'),(8360,1,246,57,'2018-03-15 16:08:53','2018-03-15 16:08:53'),(8361,7,224,57,'2018-03-15 16:08:53','2018-03-15 16:08:53'),(8362,8,224,57,'2018-03-15 16:08:53','2018-03-15 16:08:53'),(8363,2,224,57,'2018-03-15 16:08:53','2018-03-15 16:08:53'),(8364,1,224,57,'2018-03-15 16:08:53','2018-03-15 16:08:53'),(8365,7,311,57,'2018-03-15 16:08:53','2018-03-15 16:08:53'),(8366,8,311,57,'2018-03-15 16:08:53','2018-03-15 16:08:53'),(8367,4,311,57,'2018-03-15 16:08:53','2018-03-15 16:08:53'),(8368,3,311,57,'2018-03-15 16:08:53','2018-03-15 16:08:53'),(8369,9,311,57,'2018-03-15 16:08:53','2018-03-15 16:08:53'),(8370,7,367,57,'2018-03-15 16:08:53','2018-03-15 16:08:53'),(8371,8,367,57,'2018-03-15 16:08:53','2018-03-15 16:08:53'),(8372,7,18,57,'2018-03-15 16:08:53','2018-03-15 16:08:53'),(8373,8,18,57,'2018-03-15 16:08:53','2018-03-15 16:08:53'),(8374,1,18,57,'2018-03-15 16:08:53','2018-03-15 16:08:53'),(8375,7,233,57,'2018-03-15 16:08:53','2018-03-15 16:08:53'),(8376,8,233,57,'2018-03-15 16:08:53','2018-03-15 16:08:53'),(8377,3,233,57,'2018-03-15 16:08:53','2018-03-15 16:08:53'),(8378,9,233,57,'2018-03-15 16:08:53','2018-03-15 16:08:53'),(8379,7,231,57,'2018-03-15 16:08:53','2018-03-15 16:08:53'),(8380,8,231,57,'2018-03-15 16:08:53','2018-03-15 16:08:53'),(8381,3,231,57,'2018-03-15 16:08:53','2018-03-15 16:08:53'),(8382,7,342,57,'2018-03-15 16:08:53','2018-03-15 16:08:53'),(8383,8,342,57,'2018-03-15 16:08:53','2018-03-15 16:08:53'),(8384,3,342,57,'2018-03-15 16:08:53','2018-03-15 16:08:53'),(8385,7,226,57,'2018-03-15 16:08:53','2018-03-15 16:08:53'),(8386,8,226,57,'2018-03-15 16:08:53','2018-03-15 16:08:53'),(8387,3,226,57,'2018-03-15 16:08:53','2018-03-15 16:08:53'),(8388,8,290,57,'2018-03-15 16:08:53','2018-03-15 16:08:53'),(8389,7,291,57,'2018-03-15 16:08:53','2018-03-15 16:08:53'),(8390,8,291,57,'2018-03-15 16:08:53','2018-03-15 16:08:53'),(8391,7,337,59,'2018-03-15 16:08:53','2018-03-15 16:08:53'),(8392,8,337,59,'2018-03-15 16:08:53','2018-03-15 16:08:53'),(8393,3,337,59,'2018-03-15 16:08:53','2018-03-15 16:08:53'),(8394,1,337,59,'2018-03-15 16:08:53','2018-03-15 16:08:53'),(8395,7,340,59,'2018-03-15 16:08:53','2018-03-15 16:08:53'),(8396,8,340,59,'2018-03-15 16:08:53','2018-03-15 16:08:53'),(8397,3,340,59,'2018-03-15 16:08:53','2018-03-15 16:08:53'),(8398,1,340,59,'2018-03-15 16:08:53','2018-03-15 16:08:53'),(8399,7,405,59,'2018-03-15 16:08:53','2018-03-15 16:08:53'),(8400,8,405,59,'2018-03-15 16:08:53','2018-03-15 16:08:53'),(8401,7,225,59,'2018-03-15 16:08:53','2018-03-15 16:08:53'),(8402,8,225,59,'2018-03-15 16:08:53','2018-03-15 16:08:53'),(8403,3,225,59,'2018-03-15 16:08:53','2018-03-15 16:08:53'),(8404,1,225,59,'2018-03-15 16:08:53','2018-03-15 16:08:53'),(8405,7,345,60,'2018-03-15 16:08:53','2018-03-15 16:08:53'),(8406,8,345,60,'2018-03-15 16:08:53','2018-03-15 16:08:53'),(8407,4,345,60,'2018-03-15 16:08:53','2018-03-15 16:08:53'),(8408,3,345,60,'2018-03-15 16:08:54','2018-03-15 16:08:54'),(8409,1,345,60,'2018-03-15 16:08:54','2018-03-15 16:08:54'),(8410,9,345,60,'2018-03-15 16:08:54','2018-03-15 16:08:54'),(8411,7,391,60,'2018-03-15 16:08:54','2018-03-15 16:08:54'),(8412,8,391,60,'2018-03-15 16:08:54','2018-03-15 16:08:54'),(8413,3,391,60,'2018-03-15 16:08:54','2018-03-15 16:08:54'),(8414,1,391,60,'2018-03-15 16:08:54','2018-03-15 16:08:54'),(8415,7,250,60,'2018-03-15 16:08:54','2018-03-15 16:08:54'),(8416,8,250,60,'2018-03-15 16:08:54','2018-03-15 16:08:54'),(8417,1,250,60,'2018-03-15 16:08:54','2018-03-15 16:08:54'),(8418,7,371,60,'2018-03-15 16:08:54','2018-03-15 16:08:54'),(8419,8,371,60,'2018-03-15 16:08:54','2018-03-15 16:08:54'),(8420,2,371,60,'2018-03-15 16:08:54','2018-03-15 16:08:54'),(8421,7,409,61,'2018-03-15 16:08:54','2018-03-15 16:08:54'),(8422,8,409,61,'2018-03-15 16:08:54','2018-03-15 16:08:54'),(8423,3,409,61,'2018-03-15 16:08:54','2018-03-15 16:08:54'),(8424,1,409,61,'2018-03-15 16:08:54','2018-03-15 16:08:54'),(8425,7,320,62,'2018-03-15 16:08:54','2018-03-15 16:08:54'),(8426,8,320,62,'2018-03-15 16:08:54','2018-03-15 16:08:54'),(8427,2,320,62,'2018-03-15 16:08:54','2018-03-15 16:08:54'),(8428,1,320,62,'2018-03-15 16:08:54','2018-03-15 16:08:54'),(8433,7,254,62,'2018-03-15 16:08:54','2018-03-15 16:08:54'),(8434,8,254,62,'2018-03-15 16:08:54','2018-03-15 16:08:54'),(8435,1,254,62,'2018-03-15 16:08:54','2018-03-15 16:08:54'),(8436,7,280,62,'2018-03-15 16:08:54','2018-03-15 16:08:54'),(8437,8,280,62,'2018-03-15 16:08:54','2018-03-15 16:08:54'),(8438,3,280,62,'2018-03-15 16:08:54','2018-03-15 16:08:54'),(8462,7,385,63,'2018-03-15 16:08:54','2018-03-15 16:08:54'),(8463,8,385,63,'2018-03-15 16:08:54','2018-03-15 16:08:54'),(8464,3,385,63,'2018-03-15 16:08:54','2018-03-15 16:08:54'),(8465,1,385,63,'2018-03-15 16:08:54','2018-03-15 16:08:54'),(8466,9,385,63,'2018-03-15 16:08:54','2018-03-15 16:08:54'),(8467,7,239,63,'2018-03-15 16:08:55','2018-03-15 16:08:55'),(8468,8,239,63,'2018-03-15 16:08:55','2018-03-15 16:08:55'),(8469,7,279,63,'2018-03-15 16:08:55','2018-03-15 16:08:55'),(8470,8,279,63,'2018-03-15 16:08:55','2018-03-15 16:08:55'),(8471,3,279,63,'2018-03-15 16:08:55','2018-03-15 16:08:55'),(8472,1,279,63,'2018-03-15 16:08:55','2018-03-15 16:08:55'),(8481,7,204,63,'2018-03-15 16:08:55','2018-03-15 16:08:55'),(8482,8,204,63,'2018-03-15 16:08:55','2018-03-15 16:08:55'),(8483,2,204,63,'2018-03-15 16:08:55','2018-03-15 16:08:55'),(8484,1,204,63,'2018-03-15 16:08:55','2018-03-15 16:08:55'),(8513,7,6,64,'2018-03-15 16:08:55','2018-03-15 16:08:55'),(8514,8,6,64,'2018-03-15 16:08:55','2018-03-15 16:08:55'),(8515,3,6,64,'2018-03-15 16:08:55','2018-03-15 16:08:55'),(8516,1,6,64,'2018-03-15 16:08:55','2018-03-15 16:08:55'),(8517,8,324,64,'2018-03-15 16:08:55','2018-03-15 16:08:55'),(8518,2,324,64,'2018-03-15 16:08:55','2018-03-15 16:08:55'),(8569,7,281,65,'2018-03-15 16:08:56','2018-03-15 16:08:56'),(8570,8,281,65,'2018-03-15 16:08:56','2018-03-15 16:08:56'),(8571,3,281,65,'2018-03-15 16:08:56','2018-03-15 16:08:56'),(8572,7,323,65,'2018-03-15 16:08:56','2018-03-15 16:08:56'),(8573,8,323,65,'2018-03-15 16:08:56','2018-03-15 16:08:56'),(8574,2,323,65,'2018-03-15 16:08:56','2018-03-15 16:08:56'),(8575,1,323,65,'2018-03-15 16:08:56','2018-03-15 16:08:56'),(8576,7,255,65,'2018-03-15 16:08:56','2018-03-15 16:08:56'),(8577,8,255,65,'2018-03-15 16:08:56','2018-03-15 16:08:56'),(8578,1,255,65,'2018-03-15 16:08:56','2018-03-15 16:08:56'),(8590,7,256,66,'2018-03-15 16:08:56','2018-03-15 16:08:56'),(8591,8,256,66,'2018-03-15 16:08:56','2018-03-15 16:08:56'),(8592,1,256,66,'2018-03-15 16:08:56','2018-03-15 16:08:56'),(8593,7,325,66,'2018-03-15 16:08:56','2018-03-15 16:08:56'),(8594,8,325,66,'2018-03-15 16:08:56','2018-03-15 16:08:56'),(8595,2,325,66,'2018-03-15 16:08:56','2018-03-15 16:08:56'),(8596,7,234,66,'2018-03-15 16:08:56','2018-03-15 16:08:56'),(8597,8,234,66,'2018-03-15 16:08:56','2018-03-15 16:08:56'),(8598,3,234,66,'2018-03-15 16:08:56','2018-03-15 16:08:56'),(8599,7,352,66,'2018-03-15 16:08:56','2018-03-15 16:08:56'),(8600,8,352,66,'2018-03-15 16:08:56','2018-03-15 16:08:56'),(8601,3,352,66,'2018-03-15 16:08:56','2018-03-15 16:08:56'),(8607,7,329,67,'2018-03-15 16:08:56','2018-03-15 16:08:56'),(8608,8,329,67,'2018-03-15 16:08:56','2018-03-15 16:08:56'),(8609,2,329,67,'2018-03-15 16:08:56','2018-03-15 16:08:56'),(8610,1,329,67,'2018-03-15 16:08:56','2018-03-15 16:08:56'),(8611,7,259,67,'2018-03-15 16:08:56','2018-03-15 16:08:56'),(8612,8,259,67,'2018-03-15 16:08:56','2018-03-15 16:08:56'),(8613,1,259,67,'2018-03-15 16:08:57','2018-03-15 16:08:57'),(8614,7,283,67,'2018-03-15 16:08:57','2018-03-15 16:08:57'),(8615,8,283,67,'2018-03-15 16:08:57','2018-03-15 16:08:57'),(8616,3,283,67,'2018-03-15 16:08:57','2018-03-15 16:08:57'),(8617,7,372,67,'2018-03-15 16:08:57','2018-03-15 16:08:57'),(8618,8,372,67,'2018-03-15 16:08:57','2018-03-15 16:08:57'),(8619,9,372,67,'2018-03-15 16:08:57','2018-03-15 16:08:57'),(8620,7,292,67,'2018-03-15 16:08:57','2018-03-15 16:08:57'),(8621,8,292,67,'2018-03-15 16:08:57','2018-03-15 16:08:57'),(8622,7,258,69,'2018-03-15 16:08:57','2018-03-15 16:08:57'),(8623,8,258,69,'2018-03-15 16:08:57','2018-03-15 16:08:57'),(8624,1,258,69,'2018-03-15 16:08:57','2018-03-15 16:08:57'),(8625,7,282,69,'2018-03-15 16:08:57','2018-03-15 16:08:57'),(8626,8,282,69,'2018-03-15 16:08:57','2018-03-15 16:08:57'),(8627,3,282,69,'2018-03-15 16:08:57','2018-03-15 16:08:57'),(8628,7,284,71,'2018-03-15 16:08:57','2018-03-15 16:08:57'),(8629,8,284,71,'2018-03-15 16:08:57','2018-03-15 16:08:57'),(8630,3,284,71,'2018-03-15 16:08:57','2018-03-15 16:08:57'),(8631,1,284,71,'2018-03-15 16:08:57','2018-03-15 16:08:57'),(8632,7,327,71,'2018-03-15 16:08:57','2018-03-15 16:08:57'),(8633,8,327,71,'2018-03-15 16:08:57','2018-03-15 16:08:57'),(8634,2,327,71,'2018-03-15 16:08:57','2018-03-15 16:08:57'),(8635,1,327,71,'2018-03-15 16:08:57','2018-03-15 16:08:57'),(8636,7,257,71,'2018-03-15 16:08:57','2018-03-15 16:08:57'),(8637,8,257,71,'2018-03-15 16:08:57','2018-03-15 16:08:57'),(8638,1,257,71,'2018-03-15 16:08:57','2018-03-15 16:08:57'),(8639,7,286,73,'2018-03-15 16:08:57','2018-03-15 16:08:57'),(8640,8,286,73,'2018-03-15 16:08:57','2018-03-15 16:08:57'),(8641,3,286,73,'2018-03-15 16:08:57','2018-03-15 16:08:57'),(8642,1,286,73,'2018-03-15 16:08:57','2018-03-15 16:08:57'),(8643,7,52,74,'2018-03-15 16:08:57','2018-03-15 16:08:57'),(8644,8,52,74,'2018-03-15 16:08:57','2018-03-15 16:08:57'),(8645,2,52,74,'2018-03-15 16:08:57','2018-03-15 16:08:57'),(8646,7,58,74,'2018-03-15 16:08:57','2018-03-15 16:08:57'),(8647,8,58,74,'2018-03-15 16:08:57','2018-03-15 16:08:57'),(8648,7,64,74,'2018-03-15 16:08:57','2018-03-15 16:08:57'),(8649,8,64,74,'2018-03-15 16:08:57','2018-03-15 16:08:57'),(8650,1,64,74,'2018-03-15 16:08:57','2018-03-15 16:08:57'),(8651,7,65,74,'2018-03-15 16:08:57','2018-03-15 16:08:57'),(8652,8,65,74,'2018-03-15 16:08:57','2018-03-15 16:08:57'),(8653,7,71,74,'2018-03-15 16:08:57','2018-03-15 16:08:57'),(8654,8,71,74,'2018-03-15 16:08:57','2018-03-15 16:08:57'),(8655,1,71,74,'2018-03-15 16:08:57','2018-03-15 16:08:57'),(8656,7,72,74,'2018-03-15 16:08:57','2018-03-15 16:08:57'),(8657,8,72,74,'2018-03-15 16:08:57','2018-03-15 16:08:57'),(8658,7,74,74,'2018-03-15 16:08:57','2018-03-15 16:08:57'),(8659,8,74,74,'2018-03-15 16:08:57','2018-03-15 16:08:57'),(8660,7,76,74,'2018-03-15 16:08:57','2018-03-15 16:08:57'),(8661,8,76,74,'2018-03-15 16:08:57','2018-03-15 16:08:57'),(8662,3,76,74,'2018-03-15 16:08:57','2018-03-15 16:08:57'),(8663,7,77,74,'2018-03-15 16:08:57','2018-03-15 16:08:57'),(8664,8,77,74,'2018-03-15 16:08:57','2018-03-15 16:08:57'),(8665,7,78,74,'2018-03-15 16:08:57','2018-03-15 16:08:57'),(8666,8,78,74,'2018-03-15 16:08:57','2018-03-15 16:08:57'),(8667,7,115,74,'2018-03-15 16:08:57','2018-03-15 16:08:57'),(8668,8,115,74,'2018-03-15 16:08:57','2018-03-15 16:08:57'),(8669,2,115,74,'2018-03-15 16:08:57','2018-03-15 16:08:57'),(8670,7,167,74,'2018-03-15 16:08:57','2018-03-15 16:08:57'),(8671,8,167,74,'2018-03-15 16:08:57','2018-03-15 16:08:57'),(8677,7,186,76,'2018-03-15 16:08:58','2018-03-15 16:08:58'),(8678,8,186,76,'2018-03-15 16:08:58','2018-03-15 16:08:58'),(8679,1,186,76,'2018-03-15 16:08:58','2018-03-15 16:08:58'),(8680,7,186,4,'2018-03-15 16:08:58','2018-03-15 16:08:58'),(8681,8,186,4,'2018-03-15 16:08:58','2018-03-15 16:08:58'),(8682,7,80,76,'2018-03-15 16:08:58','2018-03-15 16:08:58'),(8683,8,80,76,'2018-03-15 16:08:58','2018-03-15 16:08:58'),(8684,7,80,4,'2018-03-15 16:08:58','2018-03-15 16:08:58'),(8685,8,80,4,'2018-03-15 16:08:58','2018-03-15 16:08:58'),(8686,7,81,76,'2018-03-15 16:08:58','2018-03-15 16:08:58'),(8687,8,81,76,'2018-03-15 16:08:58','2018-03-15 16:08:58'),(8688,3,81,76,'2018-03-15 16:08:58','2018-03-15 16:08:58'),(8689,7,81,4,'2018-03-15 16:08:58','2018-03-15 16:08:58'),(8690,8,81,4,'2018-03-15 16:08:58','2018-03-15 16:08:58'),(8691,7,165,76,'2018-03-15 16:08:58','2018-03-15 16:08:58'),(8692,8,165,76,'2018-03-15 16:08:58','2018-03-15 16:08:58'),(8693,2,165,76,'2018-03-15 16:08:58','2018-03-15 16:08:58'),(8694,7,165,4,'2018-03-15 16:08:58','2018-03-15 16:08:58'),(8695,8,165,4,'2018-03-15 16:08:58','2018-03-15 16:08:58'),(8696,7,166,4,'2018-03-15 16:08:58','2018-03-15 16:08:58'),(8697,8,166,4,'2018-03-15 16:08:58','2018-03-15 16:08:58'),(8698,7,271,77,'2018-03-15 16:08:58','2018-03-15 16:08:58'),(8699,8,271,77,'2018-03-15 16:08:58','2018-03-15 16:08:58'),(8700,1,271,77,'2018-03-15 16:08:58','2018-03-15 16:08:58'),(8701,7,271,6,'2018-03-15 16:08:58','2018-03-15 16:08:58'),(8702,8,271,6,'2018-03-15 16:08:58','2018-03-15 16:08:58'),(8703,7,66,77,'2018-03-15 16:08:58','2018-03-15 16:08:58'),(8704,8,66,77,'2018-03-15 16:08:58','2018-03-15 16:08:58'),(8705,7,66,6,'2018-03-15 16:08:58','2018-03-15 16:08:58'),(8706,8,66,6,'2018-03-15 16:08:58','2018-03-15 16:08:58'),(8707,7,89,77,'2018-03-15 16:08:58','2018-03-15 16:08:58'),(8708,8,89,77,'2018-03-15 16:08:58','2018-03-15 16:08:58'),(8709,7,89,6,'2018-03-15 16:08:58','2018-03-15 16:08:58'),(8710,8,89,6,'2018-03-15 16:08:58','2018-03-15 16:08:58'),(8711,7,90,77,'2018-03-15 16:08:58','2018-03-15 16:08:58'),(8712,8,90,77,'2018-03-15 16:08:58','2018-03-15 16:08:58'),(8713,7,90,6,'2018-03-15 16:08:58','2018-03-15 16:08:58'),(8714,8,90,6,'2018-03-15 16:08:58','2018-03-15 16:08:58'),(8715,7,107,77,'2018-03-15 16:08:58','2018-03-15 16:08:58'),(8716,8,107,77,'2018-03-15 16:08:58','2018-03-15 16:08:58'),(8717,2,107,77,'2018-03-15 16:08:58','2018-03-15 16:08:58'),(8718,7,107,6,'2018-03-15 16:08:58','2018-03-15 16:08:58'),(8719,8,107,6,'2018-03-15 16:08:58','2018-03-15 16:08:58'),(8720,7,153,6,'2018-03-15 16:08:58','2018-03-15 16:08:58'),(8721,8,153,6,'2018-03-15 16:08:58','2018-03-15 16:08:58'),(8722,7,154,77,'2018-03-15 16:08:58','2018-03-15 16:08:58'),(8723,8,154,77,'2018-03-15 16:08:58','2018-03-15 16:08:58'),(8724,2,154,77,'2018-03-15 16:08:58','2018-03-15 16:08:58'),(8725,7,154,6,'2018-03-15 16:08:58','2018-03-15 16:08:58'),(8726,8,154,6,'2018-03-15 16:08:58','2018-03-15 16:08:58'),(8727,7,30,78,'2018-03-15 16:08:58','2018-03-15 16:08:58'),(8728,8,30,78,'2018-03-15 16:08:58','2018-03-15 16:08:58'),(8729,3,30,78,'2018-03-15 16:08:58','2018-03-15 16:08:58'),(8730,1,30,78,'2018-03-15 16:08:58','2018-03-15 16:08:58'),(8731,7,30,8,'2018-03-15 16:08:58','2018-03-15 16:08:58'),(8732,8,30,8,'2018-03-15 16:08:58','2018-03-15 16:08:58'),(8733,3,30,8,'2018-03-15 16:08:58','2018-03-15 16:08:58'),(8734,7,9,78,'2018-03-15 16:08:58','2018-03-15 16:08:58'),(8735,8,9,78,'2018-03-15 16:08:58','2018-03-15 16:08:58'),(8736,2,9,78,'2018-03-15 16:08:58','2018-03-15 16:08:58'),(8737,1,9,78,'2018-03-15 16:08:58','2018-03-15 16:08:58'),(8738,7,9,8,'2018-03-15 16:08:58','2018-03-15 16:08:58'),(8739,8,9,8,'2018-03-15 16:08:58','2018-03-15 16:08:58'),(8740,7,33,78,'2018-03-15 16:08:58','2018-03-15 16:08:58'),(8741,8,33,78,'2018-03-15 16:08:58','2018-03-15 16:08:58'),(8742,7,33,8,'2018-03-15 16:08:59','2018-03-15 16:08:59'),(8743,8,33,8,'2018-03-15 16:08:59','2018-03-15 16:08:59'),(8744,7,108,78,'2018-03-15 16:08:59','2018-03-15 16:08:59'),(8745,8,108,78,'2018-03-15 16:08:59','2018-03-15 16:08:59'),(8746,1,108,78,'2018-03-15 16:08:59','2018-03-15 16:08:59'),(8747,7,108,8,'2018-03-15 16:08:59','2018-03-15 16:08:59'),(8748,8,108,8,'2018-03-15 16:08:59','2018-03-15 16:08:59'),(8749,7,109,78,'2018-03-15 16:08:59','2018-03-15 16:08:59'),(8750,8,109,78,'2018-03-15 16:08:59','2018-03-15 16:08:59'),(8751,7,109,8,'2018-03-15 16:08:59','2018-03-15 16:08:59'),(8752,8,109,8,'2018-03-15 16:08:59','2018-03-15 16:08:59'),(8753,7,114,8,'2018-03-15 16:08:59','2018-03-15 16:08:59'),(8754,8,114,8,'2018-03-15 16:08:59','2018-03-15 16:08:59'),(8755,8,174,8,'2018-03-15 16:08:59','2018-03-15 16:08:59'),(8756,7,155,8,'2018-03-15 16:08:59','2018-03-15 16:08:59'),(8757,8,155,8,'2018-03-15 16:08:59','2018-03-15 16:08:59'),(8758,7,156,78,'2018-03-15 16:08:59','2018-03-15 16:08:59'),(8759,8,156,78,'2018-03-15 16:08:59','2018-03-15 16:08:59'),(8760,7,156,8,'2018-03-15 16:08:59','2018-03-15 16:08:59'),(8761,8,156,8,'2018-03-15 16:08:59','2018-03-15 16:08:59'),(8762,8,190,8,'2018-03-15 16:08:59','2018-03-15 16:08:59'),(8763,7,197,78,'2018-03-15 16:08:59','2018-03-15 16:08:59'),(8764,8,197,78,'2018-03-15 16:08:59','2018-03-15 16:08:59'),(8765,7,197,8,'2018-03-15 16:08:59','2018-03-15 16:08:59'),(8766,8,197,8,'2018-03-15 16:08:59','2018-03-15 16:08:59'),(8767,7,199,8,'2018-03-15 16:08:59','2018-03-15 16:08:59'),(8768,8,199,8,'2018-03-15 16:08:59','2018-03-15 16:08:59'),(8769,7,184,79,'2018-03-15 16:08:59','2018-03-15 16:08:59'),(8770,8,184,79,'2018-03-15 16:08:59','2018-03-15 16:08:59'),(8771,2,184,79,'2018-03-15 16:08:59','2018-03-15 16:08:59'),(8772,1,184,79,'2018-03-15 16:08:59','2018-03-15 16:08:59'),(8773,7,184,10,'2018-03-15 16:08:59','2018-03-15 16:08:59'),(8774,8,184,10,'2018-03-15 16:08:59','2018-03-15 16:08:59'),(8775,2,184,10,'2018-03-15 16:08:59','2018-03-15 16:08:59'),(8837,7,11,82,'2018-03-15 16:09:00','2018-03-15 16:09:00'),(8838,8,11,82,'2018-03-15 16:09:00','2018-03-15 16:09:00'),(8839,1,11,82,'2018-03-15 16:09:00','2018-03-15 16:09:00'),(8840,8,110,82,'2018-03-15 16:09:00','2018-03-15 16:09:00'),(8841,8,116,82,'2018-03-15 16:09:00','2018-03-15 16:09:00'),(8842,7,163,82,'2018-03-15 16:09:00','2018-03-15 16:09:00'),(8843,8,163,82,'2018-03-15 16:09:00','2018-03-15 16:09:00'),(8844,1,163,82,'2018-03-15 16:09:00','2018-03-15 16:09:00'),(8845,7,171,82,'2018-03-15 16:09:00','2018-03-15 16:09:00'),(8846,8,171,82,'2018-03-15 16:09:00','2018-03-15 16:09:00'),(8847,3,171,82,'2018-03-15 16:09:00','2018-03-15 16:09:00'),(8848,7,266,82,'2018-03-15 16:09:00','2018-03-15 16:09:00'),(8849,8,266,82,'2018-03-15 16:09:00','2018-03-15 16:09:00'),(8850,1,266,82,'2018-03-15 16:09:00','2018-03-15 16:09:00'),(8851,7,37,84,'2018-03-15 16:09:00','2018-03-15 16:09:00'),(8852,8,37,84,'2018-03-15 16:09:00','2018-03-15 16:09:00'),(8853,3,37,84,'2018-03-15 16:09:00','2018-03-15 16:09:00'),(8854,1,37,84,'2018-03-15 16:09:00','2018-03-15 16:09:00'),(8855,9,37,84,'2018-03-15 16:09:00','2018-03-15 16:09:00'),(8856,7,24,84,'2018-03-15 16:09:00','2018-03-15 16:09:00'),(8857,8,24,84,'2018-03-15 16:09:00','2018-03-15 16:09:00'),(8858,1,24,84,'2018-03-15 16:09:00','2018-03-15 16:09:00'),(8859,7,25,84,'2018-03-15 16:09:00','2018-03-15 16:09:00'),(8860,8,25,84,'2018-03-15 16:09:00','2018-03-15 16:09:00'),(8861,1,25,84,'2018-03-15 16:09:00','2018-03-15 16:09:00'),(8862,7,34,84,'2018-03-15 16:09:00','2018-03-15 16:09:00'),(8863,8,34,84,'2018-03-15 16:09:00','2018-03-15 16:09:00'),(8864,3,34,84,'2018-03-15 16:09:00','2018-03-15 16:09:00'),(8865,7,35,84,'2018-03-15 16:09:00','2018-03-15 16:09:00'),(8866,8,35,84,'2018-03-15 16:09:00','2018-03-15 16:09:00'),(8867,2,35,84,'2018-03-15 16:09:00','2018-03-15 16:09:00'),(8868,7,38,84,'2018-03-15 16:09:00','2018-03-15 16:09:00'),(8869,8,38,84,'2018-03-15 16:09:00','2018-03-15 16:09:00'),(8870,7,94,84,'2018-03-15 16:09:00','2018-03-15 16:09:00'),(8871,8,94,84,'2018-03-15 16:09:00','2018-03-15 16:09:00'),(8872,7,95,84,'2018-03-15 16:09:00','2018-03-15 16:09:00'),(8873,8,95,84,'2018-03-15 16:09:00','2018-03-15 16:09:00'),(8874,7,121,84,'2018-03-15 16:09:01','2018-03-15 16:09:01'),(8875,8,121,84,'2018-03-15 16:09:01','2018-03-15 16:09:01'),(8876,7,122,84,'2018-03-15 16:09:01','2018-03-15 16:09:01'),(8877,8,122,84,'2018-03-15 16:09:01','2018-03-15 16:09:01'),(8878,7,138,84,'2018-03-15 16:09:01','2018-03-15 16:09:01'),(8879,8,138,84,'2018-03-15 16:09:01','2018-03-15 16:09:01'),(8880,7,139,84,'2018-03-15 16:09:01','2018-03-15 16:09:01'),(8881,8,139,84,'2018-03-15 16:09:01','2018-03-15 16:09:01'),(8882,7,142,84,'2018-03-15 16:09:01','2018-03-15 16:09:01'),(8883,8,142,84,'2018-03-15 16:09:01','2018-03-15 16:09:01'),(8884,7,151,84,'2018-03-15 16:09:01','2018-03-15 16:09:01'),(8885,8,151,84,'2018-03-15 16:09:01','2018-03-15 16:09:01'),(8886,7,377,86,'2018-03-15 16:09:01','2018-03-15 16:09:01'),(8887,8,377,86,'2018-03-15 16:09:01','2018-03-15 16:09:01'),(8888,1,377,86,'2018-03-15 16:09:01','2018-03-15 16:09:01'),(8889,7,377,26,'2018-03-15 16:09:01','2018-03-15 16:09:01'),(8890,8,377,26,'2018-03-15 16:09:01','2018-03-15 16:09:01'),(8891,1,377,26,'2018-03-15 16:09:01','2018-03-15 16:09:01'),(8892,7,36,86,'2018-03-15 16:09:01','2018-03-15 16:09:01'),(8893,8,36,86,'2018-03-15 16:09:01','2018-03-15 16:09:01'),(8894,2,36,86,'2018-03-15 16:09:01','2018-03-15 16:09:01'),(8895,7,36,26,'2018-03-15 16:09:01','2018-03-15 16:09:01'),(8896,8,36,26,'2018-03-15 16:09:01','2018-03-15 16:09:01'),(8897,7,92,86,'2018-03-15 16:09:01','2018-03-15 16:09:01'),(8898,8,92,86,'2018-03-15 16:09:01','2018-03-15 16:09:01'),(8899,3,92,86,'2018-03-15 16:09:01','2018-03-15 16:09:01'),(8900,7,92,26,'2018-03-15 16:09:02','2018-03-15 16:09:02'),(8901,8,92,26,'2018-03-15 16:09:02','2018-03-15 16:09:02'),(8902,7,128,86,'2018-03-15 16:09:02','2018-03-15 16:09:02'),(8903,8,128,86,'2018-03-15 16:09:02','2018-03-15 16:09:02'),(8904,7,128,26,'2018-03-15 16:09:02','2018-03-15 16:09:02'),(8905,8,128,26,'2018-03-15 16:09:02','2018-03-15 16:09:02'),(8906,7,157,86,'2018-03-15 16:09:02','2018-03-15 16:09:02'),(8907,8,157,86,'2018-03-15 16:09:02','2018-03-15 16:09:02'),(8908,7,157,26,'2018-03-15 16:09:02','2018-03-15 16:09:02'),(8909,8,157,26,'2018-03-15 16:09:02','2018-03-15 16:09:02'),(8910,7,39,87,'2018-03-15 16:09:02','2018-03-15 16:09:02'),(8911,8,39,87,'2018-03-15 16:09:02','2018-03-15 16:09:02'),(8912,1,39,87,'2018-03-15 16:09:02','2018-03-15 16:09:02'),(8913,7,39,27,'2018-03-15 16:09:02','2018-03-15 16:09:02'),(8914,8,39,27,'2018-03-15 16:09:02','2018-03-15 16:09:02'),(8915,1,39,27,'2018-03-15 16:09:02','2018-03-15 16:09:02'),(8916,7,40,87,'2018-03-15 16:09:02','2018-03-15 16:09:02'),(8917,8,40,87,'2018-03-15 16:09:02','2018-03-15 16:09:02'),(8918,3,40,87,'2018-03-15 16:09:02','2018-03-15 16:09:02'),(8919,7,40,27,'2018-03-15 16:09:02','2018-03-15 16:09:02'),(8920,8,40,27,'2018-03-15 16:09:02','2018-03-15 16:09:02'),(8921,7,47,87,'2018-03-15 16:09:02','2018-03-15 16:09:02'),(8922,8,47,87,'2018-03-15 16:09:02','2018-03-15 16:09:02'),(8923,2,47,87,'2018-03-15 16:09:02','2018-03-15 16:09:02'),(8924,7,47,27,'2018-03-15 16:09:02','2018-03-15 16:09:02'),(8925,8,47,27,'2018-03-15 16:09:02','2018-03-15 16:09:02'),(8926,7,112,87,'2018-03-15 16:09:02','2018-03-15 16:09:02'),(8927,8,112,87,'2018-03-15 16:09:02','2018-03-15 16:09:02'),(8928,2,112,87,'2018-03-15 16:09:02','2018-03-15 16:09:02'),(8929,7,112,27,'2018-03-15 16:09:02','2018-03-15 16:09:02'),(8930,8,112,27,'2018-03-15 16:09:02','2018-03-15 16:09:02'),(8931,7,209,88,'2018-03-15 16:09:02','2018-03-15 16:09:02'),(8932,8,209,88,'2018-03-15 16:09:02','2018-03-15 16:09:02'),(8933,3,209,88,'2018-03-15 16:09:02','2018-03-15 16:09:02'),(8934,1,209,88,'2018-03-15 16:09:02','2018-03-15 16:09:02'),(8935,8,209,28,'2018-03-15 16:09:02','2018-03-15 16:09:02'),(8936,8,210,28,'2018-03-15 16:09:02','2018-03-15 16:09:02'),(8937,7,13,88,'2018-03-15 16:09:02','2018-03-15 16:09:02'),(8938,8,13,88,'2018-03-15 16:09:02','2018-03-15 16:09:02'),(8939,1,13,88,'2018-03-15 16:09:02','2018-03-15 16:09:02'),(8940,8,13,28,'2018-03-15 16:09:02','2018-03-15 16:09:02'),(8941,7,182,88,'2018-03-15 16:09:02','2018-03-15 16:09:02'),(8942,8,182,88,'2018-03-15 16:09:02','2018-03-15 16:09:02'),(8943,7,182,28,'2018-03-15 16:09:02','2018-03-15 16:09:02'),(8944,8,182,28,'2018-03-15 16:09:02','2018-03-15 16:09:02'),(8945,7,211,89,'2018-03-15 16:09:02','2018-03-15 16:09:02'),(8946,8,211,89,'2018-03-15 16:09:02','2018-03-15 16:09:02'),(8947,3,211,89,'2018-03-15 16:09:02','2018-03-15 16:09:02'),(8948,1,211,89,'2018-03-15 16:09:03','2018-03-15 16:09:03'),(8949,7,211,29,'2018-03-15 16:09:03','2018-03-15 16:09:03'),(8950,8,211,29,'2018-03-15 16:09:03','2018-03-15 16:09:03'),(8951,3,211,29,'2018-03-15 16:09:03','2018-03-15 16:09:03'),(8952,1,211,29,'2018-03-15 16:09:03','2018-03-15 16:09:03'),(8953,7,201,89,'2018-03-15 16:09:03','2018-03-15 16:09:03'),(8954,8,201,89,'2018-03-15 16:09:03','2018-03-15 16:09:03'),(8955,2,201,89,'2018-03-15 16:09:03','2018-03-15 16:09:03'),(8956,1,201,89,'2018-03-15 16:09:03','2018-03-15 16:09:03'),(8957,7,201,29,'2018-03-15 16:09:03','2018-03-15 16:09:03'),(8958,8,201,29,'2018-03-15 16:09:03','2018-03-15 16:09:03'),(8959,2,201,29,'2018-03-15 16:09:03','2018-03-15 16:09:03'),(8960,1,201,29,'2018-03-15 16:09:03','2018-03-15 16:09:03'),(8986,7,56,92,'2018-03-15 16:09:03','2018-03-15 16:09:03'),(8987,8,56,92,'2018-03-15 16:09:03','2018-03-15 16:09:03'),(8988,3,56,92,'2018-03-15 16:09:03','2018-03-15 16:09:03'),(8989,1,56,92,'2018-03-15 16:09:03','2018-03-15 16:09:03'),(8990,7,97,92,'2018-03-15 16:09:03','2018-03-15 16:09:03'),(8991,8,97,92,'2018-03-15 16:09:03','2018-03-15 16:09:03'),(8992,7,99,92,'2018-03-15 16:09:03','2018-03-15 16:09:03'),(8993,8,99,92,'2018-03-15 16:09:03','2018-03-15 16:09:03'),(8994,7,178,92,'2018-03-15 16:09:04','2018-03-15 16:09:04'),(8995,8,178,92,'2018-03-15 16:09:04','2018-03-15 16:09:04'),(8996,7,85,93,'2018-03-15 16:09:04','2018-03-15 16:09:04'),(8997,8,85,93,'2018-03-15 16:09:04','2018-03-15 16:09:04'),(8998,2,85,93,'2018-03-15 16:09:04','2018-03-15 16:09:04'),(8999,1,85,93,'2018-03-15 16:09:04','2018-03-15 16:09:04'),(9000,7,85,44,'2018-03-15 16:09:04','2018-03-15 16:09:04'),(9001,8,85,44,'2018-03-15 16:09:04','2018-03-15 16:09:04'),(9002,7,168,93,'2018-03-15 16:09:04','2018-03-15 16:09:04'),(9003,8,168,93,'2018-03-15 16:09:04','2018-03-15 16:09:04'),(9004,3,168,93,'2018-03-15 16:09:04','2018-03-15 16:09:04'),(9005,7,168,44,'2018-03-15 16:09:04','2018-03-15 16:09:04'),(9006,8,168,44,'2018-03-15 16:09:04','2018-03-15 16:09:04'),(9007,7,61,94,'2018-03-15 16:09:04','2018-03-15 16:09:04'),(9008,8,61,94,'2018-03-15 16:09:04','2018-03-15 16:09:04'),(9009,3,61,94,'2018-03-15 16:09:04','2018-03-15 16:09:04'),(9010,1,61,94,'2018-03-15 16:09:04','2018-03-15 16:09:04'),(9011,7,61,45,'2018-03-15 16:09:04','2018-03-15 16:09:04'),(9012,8,61,45,'2018-03-15 16:09:04','2018-03-15 16:09:04'),(9013,7,83,94,'2018-03-15 16:09:04','2018-03-15 16:09:04'),(9014,8,83,94,'2018-03-15 16:09:04','2018-03-15 16:09:04'),(9015,3,83,94,'2018-03-15 16:09:04','2018-03-15 16:09:04'),(9016,1,83,94,'2018-03-15 16:09:04','2018-03-15 16:09:04'),(9017,7,83,45,'2018-03-15 16:09:04','2018-03-15 16:09:04'),(9018,8,83,45,'2018-03-15 16:09:04','2018-03-15 16:09:04'),(9019,7,84,94,'2018-03-15 16:09:04','2018-03-15 16:09:04'),(9020,8,84,94,'2018-03-15 16:09:04','2018-03-15 16:09:04'),(9021,2,84,94,'2018-03-15 16:09:04','2018-03-15 16:09:04'),(9022,7,84,45,'2018-03-15 16:09:04','2018-03-15 16:09:04'),(9023,8,84,45,'2018-03-15 16:09:04','2018-03-15 16:09:04'),(9024,7,111,94,'2018-03-15 16:09:04','2018-03-15 16:09:04'),(9025,8,111,94,'2018-03-15 16:09:04','2018-03-15 16:09:04'),(9026,1,111,94,'2018-03-15 16:09:04','2018-03-15 16:09:04'),(9027,7,111,45,'2018-03-15 16:09:04','2018-03-15 16:09:04'),(9028,8,111,45,'2018-03-15 16:09:04','2018-03-15 16:09:04'),(9029,7,141,45,'2018-03-15 16:09:04','2018-03-15 16:09:04'),(9030,8,141,45,'2018-03-15 16:09:04','2018-03-15 16:09:04'),(9031,7,170,94,'2018-03-15 16:09:04','2018-03-15 16:09:04'),(9032,8,170,94,'2018-03-15 16:09:04','2018-03-15 16:09:04'),(9033,7,170,45,'2018-03-15 16:09:04','2018-03-15 16:09:04'),(9034,8,170,45,'2018-03-15 16:09:04','2018-03-15 16:09:04'),(9035,7,179,94,'2018-03-15 16:09:05','2018-03-15 16:09:05'),(9036,8,179,94,'2018-03-15 16:09:05','2018-03-15 16:09:05'),(9037,7,179,45,'2018-03-15 16:09:05','2018-03-15 16:09:05'),(9038,8,179,45,'2018-03-15 16:09:05','2018-03-15 16:09:05'),(9039,7,193,45,'2018-03-15 16:09:05','2018-03-15 16:09:05'),(9040,8,193,45,'2018-03-15 16:09:05','2018-03-15 16:09:05'),(9041,7,330,95,'2018-03-15 16:09:05','2018-03-15 16:09:05'),(9042,8,330,95,'2018-03-15 16:09:05','2018-03-15 16:09:05'),(9043,3,330,95,'2018-03-15 16:09:05','2018-03-15 16:09:05'),(9044,1,330,95,'2018-03-15 16:09:05','2018-03-15 16:09:05'),(9045,7,330,46,'2018-03-15 16:09:05','2018-03-15 16:09:05'),(9046,8,330,46,'2018-03-15 16:09:05','2018-03-15 16:09:05'),(9047,3,330,46,'2018-03-15 16:09:05','2018-03-15 16:09:05'),(9048,1,330,46,'2018-03-15 16:09:05','2018-03-15 16:09:05'),(9049,7,331,95,'2018-03-15 16:09:05','2018-03-15 16:09:05'),(9050,8,331,95,'2018-03-15 16:09:05','2018-03-15 16:09:05'),(9051,3,331,95,'2018-03-15 16:09:05','2018-03-15 16:09:05'),(9052,1,331,95,'2018-03-15 16:09:05','2018-03-15 16:09:05'),(9053,7,331,46,'2018-03-15 16:09:05','2018-03-15 16:09:05'),(9054,8,331,46,'2018-03-15 16:09:05','2018-03-15 16:09:05'),(9055,3,331,46,'2018-03-15 16:09:05','2018-03-15 16:09:05'),(9056,1,331,46,'2018-03-15 16:09:05','2018-03-15 16:09:05'),(9057,7,10,95,'2018-03-15 16:09:05','2018-03-15 16:09:05'),(9058,8,10,95,'2018-03-15 16:09:05','2018-03-15 16:09:05'),(9059,1,10,95,'2018-03-15 16:09:05','2018-03-15 16:09:05'),(9060,7,10,46,'2018-03-15 16:09:05','2018-03-15 16:09:05'),(9061,8,10,46,'2018-03-15 16:09:05','2018-03-15 16:09:05'),(9062,1,10,46,'2018-03-15 16:09:05','2018-03-15 16:09:05'),(9063,8,50,95,'2018-03-15 16:09:05','2018-03-15 16:09:05'),(9064,8,50,46,'2018-03-15 16:09:05','2018-03-15 16:09:05'),(9065,8,87,95,'2018-03-15 16:09:05','2018-03-15 16:09:05'),(9066,8,87,46,'2018-03-15 16:09:05','2018-03-15 16:09:05'),(9067,7,117,95,'2018-03-15 16:09:05','2018-03-15 16:09:05'),(9068,8,117,95,'2018-03-15 16:09:05','2018-03-15 16:09:05'),(9069,8,117,46,'2018-03-15 16:09:05','2018-03-15 16:09:05'),(9070,8,175,46,'2018-03-15 16:09:05','2018-03-15 16:09:05'),(9071,7,172,95,'2018-03-15 16:09:05','2018-03-15 16:09:05'),(9072,8,172,95,'2018-03-15 16:09:05','2018-03-15 16:09:05'),(9073,7,172,46,'2018-03-15 16:09:05','2018-03-15 16:09:05'),(9074,8,172,46,'2018-03-15 16:09:05','2018-03-15 16:09:05'),(9075,8,194,46,'2018-03-15 16:09:05','2018-03-15 16:09:05'),(9076,7,86,96,'2018-03-15 16:09:05','2018-03-15 16:09:05'),(9077,8,86,96,'2018-03-15 16:09:05','2018-03-15 16:09:05'),(9078,2,86,96,'2018-03-15 16:09:05','2018-03-15 16:09:05'),(9079,1,86,96,'2018-03-15 16:09:05','2018-03-15 16:09:05'),(9080,7,86,47,'2018-03-15 16:09:05','2018-03-15 16:09:05'),(9081,8,86,47,'2018-03-15 16:09:05','2018-03-15 16:09:05'),(9082,7,118,47,'2018-03-15 16:09:05','2018-03-15 16:09:05'),(9083,8,118,47,'2018-03-15 16:09:05','2018-03-15 16:09:05'),(9084,7,152,96,'2018-03-15 16:09:05','2018-03-15 16:09:05'),(9085,8,152,96,'2018-03-15 16:09:05','2018-03-15 16:09:05'),(9086,2,152,96,'2018-03-15 16:09:05','2018-03-15 16:09:05'),(9087,1,152,96,'2018-03-15 16:09:05','2018-03-15 16:09:05'),(9088,7,152,47,'2018-03-15 16:09:05','2018-03-15 16:09:05'),(9089,8,152,47,'2018-03-15 16:09:05','2018-03-15 16:09:05'),(9090,7,44,97,'2018-03-15 16:09:05','2018-03-15 16:09:05'),(9091,8,44,97,'2018-03-15 16:09:05','2018-03-15 16:09:05'),(9092,3,44,97,'2018-03-15 16:09:05','2018-03-15 16:09:05'),(9093,1,44,97,'2018-03-15 16:09:05','2018-03-15 16:09:05'),(9094,7,44,48,'2018-03-15 16:09:05','2018-03-15 16:09:05'),(9095,8,44,48,'2018-03-15 16:09:05','2018-03-15 16:09:05'),(9096,7,54,48,'2018-03-15 16:09:06','2018-03-15 16:09:06'),(9097,8,54,48,'2018-03-15 16:09:06','2018-03-15 16:09:06'),(9098,7,88,97,'2018-03-15 16:09:06','2018-03-15 16:09:06'),(9099,8,88,97,'2018-03-15 16:09:06','2018-03-15 16:09:06'),(9100,2,88,97,'2018-03-15 16:09:06','2018-03-15 16:09:06'),(9101,7,88,48,'2018-03-15 16:09:06','2018-03-15 16:09:06'),(9102,8,88,48,'2018-03-15 16:09:06','2018-03-15 16:09:06'),(9103,7,169,97,'2018-03-15 16:09:06','2018-03-15 16:09:06'),(9104,8,169,97,'2018-03-15 16:09:06','2018-03-15 16:09:06'),(9105,7,169,48,'2018-03-15 16:09:06','2018-03-15 16:09:06'),(9106,8,169,48,'2018-03-15 16:09:06','2018-03-15 16:09:06'),(9107,7,177,98,'2018-03-15 16:09:06','2018-03-15 16:09:06'),(9108,8,177,98,'2018-03-15 16:09:06','2018-03-15 16:09:06'),(9109,3,177,98,'2018-03-15 16:09:06','2018-03-15 16:09:06'),(9110,1,177,98,'2018-03-15 16:09:06','2018-03-15 16:09:06'),(9111,7,376,99,'2018-03-15 16:09:06','2018-03-15 16:09:06'),(9112,8,376,99,'2018-03-15 16:09:06','2018-03-15 16:09:06'),(9113,1,376,99,'2018-03-15 16:09:06','2018-03-15 16:09:06'),(9114,8,376,62,'2018-03-15 16:09:06','2018-03-15 16:09:06'),(9115,7,212,99,'2018-03-15 16:09:06','2018-03-15 16:09:06'),(9116,8,212,99,'2018-03-15 16:09:06','2018-03-15 16:09:06'),(9117,2,212,99,'2018-03-15 16:09:06','2018-03-15 16:09:06'),(9118,7,212,62,'2018-03-15 16:09:06','2018-03-15 16:09:06'),(9119,8,212,62,'2018-03-15 16:09:06','2018-03-15 16:09:06'),(9120,8,48,99,'2018-03-15 16:09:06','2018-03-15 16:09:06'),(9121,8,48,62,'2018-03-15 16:09:06','2018-03-15 16:09:06'),(9122,7,104,99,'2018-03-15 16:09:06','2018-03-15 16:09:06'),(9123,8,104,99,'2018-03-15 16:09:06','2018-03-15 16:09:06'),(9124,3,104,99,'2018-03-15 16:09:06','2018-03-15 16:09:06'),(9125,9,104,99,'2018-03-15 16:09:06','2018-03-15 16:09:06'),(9126,7,104,62,'2018-03-15 16:09:06','2018-03-15 16:09:06'),(9127,8,104,62,'2018-03-15 16:09:06','2018-03-15 16:09:06'),(9128,9,104,62,'2018-03-15 16:09:06','2018-03-15 16:09:06'),(9129,8,113,62,'2018-03-15 16:09:06','2018-03-15 16:09:06'),(9130,8,129,62,'2018-03-15 16:09:06','2018-03-15 16:09:06'),(9131,7,181,99,'2018-03-15 16:09:06','2018-03-15 16:09:06'),(9132,8,181,99,'2018-03-15 16:09:06','2018-03-15 16:09:06'),(9133,7,181,62,'2018-03-15 16:09:06','2018-03-15 16:09:06'),(9134,8,181,62,'2018-03-15 16:09:06','2018-03-15 16:09:06'),(9135,8,214,99,'2018-03-15 16:09:06','2018-03-15 16:09:06'),(9136,7,214,62,'2018-03-15 16:09:06','2018-03-15 16:09:06'),(9137,8,214,62,'2018-03-15 16:09:07','2018-03-15 16:09:07'),(9138,7,203,100,'2018-03-15 16:09:07','2018-03-15 16:09:07'),(9139,8,203,100,'2018-03-15 16:09:07','2018-03-15 16:09:07'),(9140,2,203,100,'2018-03-15 16:09:07','2018-03-15 16:09:07'),(9141,1,203,100,'2018-03-15 16:09:07','2018-03-15 16:09:07'),(9142,7,203,63,'2018-03-15 16:09:07','2018-03-15 16:09:07'),(9143,8,203,63,'2018-03-15 16:09:07','2018-03-15 16:09:07'),(9144,2,203,63,'2018-03-15 16:09:07','2018-03-15 16:09:07'),(9145,1,203,63,'2018-03-15 16:09:07','2018-03-15 16:09:07'),(9146,7,62,100,'2018-03-15 16:09:07','2018-03-15 16:09:07'),(9147,8,62,100,'2018-03-15 16:09:07','2018-03-15 16:09:07'),(9148,7,62,63,'2018-03-15 16:09:07','2018-03-15 16:09:07'),(9149,8,62,63,'2018-03-15 16:09:07','2018-03-15 16:09:07'),(9150,7,103,100,'2018-03-15 16:09:07','2018-03-15 16:09:07'),(9151,8,103,100,'2018-03-15 16:09:07','2018-03-15 16:09:07'),(9152,3,103,100,'2018-03-15 16:09:07','2018-03-15 16:09:07'),(9153,7,103,63,'2018-03-15 16:09:07','2018-03-15 16:09:07'),(9154,8,103,63,'2018-03-15 16:09:07','2018-03-15 16:09:07'),(9155,7,124,100,'2018-03-15 16:09:07','2018-03-15 16:09:07'),(9156,8,124,100,'2018-03-15 16:09:07','2018-03-15 16:09:07'),(9157,7,124,63,'2018-03-15 16:09:07','2018-03-15 16:09:07'),(9158,8,124,63,'2018-03-15 16:09:07','2018-03-15 16:09:07'),(9159,7,125,100,'2018-03-15 16:09:07','2018-03-15 16:09:07'),(9160,8,125,100,'2018-03-15 16:09:07','2018-03-15 16:09:07'),(9161,3,125,100,'2018-03-15 16:09:07','2018-03-15 16:09:07'),(9162,7,125,63,'2018-03-15 16:09:07','2018-03-15 16:09:07'),(9163,8,125,63,'2018-03-15 16:09:07','2018-03-15 16:09:07'),(9164,7,150,63,'2018-03-15 16:09:07','2018-03-15 16:09:07'),(9165,8,150,63,'2018-03-15 16:09:07','2018-03-15 16:09:07'),(9166,7,26,101,'2018-03-15 16:09:07','2018-03-15 16:09:07'),(9167,8,26,101,'2018-03-15 16:09:07','2018-03-15 16:09:07'),(9168,3,26,101,'2018-03-15 16:09:07','2018-03-15 16:09:07'),(9169,1,26,101,'2018-03-15 16:09:07','2018-03-15 16:09:07'),(9170,7,26,64,'2018-03-15 16:09:07','2018-03-15 16:09:07'),(9171,8,26,64,'2018-03-15 16:09:07','2018-03-15 16:09:07'),(9172,3,26,64,'2018-03-15 16:09:07','2018-03-15 16:09:07'),(9173,1,26,64,'2018-03-15 16:09:07','2018-03-15 16:09:07'),(9174,7,42,101,'2018-03-15 16:09:07','2018-03-15 16:09:07'),(9175,8,42,101,'2018-03-15 16:09:07','2018-03-15 16:09:07'),(9176,7,42,64,'2018-03-15 16:09:07','2018-03-15 16:09:07'),(9177,8,42,64,'2018-03-15 16:09:07','2018-03-15 16:09:07'),(9178,7,55,101,'2018-03-15 16:09:07','2018-03-15 16:09:07'),(9179,8,55,101,'2018-03-15 16:09:07','2018-03-15 16:09:07'),(9180,7,55,64,'2018-03-15 16:09:07','2018-03-15 16:09:07'),(9181,8,55,64,'2018-03-15 16:09:07','2018-03-15 16:09:07'),(9182,7,59,101,'2018-03-15 16:09:07','2018-03-15 16:09:07'),(9183,8,59,101,'2018-03-15 16:09:07','2018-03-15 16:09:07'),(9184,7,59,64,'2018-03-15 16:09:07','2018-03-15 16:09:07'),(9185,8,59,64,'2018-03-15 16:09:07','2018-03-15 16:09:07'),(9186,7,60,101,'2018-03-15 16:09:07','2018-03-15 16:09:07'),(9187,8,60,101,'2018-03-15 16:09:07','2018-03-15 16:09:07'),(9188,7,60,64,'2018-03-15 16:09:07','2018-03-15 16:09:07'),(9189,8,60,64,'2018-03-15 16:09:07','2018-03-15 16:09:07'),(9190,7,100,101,'2018-03-15 16:09:07','2018-03-15 16:09:07'),(9191,8,100,101,'2018-03-15 16:09:07','2018-03-15 16:09:07'),(9192,7,100,64,'2018-03-15 16:09:07','2018-03-15 16:09:07'),(9193,8,100,64,'2018-03-15 16:09:07','2018-03-15 16:09:07'),(9194,7,101,101,'2018-03-15 16:09:07','2018-03-15 16:09:07'),(9195,8,101,101,'2018-03-15 16:09:07','2018-03-15 16:09:07'),(9196,7,101,64,'2018-03-15 16:09:07','2018-03-15 16:09:07'),(9197,8,101,64,'2018-03-15 16:09:07','2018-03-15 16:09:07'),(9198,7,102,64,'2018-03-15 16:09:07','2018-03-15 16:09:07'),(9199,8,102,64,'2018-03-15 16:09:07','2018-03-15 16:09:07'),(9200,7,126,101,'2018-03-15 16:09:07','2018-03-15 16:09:07'),(9201,8,126,101,'2018-03-15 16:09:07','2018-03-15 16:09:07'),(9202,7,126,64,'2018-03-15 16:09:07','2018-03-15 16:09:07'),(9203,8,126,64,'2018-03-15 16:09:07','2018-03-15 16:09:07'),(9204,7,127,64,'2018-03-15 16:09:07','2018-03-15 16:09:07'),(9205,8,127,64,'2018-03-15 16:09:07','2018-03-15 16:09:07'),(9206,7,144,101,'2018-03-15 16:09:07','2018-03-15 16:09:07'),(9207,8,144,101,'2018-03-15 16:09:07','2018-03-15 16:09:07'),(9208,7,144,64,'2018-03-15 16:09:07','2018-03-15 16:09:07'),(9209,8,144,64,'2018-03-15 16:09:07','2018-03-15 16:09:07'),(9210,7,145,64,'2018-03-15 16:09:07','2018-03-15 16:09:07'),(9211,8,145,64,'2018-03-15 16:09:08','2018-03-15 16:09:08'),(9212,7,176,64,'2018-03-15 16:09:08','2018-03-15 16:09:08'),(9213,8,176,64,'2018-03-15 16:09:08','2018-03-15 16:09:08'),(9214,7,196,64,'2018-03-15 16:09:08','2018-03-15 16:09:08'),(9215,8,196,64,'2018-03-15 16:09:08','2018-03-15 16:09:08'),(9216,7,46,102,'2018-03-15 16:09:08','2018-03-15 16:09:08'),(9217,8,46,102,'2018-03-15 16:09:08','2018-03-15 16:09:08'),(9218,2,46,102,'2018-03-15 16:09:08','2018-03-15 16:09:08'),(9219,1,46,102,'2018-03-15 16:09:08','2018-03-15 16:09:08'),(9220,7,46,65,'2018-03-15 16:09:08','2018-03-15 16:09:08'),(9221,8,46,65,'2018-03-15 16:09:08','2018-03-15 16:09:08'),(9222,2,46,65,'2018-03-15 16:09:08','2018-03-15 16:09:08'),(9223,1,46,65,'2018-03-15 16:09:08','2018-03-15 16:09:08'),(9224,7,63,102,'2018-03-15 16:09:08','2018-03-15 16:09:08'),(9225,8,63,102,'2018-03-15 16:09:08','2018-03-15 16:09:08'),(9226,7,63,65,'2018-03-15 16:09:08','2018-03-15 16:09:08'),(9227,8,63,65,'2018-03-15 16:09:08','2018-03-15 16:09:08'),(9228,7,106,102,'2018-03-15 16:09:08','2018-03-15 16:09:08'),(9229,8,106,102,'2018-03-15 16:09:08','2018-03-15 16:09:08'),(9230,3,106,102,'2018-03-15 16:09:08','2018-03-15 16:09:08'),(9231,9,106,102,'2018-03-15 16:09:08','2018-03-15 16:09:08'),(9232,7,106,65,'2018-03-15 16:09:08','2018-03-15 16:09:08'),(9233,8,106,65,'2018-03-15 16:09:08','2018-03-15 16:09:08'),(9234,9,106,65,'2018-03-15 16:09:08','2018-03-15 16:09:08'),(9235,7,180,103,'2018-03-15 16:09:08','2018-03-15 16:09:08'),(9236,8,180,103,'2018-03-15 16:09:08','2018-03-15 16:09:08'),(9237,1,180,103,'2018-03-15 16:09:08','2018-03-15 16:09:08'),(9238,7,180,66,'2018-03-15 16:09:08','2018-03-15 16:09:08'),(9239,8,180,66,'2018-03-15 16:09:08','2018-03-15 16:09:08'),(9240,7,183,104,'2018-03-15 16:09:08','2018-03-15 16:09:08'),(9241,8,183,104,'2018-03-15 16:09:08','2018-03-15 16:09:08'),(9242,1,183,104,'2018-03-15 16:09:08','2018-03-15 16:09:08'),(9290,7,296,80,'2018-03-15 16:09:09','2018-03-15 16:09:09'),(9291,8,296,80,'2018-03-15 16:09:09','2018-03-15 16:09:09'),(9292,2,296,80,'2018-03-15 16:09:09','2018-03-15 16:09:09'),(9293,1,296,80,'2018-03-15 16:09:09','2018-03-15 16:09:09'),(9294,7,296,11,'2018-03-15 16:09:09','2018-03-15 16:09:09'),(9295,8,296,11,'2018-03-15 16:09:09','2018-03-15 16:09:09'),(9296,2,296,11,'2018-03-15 16:09:09','2018-03-15 16:09:09'),(9297,1,296,11,'2018-03-15 16:09:09','2018-03-15 16:09:09'),(9298,7,82,80,'2018-03-15 16:09:09','2018-03-15 16:09:09'),(9299,8,82,80,'2018-03-15 16:09:09','2018-03-15 16:09:09'),(9300,3,82,80,'2018-03-15 16:09:09','2018-03-15 16:09:09'),(9301,7,82,11,'2018-03-15 16:09:09','2018-03-15 16:09:09'),(9302,8,82,11,'2018-03-15 16:09:09','2018-03-15 16:09:09'),(9303,7,105,80,'2018-03-15 16:09:09','2018-03-15 16:09:09'),(9304,8,105,80,'2018-03-15 16:09:09','2018-03-15 16:09:09'),(9305,7,105,11,'2018-03-15 16:09:09','2018-03-15 16:09:09'),(9306,8,105,11,'2018-03-15 16:09:09','2018-03-15 16:09:09'),(9307,7,146,80,'2018-03-15 16:09:09','2018-03-15 16:09:09'),(9308,8,146,80,'2018-03-15 16:09:09','2018-03-15 16:09:09'),(9309,3,146,80,'2018-03-15 16:09:09','2018-03-15 16:09:09'),(9310,7,146,11,'2018-03-15 16:09:09','2018-03-15 16:09:09'),(9311,8,146,11,'2018-03-15 16:09:09','2018-03-15 16:09:09'),(9312,7,147,80,'2018-03-15 16:09:09','2018-03-15 16:09:09'),(9313,8,147,80,'2018-03-15 16:09:09','2018-03-15 16:09:09'),(9314,7,147,11,'2018-03-15 16:09:09','2018-03-15 16:09:09'),(9315,8,147,11,'2018-03-15 16:09:09','2018-03-15 16:09:09'),(9316,7,191,80,'2018-03-15 16:09:09','2018-03-15 16:09:09'),(9317,8,191,80,'2018-03-15 16:09:09','2018-03-15 16:09:09'),(9318,8,191,11,'2018-03-15 16:09:09','2018-03-15 16:09:09'),(9319,7,57,90,'2018-03-15 16:09:09','2018-03-15 16:09:09'),(9320,8,57,90,'2018-03-15 16:09:09','2018-03-15 16:09:09'),(9321,1,57,90,'2018-03-15 16:09:09','2018-03-15 16:09:09'),(9322,8,57,30,'2018-03-15 16:09:09','2018-03-15 16:09:09'),(9323,8,195,90,'2018-03-15 16:09:09','2018-03-15 16:09:09'),(9324,8,195,30,'2018-03-15 16:09:09','2018-03-15 16:09:09'),(9325,7,200,90,'2018-03-15 16:09:09','2018-03-15 16:09:09'),(9326,8,200,90,'2018-03-15 16:09:09','2018-03-15 16:09:09'),(9327,1,200,90,'2018-03-15 16:09:09','2018-03-15 16:09:09'),(9328,8,200,30,'2018-03-15 16:09:09','2018-03-15 16:09:09'),(9329,7,22,114,'2018-03-15 16:09:09','2018-03-15 16:09:09'),(9330,8,22,114,'2018-03-15 16:09:09','2018-03-15 16:09:09'),(9331,1,22,114,'2018-03-15 16:09:09','2018-03-15 16:09:09'),(9332,7,273,114,'2018-03-15 16:09:09','2018-03-15 16:09:09'),(9333,8,273,114,'2018-03-15 16:09:09','2018-03-15 16:09:09'),(9334,3,273,114,'2018-03-15 16:09:09','2018-03-15 16:09:09'),(9335,7,202,91,'2018-03-15 16:09:09','2018-03-15 16:09:09'),(9336,8,202,91,'2018-03-15 16:09:09','2018-03-15 16:09:09'),(9337,2,202,91,'2018-03-15 16:09:09','2018-03-15 16:09:09'),(9338,1,202,91,'2018-03-15 16:09:09','2018-03-15 16:09:09'),(9339,7,202,114,'2018-03-15 16:09:09','2018-03-15 16:09:09'),(9340,8,202,114,'2018-03-15 16:09:09','2018-03-15 16:09:09'),(9341,2,202,114,'2018-03-15 16:09:09','2018-03-15 16:09:09'),(9342,7,161,91,'2018-03-15 16:09:09','2018-03-15 16:09:09'),(9343,8,161,91,'2018-03-15 16:09:09','2018-03-15 16:09:09'),(9344,7,161,114,'2018-03-15 16:09:09','2018-03-15 16:09:09'),(9345,8,161,114,'2018-03-15 16:09:09','2018-03-15 16:09:09'),(9346,7,162,91,'2018-03-15 16:09:09','2018-03-15 16:09:09'),(9347,8,162,91,'2018-03-15 16:09:09','2018-03-15 16:09:09'),(9348,7,162,114,'2018-03-15 16:09:09','2018-03-15 16:09:09'),(9349,8,162,114,'2018-03-15 16:09:09','2018-03-15 16:09:09'),(9350,7,51,116,'2018-03-15 16:09:09','2018-03-15 16:09:09'),(9351,8,51,116,'2018-03-15 16:09:09','2018-03-15 16:09:09'),(9352,3,51,116,'2018-03-15 16:09:09','2018-03-15 16:09:09'),(9353,1,51,116,'2018-03-15 16:09:10','2018-03-15 16:09:10'),(9354,7,119,117,'2018-03-15 16:09:10','2018-03-15 16:09:10'),(9355,8,119,117,'2018-03-15 16:09:10','2018-03-15 16:09:10'),(9356,3,119,117,'2018-03-15 16:09:10','2018-03-15 16:09:10'),(9357,1,119,117,'2018-03-15 16:09:10','2018-03-15 16:09:10'),(9358,7,119,50,'2018-03-15 16:09:10','2018-03-15 16:09:10'),(9359,8,119,50,'2018-03-15 16:09:10','2018-03-15 16:09:10'),(9360,7,148,117,'2018-03-15 16:09:10','2018-03-15 16:09:10'),(9361,8,148,117,'2018-03-15 16:09:10','2018-03-15 16:09:10'),(9362,3,148,117,'2018-03-15 16:09:10','2018-03-15 16:09:10'),(9363,1,148,117,'2018-03-15 16:09:10','2018-03-15 16:09:10'),(9364,7,148,50,'2018-03-15 16:09:10','2018-03-15 16:09:10'),(9365,8,148,50,'2018-03-15 16:09:10','2018-03-15 16:09:10'),(9366,7,173,118,'2018-03-15 16:09:10','2018-03-15 16:09:10'),(9367,8,173,118,'2018-03-15 16:09:10','2018-03-15 16:09:10'),(9368,3,173,118,'2018-03-15 16:09:10','2018-03-15 16:09:10'),(9369,1,173,118,'2018-03-15 16:09:10','2018-03-15 16:09:10'),(9370,7,173,9,'2018-03-15 16:09:10','2018-03-15 16:09:10'),(9371,8,173,9,'2018-03-15 16:09:10','2018-03-15 16:09:10'),(9372,7,187,119,'2018-03-15 16:09:10','2018-03-15 16:09:10'),(9373,8,187,119,'2018-03-15 16:09:10','2018-03-15 16:09:10'),(9374,1,187,119,'2018-03-15 16:09:10','2018-03-15 16:09:10'),(9375,7,232,121,'2018-03-15 16:09:10','2018-03-15 16:09:10'),(9376,8,232,121,'2018-03-15 16:09:10','2018-03-15 16:09:10'),(9377,3,232,121,'2018-03-15 16:09:10','2018-03-15 16:09:10'),(9378,1,232,121,'2018-03-15 16:09:10','2018-03-15 16:09:10'),(9379,9,232,121,'2018-03-15 16:09:10','2018-03-15 16:09:10'),(9380,7,373,121,'2018-03-15 16:09:10','2018-03-15 16:09:10'),(9381,8,373,121,'2018-03-15 16:09:10','2018-03-15 16:09:10'),(9382,3,373,121,'2018-03-15 16:09:10','2018-03-15 16:09:10'),(9383,1,373,121,'2018-03-15 16:09:10','2018-03-15 16:09:10'),(9384,9,373,121,'2018-03-15 16:09:10','2018-03-15 16:09:10'),(9385,7,237,122,'2018-03-15 16:09:10','2018-03-15 16:09:10'),(9386,8,237,122,'2018-03-15 16:09:10','2018-03-15 16:09:10'),(9387,2,237,122,'2018-03-15 16:09:10','2018-03-15 16:09:10'),(9388,1,237,122,'2018-03-15 16:09:10','2018-03-15 16:09:10'),(9389,7,238,122,'2018-03-15 16:09:10','2018-03-15 16:09:10'),(9390,8,238,122,'2018-03-15 16:09:10','2018-03-15 16:09:10'),(9391,3,238,122,'2018-03-15 16:09:10','2018-03-15 16:09:10'),(9392,7,380,123,'2018-03-15 16:09:10','2018-03-15 16:09:10'),(9393,8,380,123,'2018-03-15 16:09:10','2018-03-15 16:09:10'),(9394,3,380,123,'2018-03-15 16:09:10','2018-03-15 16:09:10'),(9395,1,380,123,'2018-03-15 16:09:10','2018-03-15 16:09:10'),(9396,7,45,81,'2018-03-15 16:09:10','2018-03-15 16:09:10'),(9397,8,45,81,'2018-03-15 16:09:10','2018-03-15 16:09:10'),(9398,3,45,81,'2018-03-15 16:09:10','2018-03-15 16:09:10'),(9399,1,45,81,'2018-03-15 16:09:10','2018-03-15 16:09:10'),(9400,7,45,123,'2018-03-15 16:09:10','2018-03-15 16:09:10'),(9401,8,45,123,'2018-03-15 16:09:10','2018-03-15 16:09:10'),(9402,7,297,81,'2018-03-15 16:09:10','2018-03-15 16:09:10'),(9403,8,297,81,'2018-03-15 16:09:10','2018-03-15 16:09:10'),(9404,2,297,81,'2018-03-15 16:09:11','2018-03-15 16:09:11'),(9405,1,297,81,'2018-03-15 16:09:11','2018-03-15 16:09:11'),(9406,7,297,123,'2018-03-15 16:09:11','2018-03-15 16:09:11'),(9407,8,297,123,'2018-03-15 16:09:11','2018-03-15 16:09:11'),(9408,2,297,123,'2018-03-15 16:09:11','2018-03-15 16:09:11'),(9409,1,297,123,'2018-03-15 16:09:11','2018-03-15 16:09:11'),(9410,7,158,81,'2018-03-15 16:09:11','2018-03-15 16:09:11'),(9411,8,158,81,'2018-03-15 16:09:11','2018-03-15 16:09:11'),(9412,7,158,123,'2018-03-15 16:09:11','2018-03-15 16:09:11'),(9413,8,158,123,'2018-03-15 16:09:11','2018-03-15 16:09:11'),(9414,7,159,81,'2018-03-15 16:09:11','2018-03-15 16:09:11'),(9415,8,159,81,'2018-03-15 16:09:11','2018-03-15 16:09:11'),(9416,7,159,123,'2018-03-15 16:09:11','2018-03-15 16:09:11'),(9417,8,159,123,'2018-03-15 16:09:11','2018-03-15 16:09:11'),(9418,7,192,81,'2018-03-15 16:09:11','2018-03-15 16:09:11'),(9419,8,192,81,'2018-03-15 16:09:11','2018-03-15 16:09:11'),(9420,7,192,123,'2018-03-15 16:09:11','2018-03-15 16:09:11'),(9421,8,192,123,'2018-03-15 16:09:11','2018-03-15 16:09:11'),(9422,7,215,81,'2018-03-15 16:09:11','2018-03-15 16:09:11'),(9423,8,215,81,'2018-03-15 16:09:11','2018-03-15 16:09:11'),(9424,1,215,81,'2018-03-15 16:09:11','2018-03-15 16:09:11'),(9425,7,215,123,'2018-03-15 16:09:11','2018-03-15 16:09:11'),(9426,8,215,123,'2018-03-15 16:09:11','2018-03-15 16:09:11'),(9427,1,215,123,'2018-03-15 16:09:11','2018-03-15 16:09:11'),(9428,7,384,124,'2018-03-15 16:09:11','2018-03-15 16:09:11'),(9429,8,384,124,'2018-03-15 16:09:11','2018-03-15 16:09:11'),(9430,3,384,124,'2018-03-15 16:09:11','2018-03-15 16:09:11'),(9431,1,384,124,'2018-03-15 16:09:11','2018-03-15 16:09:11'),(9432,7,410,2,'2018-03-15 17:20:30','2018-03-15 17:20:30'),(9433,8,410,2,'2018-03-15 17:20:30','2018-03-15 17:20:30'),(9434,3,410,2,'2018-03-15 17:20:30','2018-03-15 17:20:30'),(9435,1,410,2,'2018-03-15 17:20:30','2018-03-15 17:20:30'),(9436,9,410,2,'2018-03-15 17:20:30','2018-03-15 17:20:30'),(9437,3,301,2,'2018-03-15 17:20:30','2018-03-15 17:20:30'),(9438,1,301,2,'2018-03-15 17:20:30','2018-03-15 17:20:30'),(9439,9,301,2,'2018-03-15 17:20:30','2018-03-15 17:20:30'),(9440,7,1,2,'2018-03-15 17:20:30','2018-03-15 17:20:30'),(9441,8,1,2,'2018-03-15 17:20:30','2018-03-15 17:20:30'),(9442,1,1,2,'2018-03-15 17:20:30','2018-03-15 17:20:30'),(9443,7,223,2,'2018-03-15 17:20:30','2018-03-15 17:20:30'),(9444,8,223,2,'2018-03-15 17:20:30','2018-03-15 17:20:30'),(9445,3,223,2,'2018-03-15 17:20:30','2018-03-15 17:20:30'),(9446,7,294,2,'2018-03-15 17:20:30','2018-03-15 17:20:30'),(9447,8,294,2,'2018-03-15 17:20:30','2018-03-15 17:20:30'),(9448,2,294,2,'2018-03-15 17:20:30','2018-03-15 17:20:30'),(9449,7,188,75,'2018-03-15 17:20:30','2018-03-15 17:20:30'),(9450,8,188,75,'2018-03-15 17:20:30','2018-03-15 17:20:30'),(9451,1,188,75,'2018-03-15 17:20:30','2018-03-15 17:20:30'),(9452,7,188,2,'2018-03-15 17:20:30','2018-03-15 17:20:30'),(9453,8,188,2,'2018-03-15 17:20:30','2018-03-15 17:20:30'),(9454,7,240,2,'2018-03-15 17:20:30','2018-03-15 17:20:30'),(9455,8,240,2,'2018-03-15 17:20:30','2018-03-15 17:20:30'),(9456,7,399,2,'2018-03-15 17:20:30','2018-03-15 17:20:30'),(9457,8,399,2,'2018-03-15 17:20:30','2018-03-15 17:20:30'),(9458,7,361,2,'2018-03-15 17:20:30','2018-03-15 17:20:30'),(9459,8,361,2,'2018-03-15 17:20:30','2018-03-15 17:20:30'),(9460,7,411,32,'2018-03-15 17:20:30','2018-03-15 17:20:30'),(9461,8,411,32,'2018-03-15 17:20:30','2018-03-15 17:20:30'),(9462,3,411,32,'2018-03-15 17:20:30','2018-03-15 17:20:30'),(9463,1,411,32,'2018-03-15 17:20:30','2018-03-15 17:20:30'),(9464,9,411,32,'2018-03-15 17:20:30','2018-03-15 17:20:30'),(9465,7,207,32,'2018-03-15 17:20:30','2018-03-15 17:20:30'),(9466,8,207,32,'2018-03-15 17:20:30','2018-03-15 17:20:30'),(9467,7,319,32,'2018-03-15 17:20:31','2018-03-15 17:20:31'),(9468,8,319,32,'2018-03-15 17:20:31','2018-03-15 17:20:31'),(9469,2,319,32,'2018-03-15 17:20:31','2018-03-15 17:20:31'),(9470,7,412,19,'2018-03-15 17:20:31','2018-03-15 17:20:31'),(9471,8,412,19,'2018-03-15 17:20:31','2018-03-15 17:20:31'),(9472,3,412,19,'2018-03-15 17:20:31','2018-03-15 17:20:31'),(9473,9,412,19,'2018-03-15 17:20:31','2018-03-15 17:20:31'),(9474,7,393,19,'2018-03-15 17:20:31','2018-03-15 17:20:31'),(9475,8,393,19,'2018-03-15 17:20:31','2018-03-15 17:20:31'),(9476,3,393,19,'2018-03-15 17:20:31','2018-03-15 17:20:31'),(9477,7,348,19,'2018-03-15 17:20:31','2018-03-15 17:20:31'),(9478,8,348,19,'2018-03-15 17:20:31','2018-03-15 17:20:31'),(9479,2,348,19,'2018-03-15 17:20:31','2018-03-15 17:20:31');
/*!40000 ALTER TABLE `result_record` ENABLE KEYS */;
UNLOCK TABLES;

--
-- Table structure for table `results`
--

DROP TABLE IF EXISTS `results`;
/*!40101 SET @saved_cs_client     = @@character_set_client */;
/*!40101 SET character_set_client = utf8 */;
CREATE TABLE `results` (
  `id` int(10) unsigned NOT NULL AUTO_INCREMENT,
  `position` varchar(191) COLLATE utf8mb4_unicode_ci NOT NULL,
  `overall` varchar(191) COLLATE utf8mb4_unicode_ci DEFAULT NULL,
  `mark` varchar(191) COLLATE utf8mb4_unicode_ci NOT NULL,
  `wind` double(8,2) DEFAULT NULL,
  `date` date NOT NULL,
  `score` int(11) DEFAULT NULL,
  `is_recordable` tinyint(1) NOT NULL DEFAULT '1',
  `race` varchar(191) COLLATE utf8mb4_unicode_ci NOT NULL,
  `status` tinyint(1) NOT NULL DEFAULT '0',
  `age` int(10) unsigned NOT NULL,
  `event_id` int(10) unsigned NOT NULL,
  `athlete_id` int(10) unsigned NOT NULL,
  `competition_id` int(10) unsigned NOT NULL,
  `created_at` timestamp NULL DEFAULT NULL,
  `updated_at` timestamp NULL DEFAULT NULL,
  PRIMARY KEY (`id`),
  KEY `results_event_id_foreign` (`event_id`),
  KEY `results_athlete_id_foreign` (`athlete_id`),
  KEY `results_competition_id_foreign` (`competition_id`),
  CONSTRAINT `results_athlete_id_foreign` FOREIGN KEY (`athlete_id`) REFERENCES `athletes` (`id`),
  CONSTRAINT `results_competition_id_foreign` FOREIGN KEY (`competition_id`) REFERENCES `competitions` (`id`),
  CONSTRAINT `results_event_id_foreign` FOREIGN KEY (`event_id`) REFERENCES `events` (`id`)
) ENGINE=InnoDB AUTO_INCREMENT=416 DEFAULT CHARSET=utf8mb4 COLLATE=utf8mb4_unicode_ci;
/*!40101 SET character_set_client = @saved_cs_client */;

--
-- Dumping data for table `results`
--

LOCK TABLES `results` WRITE;
/*!40000 ALTER TABLE `results` DISABLE KEYS */;
INSERT INTO `results` VALUES (1,'1',NULL,'00:00:10.11',1.50,'1996-05-25',1169,1,'Τελικός',1,29,2,1,13,'2018-01-02 10:16:17','2018-02-05 21:25:47'),(2,'3',NULL,'2.35',NULL,'2007-08-29',1224,1,'Τελικός',1,23,45,18,14,'2018-01-03 11:18:24','2018-01-03 21:10:24'),(3,'18',NULL,'02:19:51.00',NULL,'1982-10-08',992,1,'Τελικός',1,28,15,13,15,'2018-01-03 21:30:27','2018-01-03 21:30:44'),(4,'1',NULL,'00:00:11.25',1.10,'2016-06-18',1146,1,'Τελικός',1,27,25,3,17,'2018-01-04 13:07:27','2018-01-04 13:08:50'),(5,'6',NULL,'00:00:22.61',0.10,'2010-07-31',1174,1,'Τελικός',1,24,26,4,18,'2018-01-04 13:15:44','2018-01-04 13:15:55'),(6,'2',NULL,'4.45',NULL,'2009-06-30',1099,1,'Τελικός',1,19,64,31,19,'2018-01-04 13:24:22','2018-01-04 13:24:45'),(7,'1',NULL,'00:00:51.61',NULL,'2017-07-01',1142,1,'Τελικός',1,31,27,4,20,'2018-01-06 13:31:39','2018-01-06 13:32:24'),(8,'6',NULL,'00:02:02.10',NULL,'2016-05-28',1125,1,'Τελικός',1,25,28,5,21,'2018-01-06 13:39:12','2018-01-21 16:53:24'),(9,'2',NULL,'00:01:49.30',NULL,'2015-02-21',1101,1,'Τελικός',1,22,78,38,22,'2018-01-06 17:06:11','2018-02-05 21:25:47'),(10,'3',NULL,'5.61',NULL,'2017-02-25',1160,1,'Τελικός',1,28,95,20,23,'2018-01-07 09:52:45','2018-02-05 21:25:47'),(11,'1',NULL,'00:00:07.56',NULL,'2017-03-03',1184,1,'2η Σειρά',1,25,82,14,24,'2018-01-07 10:07:23','2018-01-21 17:03:33'),(12,'6',NULL,'00:00:07.60',NULL,'2017-03-03',1171,1,'Τελικός',1,25,82,14,24,'2018-01-07 10:09:13','2018-02-05 21:25:47'),(13,'2',NULL,'00:02:06.52',NULL,'2017-02-25',1081,1,'Τελικός',1,26,88,5,23,'2018-01-07 10:14:30','2018-02-05 21:25:47'),(14,'12',NULL,'00:03:39.50',NULL,'2016-06-03',1113,1,'Τελικός',1,28,11,11,25,'2018-01-09 08:30:29','2018-02-05 21:25:47'),(15,'6',NULL,'00:00:46.16',NULL,'1999-07-10',1101,1,'Ημιτελικός 2',1,27,6,9,26,'2018-01-09 09:05:25','2018-02-07 21:19:50'),(16,'1',NULL,'00:00:20.37',1.90,'1998-07-19',1162,1,'Τελικός',1,23,4,2,27,'2018-01-09 09:47:09','2018-01-30 12:41:54'),(17,'1',NULL,'00:00:13.25',-0.90,'2009-06-06',1116,1,'Τελικός',1,27,37,7,28,'2018-01-09 18:49:37','2018-01-09 18:53:41'),(18,'1',NULL,'65.69',NULL,'2016-05-28',1165,1,'Τελικός',1,31,57,22,29,'2018-01-09 19:02:59','2018-02-05 21:25:47'),(19,'1',NULL,'75.32',NULL,'2015-05-16',1122,1,'Τελικός',1,28,51,24,30,'2018-01-09 19:09:04','2018-02-05 21:25:47'),(20,'2',NULL,'00:04:11.28',NULL,'2016-07-30',1117,1,'Τελικός',1,25,30,5,31,'2018-01-09 19:17:21','2018-01-09 19:18:34'),(21,'2',NULL,'00:00:13.25',0.00,'2017-07-09',1206,1,'Τελικός',1,25,16,14,32,'2018-01-11 12:37:26','2018-02-05 21:25:47'),(22,'11',NULL,'00:09:02.18',NULL,'1988-09-23',1098,1,'1η Σειρά',1,25,114,6,33,'2018-01-11 12:46:25','2018-01-21 17:01:55'),(23,'12',NULL,'00:32:59.30',NULL,'1988-09-26',1087,1,'2η Σειρά',1,25,34,6,33,'2018-01-11 12:49:16','2018-01-21 17:00:44'),(24,'1',NULL,'00:00:07.33',NULL,'2014-02-08',1107,1,'4η Σειρά',1,25,84,3,34,'2018-01-14 09:42:11','2018-01-21 16:59:52'),(25,'2',NULL,'00:00:07.33',NULL,'2014-02-08',1107,1,'Τελικός',1,25,84,3,34,'2018-01-14 09:45:13','2018-01-14 09:51:34'),(26,'N/A',NULL,'4.41',NULL,'2009-02-21',1086,1,'N/A',1,19,101,31,35,'2018-01-14 10:21:58','2018-01-14 10:22:31'),(27,'N/A',NULL,'00:01:47.17',NULL,'1983-09-15',1108,1,'N/A',1,25,8,10,36,'2018-01-14 10:34:10','2018-01-14 10:35:19'),(28,'4',NULL,'00:08:24.01',NULL,'1983-09-15',1149,1,'Τελικός',1,27,12,12,36,'2018-01-14 10:43:47','2018-01-14 10:44:32'),(29,'N/A',NULL,'00:01:47.88',NULL,'1979-05-21',1087,1,'N/A',1,21,8,103,37,'2018-01-15 12:11:15','2018-01-15 12:11:31'),(30,'1',NULL,'00:01:51.84',NULL,'2012-02-04',1027,1,'Τελικός',1,19,78,38,38,'2018-01-16 12:29:00','2018-01-16 13:12:26'),(31,'N/A',NULL,'00:01:54.9H',NULL,'1973-10-28',NULL,1,'N/A',1,15,8,103,39,'2018-01-16 12:56:25','2018-02-05 10:26:37'),(32,'5',NULL,'00:01:49.39',NULL,'2012-06-02',1044,1,'Τελικός',1,19,8,38,40,'2018-01-16 13:03:24','2018-01-16 13:12:26'),(33,'5',NULL,'00:01:56.65',NULL,'2018-01-12',847,1,'Τελικός',1,22,78,104,41,'2018-01-16 13:40:42','2018-01-16 13:43:16'),(34,'2',NULL,'00:00:07.48',NULL,'2015-02-15',1058,1,'4η Σειρά',1,18,84,45,42,'2018-01-16 14:13:35','2018-01-21 16:59:16'),(35,'N/A',NULL,'00:00:07.41',NULL,'2016-02-06',1081,1,'N/A',1,20,84,79,43,'2018-01-16 17:02:28','2018-01-16 17:23:22'),(36,'N/A',NULL,'00:00:24.28',NULL,'2016-02-06',1057,1,'N/A',1,20,86,79,43,'2018-01-16 17:03:32','2018-01-16 17:23:22'),(37,'N/A',NULL,'00:00:07.50',NULL,'2013-02-10',1052,1,'N/A',1,16,84,45,44,'2018-01-16 17:14:18','2018-01-16 17:23:23'),(38,'1',NULL,'00:00:07.42',NULL,'2018-01-12',1078,1,'4η Σειρά',1,22,84,50,45,'2018-01-16 17:22:36','2018-01-21 16:58:41'),(39,'N/A',NULL,'00:00:52.91',NULL,'2004-02-08',1125,1,'N/A',1,31,87,8,46,'2018-01-18 10:43:41','2018-01-18 10:44:24'),(40,'N/A',NULL,'00:00:57.90',NULL,'2016-02-19',943,1,'N/A',1,19,87,78,47,'2018-01-18 10:52:59','2018-01-18 10:55:03'),(41,'3',NULL,'00:00:57.40',NULL,'2018-01-13',NULL,0,'3η Σειρά',1,21,87,78,48,'2018-01-18 11:02:05','2018-01-21 16:57:14'),(42,'3',NULL,'3.90',NULL,'2018-01-13',929,1,'Τελικός',1,27,101,105,49,'2018-01-18 11:17:05','2018-01-18 11:48:05'),(43,'1',NULL,'00:00:16.61',NULL,'2018-01-13',NULL,0,'Τελικός',1,20,115,106,49,'2018-01-18 11:46:15','2018-01-18 11:48:05'),(44,'1',NULL,'15.90',NULL,'2018-01-13',952,1,'Τελικός',1,19,97,107,49,'2018-01-18 11:47:38','2018-01-18 11:48:05'),(45,'N/A',NULL,'00:08:30.59',NULL,'2004-02-08',903,1,'N/A',1,19,81,90,46,'2018-01-18 15:44:28','2018-01-18 15:46:41'),(46,'N/A',NULL,'12.85',NULL,'2004-02-08',1000,1,'N/A',1,22,102,57,46,'2018-01-18 15:46:17','2018-01-18 15:46:41'),(47,'3',NULL,'00:00:57.45',NULL,'2018-01-19',959,1,'2η Σειρά',1,21,87,78,50,'2018-01-20 17:35:43','2018-01-21 16:56:24'),(48,'2',NULL,'6.18',NULL,'2018-01-19',1038,1,'Τελικός',1,22,99,50,51,'2018-01-20 17:42:56','2018-01-20 17:53:33'),(49,'4',NULL,'00:00:07.54',NULL,'2018-01-20',1039,1,'2η Σειρά',1,22,84,50,51,'2018-01-21 09:56:18','2018-01-23 11:11:50'),(50,'4',NULL,'5.25',NULL,'2018-01-20',1061,1,'Τελικός',1,29,95,20,52,'2018-01-21 10:05:56','2018-01-23 11:11:50'),(51,'1',NULL,'00:00:08.28',NULL,'2018-01-20',NULL,1,'Τελικός',1,19,116,91,53,'2018-01-21 17:13:36','2018-01-23 11:12:03'),(52,'1','5','00:00:07.03',NULL,'2018-01-20',967,1,'3η Τελική Σειρά',1,20,74,106,53,'2018-01-21 17:17:40','2018-01-23 11:11:50'),(53,'1',NULL,'00:00:16.17',NULL,'2018-01-20',NULL,0,'Τελικός',1,20,115,106,53,'2018-01-21 17:20:07','2018-01-30 12:41:04'),(54,'1',NULL,'15.62',NULL,'2018-01-20',860,1,'Τελικός',1,19,97,107,53,'2018-01-21 17:22:46','2018-01-23 11:11:50'),(55,'2',NULL,'3.90',NULL,'2018-01-20',929,1,'Τελικός',1,27,101,105,53,'2018-01-21 17:25:46','2018-01-23 11:11:50'),(56,'1','1','00:00:08.49',NULL,'2018-01-20',1052,1,'Τελικός',1,19,92,113,53,'2018-01-22 18:41:59','2018-01-23 11:11:50'),(57,'N/A','N/A','00:04:15.68',NULL,'2017-02-15',1103,1,'Τελικός',1,26,90,5,65,'2018-01-22 18:45:39','2018-02-01 16:18:55'),(58,'5','16','00:00:07.24',NULL,'2018-01-20',821,1,'2η Τελική Σειρά',1,30,74,111,53,'2018-01-22 18:47:17','2018-01-23 11:17:35'),(59,'3',NULL,'3.80',NULL,'2018-01-20',898,1,'Τελικός',1,27,101,116,53,'2018-01-22 18:50:06','2018-01-23 11:11:50'),(60,'4',NULL,'3.70',NULL,'2018-01-20',868,1,'Τελικός',1,28,101,115,53,'2018-01-22 18:50:06','2018-01-23 11:11:51'),(61,'2',NULL,'1.85',NULL,'2018-01-20',784,1,'Τελικός',1,19,94,112,53,'2018-01-22 18:51:55','2018-01-23 11:11:51'),(62,'4',NULL,'1.60',NULL,'2018-01-20',830,1,'Τελικός',1,27,100,114,53,'2018-01-22 18:53:24','2018-01-23 11:11:51'),(63,'3',NULL,'11.28',NULL,'2018-01-20',842,1,'Τελικός',1,27,102,114,53,'2018-01-22 18:54:17','2018-01-23 11:11:51'),(64,'1','2','00:00:06.95',NULL,'2018-01-20',964,1,'5η Τελική Σειρά',1,23,74,110,53,'2018-01-23 10:52:50','2018-01-23 11:11:51'),(65,'N/A',NULL,'00:00:07.12',NULL,'2018-01-20',879,1,'N/A',1,26,74,109,54,'2018-01-23 11:09:33','2018-01-23 11:11:51'),(66,'N/A',NULL,'00:00:50.36',NULL,'2018-01-20',897,1,'N/A',1,27,77,108,54,'2018-01-23 11:10:49','2018-01-23 11:11:51'),(67,'Ν/Α','Ν/Α','00:28:26.87',NULL,'1981-06-19',1091,1,'Ν/Α',1,27,14,13,55,'2018-01-24 19:31:49','2018-01-24 20:28:02'),(68,'1','1','17.13',NULL,'1991-07-11',1178,1,'Τελικός',1,29,47,44,56,'2018-01-24 20:26:00','2018-01-24 20:28:02'),(69,'N/A','N/A','19.84',NULL,'1975-04-09',1111,1,'N/A',1,30,48,21,57,'2018-01-24 21:02:24','2018-01-24 21:02:39'),(70,'N/A','N/A','00:13:34.29',NULL,'1983-08-27',1072,1,'N/A',1,27,13,12,58,'2018-01-24 21:18:57','2018-01-24 21:21:04'),(71,'3','5','00:00:06.93',NULL,'2018-01-26',975,1,'Σειρά 2',1,23,74,110,59,'2018-01-26 17:10:51','2018-01-28 10:10:39'),(72,'2','10','00:00:07.10',NULL,'2018-01-26',889,1,'Σειρά 3',1,26,74,109,59,'2018-01-26 17:12:19','2018-01-28 10:10:39'),(73,'1','6','00:00:07.01',NULL,'2018-01-26',934,1,'Σειρά 4',1,20,74,106,59,'2018-01-26 17:20:26','2018-01-28 10:10:39'),(74,'8','28','00:00:07.33',NULL,'2018-01-26',779,1,'Σειρά 1',1,19,74,117,59,'2018-01-26 17:26:12','2018-01-28 10:10:39'),(75,'6','22','00:00:07.26',NULL,'2018-01-26',811,1,'Σειρά 3',1,30,74,111,59,'2018-01-26 17:32:03','2018-01-28 10:10:39'),(76,'1','26','00:00:07.31',NULL,'2018-01-26',788,1,'Σειρά 6',1,18,74,118,59,'2018-01-26 17:39:39','2018-01-28 10:10:40'),(77,'5','15','00:00:07.14',NULL,'2018-01-26',869,1,'Σειρά 1',1,20,74,119,59,'2018-01-26 17:49:32','2018-01-28 10:10:40'),(78,'1','12','00:00:07.13',NULL,'2018-01-26',874,1,'Σειρά 8',1,27,74,120,59,'2018-01-26 17:53:27','2018-01-28 10:10:40'),(79,'5','5','00:00:06.94',NULL,'2018-01-26',969,1,'Τελικός',1,23,74,110,59,'2018-01-26 17:54:48','2018-01-28 10:10:40'),(80,'3','3','00:00:22.16',NULL,'2018-01-26',965,1,'Τελικός 1',1,27,76,120,59,'2018-01-26 17:59:38','2018-01-28 10:10:40'),(81,'1','5','00:00:22.76',NULL,'2018-01-26',883,1,'Τελικός 4',1,18,76,118,59,'2018-01-26 18:00:38','2018-01-28 10:10:40'),(82,'3','3','00:04:06.66',NULL,'2018-01-26',815,1,'Τελικός',1,19,80,121,59,'2018-01-26 18:05:08','2018-02-01 16:21:49'),(83,'3','3','1.90',NULL,'2018-01-26',827,1,'Τελικός',1,19,94,112,59,'2018-01-26 18:27:20','2018-01-28 10:10:41'),(84,'5','5','1.85',NULL,'2018-01-26',784,1,'Τελικός',1,20,94,122,59,'2018-01-26 18:30:20','2018-01-28 10:10:41'),(85,'5','5','6.69',NULL,'2018-01-26',856,1,'Τελικός',1,21,93,100,59,'2018-01-26 19:12:40','2018-01-28 10:10:41'),(86,'1','1','15.48',NULL,'2018-01-26',1004,1,'Τελικός',1,22,96,123,59,'2018-01-26 19:15:34','2018-01-28 10:10:41'),(87,'2','2','5.35',NULL,'2018-01-26',1089,1,'Τελικός',1,29,95,20,59,'2018-01-26 19:17:33','2018-01-28 10:10:41'),(88,'2','2','14.00',NULL,'2018-01-26',849,1,'Τελικός',1,22,97,124,59,'2018-01-26 19:21:04','2018-01-28 10:10:41'),(89,'4','23','00:00:52.52',NULL,'2018-01-26',773,1,'Τελικός 3',1,35,77,125,59,'2018-01-26 19:29:14','2018-01-28 10:10:41'),(90,'2','3','00:00:49.68',NULL,'2018-01-26',937,1,'Τελικός 2',1,27,77,108,59,'2018-01-26 19:30:29','2018-01-28 10:10:41'),(91,'3','3','00:00:08.35',NULL,'2018-01-26',933,1,'Τελικός 1',1,19,116,91,59,'2018-01-26 19:55:01','2018-01-28 10:10:41'),(92,'2','2','00:00:24.96',NULL,'2018-01-26',998,1,'Τελικός 1',1,18,86,126,59,'2018-01-26 20:19:07','2018-01-28 10:10:41'),(93,'2','3','00:00:07.71',NULL,'2018-01-26',985,1,'Σειρά 2',1,22,84,77,59,'2018-01-26 20:24:36','2018-01-28 10:11:27'),(94,'2','4','00:00:07.74',NULL,'2018-01-26',975,1,'Σειρά 1',1,18,84,126,59,'2018-01-26 20:25:46','2018-01-28 10:10:41'),(95,'4','4','00:00:07.68',NULL,'2018-01-26',994,1,'Τελικός',1,22,84,77,59,'2018-01-26 20:27:56','2018-01-28 10:11:27'),(96,'6','6','00:00:07.79',NULL,'2018-01-26',960,1,'Τελικός',1,18,84,126,59,'2018-01-26 20:28:51','2018-01-28 10:10:41'),(97,'1','1','00:00:08.51',NULL,'2018-01-26',1047,1,'Τελικός 1',1,31,92,128,59,'2018-01-26 21:19:51','2018-01-28 10:10:42'),(98,'2','2','00:00:08.76',NULL,'2018-01-26',994,1,'Τελικός 1',1,19,92,113,59,'2018-01-26 21:19:51','2018-01-28 10:10:42'),(99,'4','4','00:00:08.86',NULL,'2018-01-26',973,1,'Τελικός 1',1,25,92,127,59,'2018-01-26 21:19:51','2018-01-28 10:10:42'),(100,'4','4','4.00',NULL,'2018-01-26',960,1,'Τελικός',1,27,101,105,59,'2018-01-26 21:25:50','2018-01-28 10:10:42'),(101,'5','5','3.80',NULL,'2018-01-26',898,1,'Τελικός',1,27,101,116,59,'2018-01-26 21:25:50','2018-01-28 10:10:42'),(102,'8','8','3.65',NULL,'2018-01-26',853,1,'Τελικός',1,28,101,115,59,'2018-01-26 21:25:50','2018-01-28 10:10:42'),(103,'5','5','1.68',NULL,'2018-01-26',907,1,'Τελικός',1,18,100,129,59,'2018-01-26 21:31:07','2018-01-28 10:10:42'),(104,'6','6','5.24',NULL,'2018-01-26',835,1,'Τελικός',1,16,99,130,59,'2018-01-26 21:35:57','2018-01-28 10:10:42'),(105,'1','1','00:03:55.66',NULL,'2018-01-26',949,1,'Τελικός',1,24,80,131,59,'2018-01-27 14:32:34','2018-01-28 10:10:42'),(106,'7','7','11.30',NULL,'2018-01-26',844,1,'Τελικός',1,16,102,130,59,'2018-01-27 14:34:33','2018-01-28 10:10:42'),(107,'1','7','00:00:50.65',NULL,'2018-01-26',879,1,'Τελικός 3',1,20,77,106,59,'2018-01-27 14:38:28','2018-01-28 10:10:42'),(108,'3','3','00:01:48.23',NULL,'2018-01-27',1133,1,'Τελικός 1',1,25,78,38,60,'2018-01-27 16:53:43','2018-01-28 10:10:42'),(109,'6','30','00:01:57.61',NULL,'2018-01-27',870,1,'Τελικός 3',1,18,78,19,60,'2018-01-27 17:00:43','2018-01-28 10:11:28'),(110,'2','2','00:00:07.74',NULL,'2018-01-28',1124,1,'Τελικός',1,26,82,14,61,'2018-01-28 10:18:34','2018-01-28 10:21:18'),(111,'1','1','2.20',NULL,'2018-01-28',1090,1,'Τελικός',1,26,94,132,61,'2018-01-28 10:21:08','2018-01-28 10:21:18'),(112,'3','10','00:00:56.89',NULL,'2018-01-27',979,1,'Τελικός 3',1,21,87,78,62,'2018-01-30 12:54:05','2018-01-30 13:11:12'),(113,'1','1','6.16',NULL,'2018-01-27',1033,1,'Τελικός',1,22,99,50,63,'2018-01-30 13:00:03','2018-01-30 13:11:12'),(114,'7','9','00:01:57.72',NULL,'2018-01-27',867,1,'Τελικός 3',1,22,78,104,64,'2018-01-30 13:10:07','2018-01-30 13:11:12'),(115,'6','6','00:00:06.98',NULL,'2018-01-26',949,1,'Τελικός',1,20,74,106,59,'2018-01-30 13:32:31','2018-02-01 16:02:46'),(116,'1','1','00:00:07.65',NULL,'2018-02-03',1154,1,'Τελικός 1',1,26,82,14,66,'2018-02-06 09:20:33','2018-02-07 21:58:51'),(117,'5','5','4.60',NULL,'2018-02-03',886,1,'Τελικός',1,18,95,133,66,'2018-02-06 09:25:17','2018-02-07 21:58:51'),(118,'1','1','15.27',NULL,'2018-02-03',981,1,'Τελικός',1,22,96,123,66,'2018-02-06 09:26:43','2018-02-07 21:58:51'),(119,'1','1','17.12',NULL,'2018-02-03',NULL,1,'Τελικός',1,19,117,107,66,'2018-02-06 09:34:11','2018-02-13 18:15:11'),(120,'1','1','00:00:07.69',NULL,'2018-02-03',991,1,'Τελικός 1',1,22,84,77,66,'2018-02-06 09:36:33','2018-02-07 21:58:51'),(121,'1','2','00:00:07.78',NULL,'2018-02-03',963,1,'Τελικός 1',1,22,84,134,66,'2018-02-06 09:39:16','2018-02-07 21:58:51'),(122,'5','6','00:00:08.00',NULL,'2018-02-03',896,1,'Τελικός 1',1,32,84,135,66,'2018-02-06 09:43:34','2018-02-07 22:01:20'),(123,'1','1','00:00:08.53',NULL,'2018-02-03',1043,1,'Τελικός 1',1,31,92,128,66,'2018-02-06 11:39:06','2018-02-07 21:58:52'),(124,'3','3','1.60',NULL,'2018-02-03',830,1,'Τελικός',1,18,100,136,66,'2018-02-07 20:59:38','2018-02-07 21:58:52'),(125,'1','1','1.70',NULL,'2018-02-03',926,1,'Τελικός',1,18,100,129,66,'2018-02-07 21:00:48','2018-02-07 21:58:52'),(126,'3','3','3.80',NULL,'2018-02-03',898,1,'Τελικός',1,27,101,116,66,'2018-02-07 21:02:03','2018-02-07 21:58:52'),(127,'3','3','3.80',NULL,'2018-02-03',898,1,'Τελικός',1,27,101,105,66,'2018-02-07 21:02:32','2018-02-07 21:58:52'),(128,'4','48','00:00:25.97',NULL,'2018-02-02',909,1,'Τελικός 5',1,21,86,78,67,'2018-02-07 21:15:07','2018-02-07 21:58:52'),(129,'2','2','6.15',NULL,'2018-02-03',1031,1,'Τελικός',1,22,99,50,68,'2018-02-07 21:18:14','2018-02-07 21:58:52'),(130,'2','7','00:00:07.51',NULL,'2018-02-02',1048,1,'Ημιτελικός 1',1,22,84,50,68,'2018-02-07 21:21:42','2018-02-07 21:58:52'),(131,'7','7','00:00:07.50',NULL,'2018-02-02',1052,1,'Τελικός',1,22,84,50,68,'2018-02-07 21:22:42','2018-02-07 21:58:52'),(132,'3','3','00:00:08.67',NULL,'2018-02-03',1013,1,'Σειρά 1',1,19,92,113,69,'2018-02-07 21:52:12','2018-02-07 21:58:52'),(133,'3','3','00:00:08.64',NULL,'2018-02-03',1019,1,'Τελικός 1',1,19,92,113,69,'2018-02-07 21:52:57','2018-02-07 21:58:52'),(134,'3','3','00:00:07.68',NULL,'2018-02-06',1144,1,'Τελικός',1,26,82,14,70,'2018-02-07 21:57:34','2018-02-07 21:58:52'),(135,'N/A','N/A','00:01:51.7H',NULL,'1979-10-06',NULL,1,'N/A',1,17,8,141,72,'2018-02-08 18:55:22','2018-02-08 18:55:40'),(136,'1','5','00:00:07.70',NULL,'2018-02-10',988,1,'Σειρά 4',1,22,84,77,5,'2018-02-10 11:00:33','2018-02-15 14:05:29'),(137,'2','10','00:00:07.82',NULL,'2018-02-10',950,1,'Σειρά 8',1,22,84,134,5,'2018-02-10 11:01:59','2018-02-15 14:05:29'),(138,'2','23','00:00:08.01',NULL,'2018-02-10',893,1,'Σειρά 9',1,28,84,137,5,'2018-02-10 11:03:38','2018-02-15 14:05:29'),(139,'3','18','00:00:07.94',NULL,'2018-02-10',914,1,'Σειρά 5',1,16,84,140,5,'2018-02-10 11:05:47','2018-02-15 14:05:29'),(140,'2','30','00:00:08.08',NULL,'2018-02-10',872,1,'Σειρά 7',1,32,84,135,5,'2018-02-10 11:07:19','2018-02-15 14:05:29'),(141,'2','2','2.15',NULL,'2018-02-10',1046,1,'Τελικός',1,26,94,132,5,'2018-02-10 19:19:00','2018-02-15 14:05:30'),(142,'4','5','00:00:07.67',NULL,'2018-02-10',997,1,'Τελικός 2',1,22,84,77,5,'2018-02-10 19:22:47','2018-02-15 14:05:30'),(143,'3','11','00:00:07.81',NULL,'2018-02-10',954,1,'Τελικός 1',1,22,84,134,5,'2018-02-10 19:25:05','2018-02-15 14:05:30'),(144,'3','3','4.05',NULL,'2018-02-10',975,1,'Τελικός',1,27,101,105,5,'2018-02-10 19:29:55','2018-02-15 14:05:30'),(145,'8','8','3.70',NULL,'2018-02-10',868,1,'Τελικός',1,27,101,116,5,'2018-02-10 19:30:58','2018-02-15 14:05:30'),(146,'10','10','00:04:06.13',NULL,'2018-02-10',821,1,'Τελικός 1',1,19,80,121,5,'2018-02-10 19:39:59','2018-02-15 14:05:30'),(147,'3','3','00:03:54.06',NULL,'2018-02-10',969,1,'Τελικός 1',1,24,80,131,5,'2018-02-10 19:41:41','2018-02-15 14:05:30'),(148,'4','4','18.04',NULL,'2018-02-10',NULL,1,'Τελικός',1,19,117,107,4,'2018-02-10 19:56:32','2018-02-13 18:16:37'),(149,'2','5','00:00:08.55',NULL,'2018-02-10',1039,1,'Ημιτελικός 1',1,19,92,113,4,'2018-02-10 19:58:07','2018-02-14 13:03:21'),(150,'6','6','1.65',NULL,'2018-02-10',878,1,'Τελικός',1,18,100,129,4,'2018-02-10 20:00:14','2018-02-13 18:16:37'),(151,'3','7','00:00:07.74',NULL,'2018-02-10',975,1,'Ημιτελικός 3',1,18,84,126,4,'2018-02-10 20:01:16','2018-02-14 13:06:15'),(152,'3','3','15.90',NULL,'2018-02-10',1048,1,'Τελικός',1,22,96,123,5,'2018-02-11 14:48:58','2018-02-15 14:05:31'),(153,'1','5','00:00:50.62',NULL,'2018-02-10',881,1,'Προκριματικός 5',1,20,77,106,5,'2018-02-11 17:54:17','2018-02-15 14:05:31'),(154,'2','4','00:00:49.75',NULL,'2018-02-10',933,1,'Τελικός 1',1,20,77,106,5,'2018-02-11 17:55:23','2018-02-15 14:05:31'),(155,'1','3','00:01:59.52',NULL,'2018-02-11',820,1,'Προκριματικός 5',1,18,78,19,5,'2018-02-13 18:29:31','2018-02-15 14:05:31'),(156,'4','5','00:01:55.75',NULL,'2018-02-11',919,1,'Τελικός 2',1,18,78,19,5,'2018-02-13 18:30:47','2018-02-15 14:05:31'),(157,'3','26','00:00:27.07',NULL,'2018-02-11',818,1,'Προκριματικός 1',1,32,86,135,5,'2018-02-13 18:49:03','2018-02-15 14:05:31'),(158,'13','13','00:08:42.34',NULL,'2018-02-11',839,1,'Τελικός 2',1,28,81,142,5,'2018-02-13 18:59:44','2018-02-15 14:05:31'),(159,'2','2','00:08:23.86',NULL,'2018-02-11',940,1,'Τελικός 2',1,24,81,131,5,'2018-02-13 19:01:51','2018-02-15 14:05:31'),(160,'4','4','00:00:08.57',NULL,'2018-02-10',1034,1,'Τελικός',1,19,92,113,4,'2018-02-14 13:04:56','2018-02-14 13:06:30'),(161,'5','5','00:10:06.41',NULL,'2018-02-11',912,1,'Τελικός',1,27,91,5,5,'2018-02-14 13:08:14','2018-02-15 14:05:31'),(162,'6','6','00:10:18.69',NULL,'2018-02-11',875,1,'Τελικός',1,25,91,69,5,'2018-02-14 13:09:26','2018-02-15 14:05:48'),(163,'1','1','00:00:07.55',NULL,'2018-02-11',1187,1,'Τελικός 2',1,26,82,14,5,'2018-02-14 13:12:07','2018-02-15 14:05:31'),(164,'2','2','00:00:08.52',NULL,'2018-02-11',1045,1,'Τελικός 2',1,31,92,128,5,'2018-02-14 13:13:41','2018-02-15 14:05:31'),(165,'2','5','00:00:22.33',NULL,'2018-02-11',941,1,'Προκριματικός 2',1,20,76,106,5,'2018-02-14 13:16:19','2018-02-15 14:05:32'),(166,'3','6','00:00:22.38',NULL,'2018-02-11',934,1,'Τελικός 1',1,20,76,106,5,'2018-02-14 13:17:54','2018-02-15 14:05:32'),(167,'6','8','00:00:07.37',NULL,'2018-02-10',760,1,'Έπταθλο Σειρά 1',1,18,74,143,5,'2018-02-14 13:26:47','2018-02-15 14:05:32'),(168,'7','7','6.46',NULL,'2018-02-10',807,1,'Έπταθλο',1,18,93,143,5,'2018-02-14 13:30:03','2018-02-15 14:05:32'),(169,'4','4','13.05',NULL,'2018-02-10',751,1,'Έπταθλο',1,18,97,143,5,'2018-02-14 13:31:51','2018-02-15 14:05:32'),(170,'11','11','1.75',NULL,'2018-02-10',698,1,'Έπταθλο',1,18,94,143,5,'2018-02-14 13:32:58','2018-02-15 14:05:32'),(171,'5','10','00:00:09.22',NULL,'2018-02-11',691,1,'Έπταθλο Σειρά 2',1,18,82,143,5,'2018-02-14 13:35:05','2018-02-15 14:05:32'),(172,'5','5','4.00',NULL,'2018-02-11',727,1,'Έπταθλο',1,18,95,143,5,'2018-02-14 13:36:38','2018-02-15 14:05:32'),(173,'6','12','00:03:06.70',NULL,'2018-02-11',323,1,'Έπταθλο Σειρά 2',1,18,118,143,5,'2018-02-14 13:40:02','2018-02-15 14:05:32'),(174,'2','9','00:01:50.83',NULL,'2018-02-10',1056,1,'Τελικός 2',1,25,78,38,71,'2018-02-15 13:52:39','2018-02-15 14:05:32'),(175,'2','2','5.30',NULL,'2018-02-10',1075,1,'Τελικός',1,29,95,20,71,'2018-02-15 13:54:32','2018-02-15 14:05:32'),(176,'8','8','3.65',NULL,'2018-02-10',853,1,'Τελικός',1,28,101,115,71,'2018-02-15 13:55:45','2018-02-15 14:05:33'),(177,'8','8','4613',NULL,'2018-02-11',850,1,'Τελικός',1,18,98,143,5,'2018-02-15 14:03:01','2018-02-15 14:05:33'),(178,'5','10','00:00:12.69',NULL,'2018-02-11',338,1,'Πένταθλο Σειρά 2',1,24,92,139,5,'2018-02-15 14:15:06','2018-02-15 14:23:36'),(179,'10','10','1.30',NULL,'2018-02-11',546,1,'Πένταθλο',1,24,94,139,5,'2018-02-15 14:16:14','2018-02-15 14:23:36'),(180,'6','6','10.06',NULL,'2018-02-11',590,1,'Πένταθλο',1,24,103,139,5,'2018-02-15 14:19:28','2018-02-15 14:23:36'),(181,'10','10','4.33',NULL,'2018-02-11',641,1,'Πένταθλο',1,24,99,139,5,'2018-02-15 14:20:21','2018-02-15 14:23:36'),(182,'2','2','00:02:27.67',NULL,'2018-02-11',774,1,'Πένταθλο',1,24,88,139,5,'2018-02-15 14:21:39','2018-02-15 14:23:36'),(183,'10','10','2342',NULL,'2018-02-11',539,1,'Πένταθλο',1,24,104,139,5,'2018-02-15 14:23:10','2018-02-15 14:23:36'),(184,'5','5','00:04:24.30',NULL,'2018-02-09',838,1,'Τελικός 1',1,22,79,104,74,'2018-02-15 17:29:48','2018-02-15 17:33:06'),(185,'3','20','00:00:07.59',NULL,'2018-02-09',1023,1,'Προκριματικός 1',1,22,84,50,75,'2018-02-15 17:32:15','2018-02-15 17:33:06'),(186,'2','2','00:00:20.65',NULL,'1998-03-01',1187,1,'Τελικός',1,27,76,36,77,'2018-02-17 11:14:21','2018-02-17 11:27:37'),(187,'Ν/Α','Ν/Α','00:00:05.72',NULL,'2000-02-05',1140,1,'Ν/Α',1,29,119,36,78,'2018-02-17 11:19:04','2018-02-17 11:27:37'),(188,'Ν/Α','Ν/Α','00:00:10.31',NULL,'1999-02-28',NULL,1,'Ν/Α',1,28,75,36,79,'2018-02-17 11:26:24','2018-02-17 11:27:37'),(189,'1','1','00:00:07.59',NULL,'2018-02-15',1174,1,'Τελικός',1,26,82,14,76,'2018-02-23 11:40:13','2018-02-24 10:46:02'),(190,'2','3','00:01:50.02',NULL,'2018-02-17',1080,1,'Τελικός 2',1,25,78,38,7,'2018-02-24 10:25:34','2018-02-24 10:46:02'),(191,'1','1','00:03:53.01',NULL,'2018-02-17',983,1,'Τελικός',1,30,80,11,7,'2018-02-24 10:26:37','2018-02-24 10:46:03'),(192,'5','5','00:08:16.62',NULL,'2018-02-17',981,1,'Τελικός',1,24,81,131,7,'2018-02-24 10:28:21','2018-02-24 10:46:03'),(193,'2','2','2.18',NULL,'2018-02-17',1072,1,'Τελικός',1,26,94,132,7,'2018-02-24 10:29:48','2018-02-24 10:46:03'),(194,'2','2','5.25',NULL,'2018-02-17',1060,1,'Τελικός',1,29,95,20,7,'2018-02-24 10:30:50','2018-02-24 10:46:03'),(195,'3','3','00:04:25.80',NULL,'2018-02-17',1026,1,'Τελικός',1,27,90,5,7,'2018-02-24 10:32:10','2018-02-24 10:46:03'),(196,'5','5','4.00',NULL,'2018-02-17',960,1,'Τελικός',1,27,101,105,7,'2018-02-24 10:33:21','2018-02-24 10:46:03'),(197,'5','10','00:01:54.41',NULL,'2018-02-21',955,1,'Προκριματικός 2',1,22,78,104,80,'2018-02-24 10:36:09','2018-02-24 10:46:03'),(198,'2','5','00:00:56.13',NULL,'2018-02-17',1006,0,'Τελικός 2',1,21,87,78,81,'2018-02-24 10:40:08','2018-02-24 10:46:03'),(199,'6','6','00:01:49.16',NULL,'2018-02-21',1105,1,'Τελικός',1,25,78,38,82,'2018-02-24 10:41:54','2018-02-24 10:46:03'),(200,'5','5','00:04:14.62',NULL,'2018-02-21',1111,1,'Τελικός',1,27,90,5,82,'2018-02-24 10:42:49','2018-02-24 10:46:03'),(201,'N/A','N/A','00:04:43.17',NULL,'2016-02-26',1054,1,'N/A',1,22,89,47,83,'2018-02-25 10:05:14','2018-02-25 10:07:22'),(202,'N/A','N/A','00:09:40.52',NULL,'2014-01-18',993,1,'N/A',1,20,91,47,84,'2018-02-25 10:06:33','2018-02-25 10:07:22'),(203,'1','1','1.93',NULL,'2015-03-13',1150,1,'Τελικός',1,21,100,27,85,'2018-02-25 10:18:54','2018-02-25 13:58:03'),(204,'2','2','1.93',NULL,'2015-05-14',1152,1,'Τελικός',1,21,63,27,86,'2018-02-25 14:05:09','2018-02-25 14:06:01'),(205,'N/A','N/A','00:04:20.35',NULL,'2015-05-28',1047,1,'N/A',1,21,30,47,87,'2018-02-25 14:22:49','2018-02-25 15:02:06'),(206,'N/A','N/A','00:16:29.13',NULL,'2015-04-17',997,1,'N/A',1,21,33,47,88,'2018-02-25 14:41:37','2018-02-25 15:02:06'),(207,'2','2','00:10:40.79',NULL,'2011-04-23',999,1,'Τελικός',1,19,32,26,89,'2018-02-25 14:53:04','2018-02-25 15:02:06'),(208,'4','15','00:00:57.49',NULL,'2018-02-23',957,0,'Προκριματικός 1',1,21,87,78,90,'2018-02-25 15:01:48','2018-02-25 15:02:06'),(209,'3','7','00:02:10.40',NULL,'2011-02-26',1020,1,'Προκριματικός 2',1,19,88,26,91,'2018-02-25 15:09:20','2018-02-25 15:10:59'),(210,'9','9','00:02:12.89',NULL,'2011-02-27',983,1,'Τελικός',1,19,88,26,91,'2018-02-25 15:10:03','2018-02-25 15:11:00'),(211,'1','1','00:04:52.52',NULL,'2013-02-09',990,1,'Τελικός',1,19,89,47,92,'2018-02-25 15:15:26','2018-02-25 15:19:30'),(212,'1','1','6.34',NULL,'2017-01-13',1073,1,'Τελικός',1,21,99,50,93,'2018-02-25 15:19:12','2018-02-25 15:19:30'),(213,'1','1','70.08',NULL,'2015-04-03',1041,1,'Τελικός',1,22,51,86,94,'2018-02-25 21:03:55','2018-02-25 21:05:21'),(214,'7','7','6.25',NULL,'2018-02-25',1053,1,'Τελικός',1,22,99,50,95,'2018-02-26 10:19:56','2018-02-26 10:20:15'),(215,'1','1','00:07:55.32',NULL,'2018-02-18',1106,1,'Τελικός',1,30,81,11,96,'2018-02-26 13:12:56','2018-02-26 13:13:07'),(216,'N/A','N/A','00:00:47.5H',NULL,'1972-06-28',1148,1,'N/A',1,24,19,15,97,'2018-02-27 09:28:47','2018-02-27 09:32:21'),(217,'6','6','00:00:49.66',NULL,'1972-09-02',1147,1,'Τελικός',1,24,19,15,98,'2018-02-27 09:31:54','2018-02-27 09:32:21'),(218,'N/A','N/A','7.86',NULL,'1982-03-25',1107,1,'N/A',1,21,44,16,99,'2018-02-27 11:10:06','2018-02-27 11:16:41'),(219,'1','1','7.86',NULL,'1986-05-24',1107,1,'Τελικός',1,27,44,17,100,'2018-02-27 11:16:14','2018-02-27 11:16:42'),(220,'N/A','N/A','74.58',NULL,'2004-04-14',1111,1,'N/A',1,28,55,23,101,'2018-02-27 19:10:02','2018-02-27 19:10:12'),(221,'8','8','00:03:59.33',NULL,'2017-07-18',1083,1,'Τελικός',1,29,10,11,102,'2018-02-28 10:45:47','2018-02-28 10:46:11'),(222,'3','3','00:00:20.55',1.30,'1997-06-17',1135,1,'Τελικός',1,22,4,2,103,'2018-02-28 11:34:02','2018-03-02 11:45:42'),(223,'4','4','00:00:10.41',NULL,'1997-06-17',1069,1,'Τελικός',1,19,2,37,103,'2018-02-28 11:37:12','2018-03-01 13:01:58'),(224,'3','3','58.16',NULL,'2007-07-14',1027,1,'Τελικός',1,22,57,22,104,'2018-03-01 12:38:53','2018-03-01 12:39:04'),(225,'1','1','61.35',NULL,'2017-07-02',NULL,1,'Τελικός',1,19,59,168,105,'2018-03-01 13:08:40','2018-03-01 13:09:56'),(226,'2','2','55.67',NULL,'2017-05-20',981,1,'Τελικός',1,19,57,168,106,'2018-03-01 15:22:34','2018-03-01 16:57:47'),(227,'8','8','45.09',NULL,'2017-06-18',659,1,'Τελικός',1,15,51,169,107,'2018-03-01 15:33:59','2018-03-01 16:57:48'),(228,'5','5','00:19:24.19',NULL,'2017-06-18',707,1,'Τελικός',1,14,33,73,107,'2018-03-01 15:37:51','2018-03-05 17:52:43'),(229,'1','1','00:01:18.51',NULL,'2017-03-26',1011,1,'Τελικός',1,24,7,38,108,'2018-03-01 16:46:59','2018-03-01 16:57:48'),(230,'2','2','00:01:21.13',NULL,'2017-03-26',912,1,'Τελικός',1,17,7,19,108,'2018-03-01 16:47:35','2018-03-01 16:57:48'),(231,'3','3','53.77',NULL,'2017-03-26',946,1,'Τελικός',1,19,57,168,108,'2018-03-01 16:49:16','2018-03-01 16:57:48'),(232,'1','1','15.32',NULL,'2017-03-26',NULL,1,'Τελικός',1,17,121,62,108,'2018-03-01 16:50:25','2018-03-01 16:58:05'),(233,'4','4','52.93',NULL,'2016-06-18',931,1,'Τελικός',1,17,57,107,17,'2018-03-01 17:05:13','2018-03-01 17:08:28'),(234,'1','1','16.26',NULL,'2016-06-19',898,1,'Τελικός',1,18,66,52,17,'2018-03-01 17:08:05','2018-03-05 17:52:43'),(235,'1','1','71.89',NULL,'2012-06-10',1069,1,'Τελικός',1,25,51,24,109,'2018-03-01 21:55:59','2018-03-01 21:57:17'),(236,'2','2','67.04',NULL,'2012-06-10',995,1,'Τελικός',1,19,51,86,109,'2018-03-01 21:56:38','2018-03-01 21:57:17'),(237,'7','7','00:02:55.97',NULL,'2012-12-12',906,1,'Τελικός',1,20,122,26,110,'2018-03-02 11:04:21','2018-03-05 17:52:19'),(238,'9','9','00:02:58.44',NULL,'2012-12-12',877,1,'Τελικός',1,18,122,47,110,'2018-03-02 11:06:01','2018-03-05 17:52:20'),(239,'5','5','1.78',NULL,'2012-12-09',1004,1,'Τελικός',1,18,63,27,110,'2018-03-02 11:09:15','2018-03-05 17:52:20'),(240,'N/A','N/A','00:00:10.83',NULL,'2000-08-11',937,1,'Δέκαθλο',1,26,2,25,111,'2018-03-02 11:17:48','2018-03-02 11:41:57'),(241,'N/A','N/A','7.16',NULL,'2000-08-11',956,1,'Δέκαθλο',1,26,44,25,111,'2018-03-02 11:20:07','2018-03-02 11:41:58'),(242,'N/A','N/A','15.16',NULL,'2000-08-11',833,1,'Δέκαθλο',1,26,48,25,111,'2018-03-02 11:21:13','2018-03-02 11:41:58'),(243,'N/A','N/A','1.96',NULL,'2000-08-11',879,1,'Δέκαθλο',1,26,45,25,111,'2018-03-02 11:32:41','2018-03-02 11:41:58'),(244,'N/A','N/A','00:00:51.21',NULL,'2000-08-11',788,1,'Δέκαθλο',1,26,6,25,111,'2018-03-02 11:33:42','2018-03-02 11:41:59'),(245,'N/A','N/A','00:00:15.37',NULL,'2000-08-12',833,1,'Δέκαθλο',1,26,16,25,111,'2018-03-02 11:34:43','2018-03-02 11:41:59'),(246,'N/A','N/A','45.13',NULL,'2000-08-12',788,1,'Δέκαθλο',1,26,57,25,111,'2018-03-02 11:35:36','2018-03-02 11:41:59'),(247,'N/A','N/A','4.90',NULL,'2000-08-12',967,1,'Δέκαθλο',1,26,46,25,111,'2018-03-02 11:36:21','2018-03-02 11:42:00'),(248,'N/A','N/A','59.31',NULL,'2000-08-12',808,1,'Δέκαθλο',1,26,55,25,111,'2018-03-02 11:37:26','2018-03-02 11:42:00'),(249,'N/A','N/A','00:05:03.03',NULL,'2000-08-12',275,1,'Δέκαθλο',1,26,11,25,111,'2018-03-02 11:39:11','2018-03-02 11:42:00'),(250,'N/A','N/A','7802',NULL,'2000-08-12',1096,1,'Δέκαθλο',1,26,60,25,111,'2018-03-02 11:40:25','2018-03-02 11:42:01'),(251,'35','35','02:38:52.00',NULL,'2017-08-06',1047,1,'Τελικός',1,31,36,28,112,'2018-03-04 10:37:23','2018-03-04 10:52:34'),(252,'N/A','N/A','01:16:44.00',NULL,'2017-08-06',990,1,'Τελικός',1,31,35,28,112,'2018-03-04 10:41:44','2018-03-04 10:52:34'),(253,'Ν/Α','Ν/Α','00:00:54.76',NULL,'2004-07-04',1180,1,'Ν/Α',1,31,39,8,113,'2018-03-04 10:49:00','2018-03-04 10:52:34'),(254,'Ν/Α','Ν/Α','6.80',NULL,'1985-03-25',1174,1,'Ν/Α',1,32,62,29,114,'2018-03-04 11:08:08','2018-03-04 12:22:00'),(255,'Ν/Α','Ν/Α','13.94',NULL,'2012-07-05',1111,1,'Ν/Α',1,31,65,30,115,'2018-03-04 11:13:29','2018-03-04 12:22:01'),(256,'Ν/Α','Ν/Α','16.71',NULL,'2001-03-25',1002,1,'Ν/Α',1,35,66,32,116,'2018-03-04 11:35:31','2018-03-04 12:22:01'),(257,'Ν/Α','Ν/Α','56.69',NULL,'2014-03-25',1010,1,'Ν/Α',1,23,71,33,117,'2018-03-04 12:13:24','2018-03-04 12:22:01'),(258,'Ν/Α','Ν/Α','57.20',NULL,'2006-05-18',1026,1,'Ν/Α',1,25,69,34,118,'2018-03-04 12:17:19','2018-03-04 12:22:01'),(259,'Ν/Α','N/A','69.29',NULL,'2009-05-17',1082,1,'Ν/Α',1,23,67,35,119,'2018-03-04 12:20:06','2018-03-04 12:22:01'),(260,'2','3','00:00:11.65',0.00,'2014-08-21',1062,1,'Προκριματική Σειρά 3',1,17,25,45,120,'2018-03-04 13:43:16','2018-03-04 14:05:28'),(261,'2','2','00:00:11.71',-0.10,'2014-08-23',1050,1,'Τελικός 1',1,17,25,45,120,'2018-03-04 13:46:21','2018-03-04 14:05:28'),(262,'1','1','00:00:23.71',1.60,'2005-06-19',1064,1,'Τελικός',1,19,26,4,121,'2018-03-04 13:58:26','2018-03-05 13:04:40'),(263,'3','3','00:00:54.43',NULL,'2002-05-29',1034,1,'Τελικός',1,17,27,46,122,'2018-03-04 14:04:18','2018-03-04 14:05:29'),(264,'7','7','00:02:07.84',NULL,'2009-06-20',1026,1,'Τελικός',1,17,28,26,123,'2018-03-04 14:27:20','2018-03-04 15:33:42'),(265,'1','3','00:00:07.56',NULL,'2018-03-03',1184,1,'Προκριματικός 1',1,26,82,14,3,'2018-03-05 17:56:35','2018-03-05 17:58:26'),(266,'1','2','00:00:07.51',NULL,'2018-03-04',1201,1,'Ημιτελικός 3',1,26,82,14,3,'2018-03-05 17:57:25','2018-03-05 17:58:26'),(267,'-','-','DQ',NULL,'2018-03-04',NULL,1,'Τελικός',1,26,82,14,3,'2018-03-05 17:58:01','2018-03-05 17:58:26'),(268,'16','3','01:19:46.00',NULL,'2018-03-03',923,1,'Τελικός',1,26,35,26,124,'2018-03-05 18:05:25','2018-03-05 18:05:36'),(269,'3','3','5.05',NULL,'2008-06-22',1007,1,'Τελικός',1,19,46,20,125,'2018-03-06 14:10:03','2018-03-06 14:11:32'),(270,'3','3','00:00:39.12',NULL,'1997-06-18',1140,1,'Τελικός',1,997,21,170,103,'2018-03-06 21:06:28','2018-03-15 16:01:47'),(271,'N/A','N/A','00:00:47.39',NULL,'1998-02-14',1081,1,'N/A',1,26,77,9,127,'2018-03-10 14:40:29','2018-03-11 14:33:44'),(272,'1','1','00:04:22.73',NULL,'2012-06-30',1030,1,'Τελικός',1,18,30,47,128,'2018-03-10 16:16:35','2018-03-11 08:49:00'),(273,'7','7','00:09:46.82',NULL,'2013-06-22',954,1,'Τελικός',1,19,114,47,129,'2018-03-10 16:23:55','2018-03-10 17:11:43'),(274,'16','16','00:17:20.63',NULL,'2005-08-19',906,1,'Τελικός',1,19,33,48,130,'2018-03-10 16:29:00','2018-03-11 08:52:26'),(275,'Ν/Α','Ν/Α','00:00:13.70',NULL,'2010-06-05',1057,1,'Ν/Α',1,19,37,172,132,'2018-03-10 16:41:44','2018-03-10 17:11:43'),(276,'Ν/Α','N/A','00:39:33.37',NULL,'1994-06-11',774,1,'Τελικός',1,18,34,173,131,'2018-03-10 16:45:13','2018-03-15 16:01:47'),(277,'Ν/Α','N/A','00:00:59.14',NULL,'1989-08-05',1047,1,'Ν/Α',1,18,39,72,133,'2018-03-10 17:05:30','2018-03-10 17:13:06'),(278,'Ν/Α','N/A','00:07:18.67',NULL,'2006-05-13',876,1,'Ν/Α',1,18,31,49,134,'2018-03-10 17:09:33','2018-03-10 17:12:51'),(279,'4','4','1.87',NULL,'2013-06-29',1091,1,'Τελικός',1,19,63,27,135,'2018-03-10 17:20:53','2018-03-10 19:40:10'),(280,'4','4','6.21',2.00,'2014-07-09',1044,1,'Τελικός',1,18,62,50,136,'2018-03-10 17:28:30','2018-03-10 19:39:40'),(281,'Ν/Α','Ν/Α','12.78',NULL,'2004-05-22',993,1,'Ν/Α',1,18,65,51,137,'2018-03-10 19:15:43','2018-03-10 19:40:28'),(282,'2','2','49.16',NULL,'2017-05-30',878,1,'Τελικός',1,19,69,53,138,'2018-03-10 19:27:36','2018-03-10 19:40:28'),(283,'1','1','57.77',NULL,'2015-05-10',896,1,'Τελικός',1,19,67,54,139,'2018-03-10 19:33:28','2018-03-10 19:40:28'),(284,'Ν/Α','Ν/Α','49.36',NULL,'1980-08-16',876,1,'Ν/Α',1,18,71,174,140,'2018-03-10 19:38:53','2018-03-10 19:39:41'),(285,'Ν/Α','Ν/Α','00:00:11.53',NULL,'2008-07-26',1087,1,'Ν/Α',0,22,25,4,142,'2018-03-11 13:27:03','2018-03-11 13:27:03'),(286,'Ν/Α','Ν/Α','4795',NULL,'1985-04-18',841,1,'Τελικός',0,19,73,175,141,'2018-03-11 13:28:20','2018-03-11 13:29:22'),(287,'Ν/Α','Ν/Α','00:00:23.18',NULL,'2007-07-05',1116,1,'Ν/Α',0,21,26,4,143,'2018-03-11 13:32:19','2018-03-11 13:32:19'),(288,'4','4','00:00:52.91',NULL,'2007-06-23',1091,1,'Τελικός',0,22,27,46,144,'2018-03-11 14:06:56','2018-03-11 14:06:56'),(289,'Ν/Α','Ν/Α','00:02:03.45',NULL,'2003-08-29',1101,1,'Ν/Α',0,22,28,55,145,'2018-03-11 14:20:13','2018-03-11 14:20:13'),(290,'6','15','50.62',NULL,'2018-03-10',888,1,'U23 Τελικός 2',1,20,57,168,126,'2018-03-11 14:25:06','2018-03-11 20:12:37'),(291,'8','21','55.13',NULL,'2018-03-10',971,1,'Ανδρών Τελικός 2',1,23,57,176,126,'2018-03-11 14:29:27','2018-03-11 20:12:24'),(292,'3','12','58.96',NULL,'2018-03-11',915,1,'U23 Τελικός 2',1,22,67,54,126,'2018-03-11 14:31:30','2018-03-11 20:14:54'),(293,'N/A','N/A','00:03:11.16',NULL,'1998-06-07',1025,1,'N/A',1,998,23,170,146,'2018-03-11 20:39:39','2018-03-15 16:01:47'),(294,'1','1','00:00:10.26',NULL,'1997-07-18',1118,1,'Τελικός',1,22,2,2,147,'2018-03-11 21:36:12','2018-03-11 21:54:55'),(295,'1','1','00:00:13.65',NULL,'2014-06-07',1130,1,'Τελικός',1,22,16,14,148,'2018-03-11 21:40:44','2018-03-11 21:54:55'),(296,'N/A','N/A','00:03:44.94',NULL,'2006-02-11',1089,1,'N/A',1,21,80,90,149,'2018-03-11 21:50:38','2018-03-11 21:54:55'),(297,'N/A','N/A','00:08:09.56',NULL,'2006-02-19',1022,1,'N/A',1,21,81,90,150,'2018-03-11 21:53:45','2018-03-11 21:54:55'),(298,'1','1','00:29:15.7H',NULL,'1978-10-08',1018,1,'Τελικός',1,22,14,12,151,'2018-03-12 10:17:32','2018-03-12 10:44:15'),(299,'5','5','02:31:50.00',NULL,'1982-11-07',804,1,'Τελικός',1,21,15,180,152,'2018-03-12 10:26:04','2018-03-12 10:44:15'),(300,'N/A','N/A','5.40',NULL,'2010-07-16',1103,1,'N/A',1,21,46,20,153,'2018-03-12 10:29:29','2018-03-12 10:44:15'),(301,'N/A','N/A','00:00:10.64',NULL,'1977-07-16',996,1,'N/A',1,17,2,181,154,'2018-03-12 10:40:11','2018-03-12 10:44:15'),(302,'4','4','00:00:21.09',NULL,'1977-07-17',1054,1,'Τελικός',1,17,4,181,154,'2018-03-12 10:41:49','2018-03-12 10:44:15'),(303,'2','2','00:00:47.96',NULL,'2006-06-30',983,1,'Τελικός',1,16,6,182,155,'2018-03-12 10:59:14','2018-03-12 11:08:12'),(304,'1','1','7.44',NULL,'1976-06-26',1016,1,'Τελικός',1,17,44,17,156,'2018-03-12 11:04:54','2018-03-12 11:08:13'),(305,'1','1','00:00:21.40',NULL,'1976-06-26',1009,1,'Τελικός',1,15,4,183,156,'2018-03-12 11:13:14','2018-03-12 11:55:49'),(306,'N/A','N/A','00:02:37.0H',NULL,'1989-03-25',737,1,'N/A',1,15,9,184,157,'2018-03-12 11:34:45','2018-03-12 11:55:49'),(307,'-','-','14.54',-0.70,'2016-06-18',905,1,'Τελικός',1,13,47,185,17,'2018-03-12 11:38:02','2018-03-12 11:55:50'),(308,'2','2','14.65',2.10,'2016-06-18',917,0,'Τελικός',1,13,47,185,17,'2018-03-12 11:43:20','2018-03-12 11:55:50'),(309,'1','1','4.90',NULL,'2017-07-07',967,1,'Τελικός',1,17,46,133,159,'2018-03-12 11:52:15','2018-03-12 11:55:50'),(310,'4','4','4.00',NULL,'2017-07-07',727,1,'Τελικός',1,15,46,186,159,'2018-03-12 11:53:55','2018-03-12 11:55:50'),(311,'1','1','42.10',NULL,'2014-12-12',733,1,'Τελικός',1,15,57,107,160,'2018-03-12 18:34:42','2018-03-12 20:18:42'),(312,'1','1','00:36:37.14',NULL,'2017-05-27',907,1,'U23 Τελικός',0,22,34,68,161,'2018-03-12 19:27:46','2018-03-12 19:32:13'),(313,'2','2','01:27:57.00',NULL,'2017-04-30',754,1,'Τελικός',0,22,35,68,162,'2018-03-12 19:32:38','2018-03-12 19:32:38'),(314,'2','2','2.18',NULL,'1980-06-07',1072,1,'Τελικός',1,18,45,187,163,'2018-03-12 19:36:45','2018-03-12 20:18:42'),(315,'1','1','03:41:10.00',NULL,'2011-02-20',540,1,'Τελικός',0,22,36,188,164,'2018-03-12 19:43:35','2018-03-12 19:43:35'),(316,'4','4','00:00:13.41',NULL,'2017-06-24',1095,1,'Τελικός',0,20,37,56,165,'2018-03-12 19:50:24','2018-03-12 19:50:24'),(317,'Ν/Α','Ν/Α','00:01:00.08',NULL,'1995-05-20',1019,1,'Ν/Α',0,22,39,8,166,'2018-03-12 19:52:56','2018-03-12 19:53:56'),(318,'2','2','00:00:13.57',-0.40,'2009-07-23',NULL,1,'Τελικός',1,17,17,189,167,'2018-03-12 19:56:28','2018-03-12 20:18:43'),(319,'3','3','00:10:52.97',NULL,'2015-06-27',971,1,'Τελικός',0,22,32,69,168,'2018-03-12 20:09:25','2018-03-12 20:09:25'),(320,'1','1','6.62',NULL,'1974-08-02',1134,1,'Τελικός',0,21,62,29,170,'2018-03-12 20:13:49','2018-03-12 20:13:49'),(321,'4','4','00:02:28.61',NULL,'2010-05-21',897,1,'Προκριματικός 2',1,17,9,38,169,'2018-03-12 20:14:42','2018-03-12 20:18:43'),(322,'6','6','00:02:28.52',NULL,'2010-05-23',898,1,'Τελικός',1,17,9,38,169,'2018-03-12 20:15:35','2018-03-12 20:18:43'),(323,'Ν/Α','Ν/Α','13.20',NULL,'2004-06-06',1036,1,'Ν/Α',0,22,65,57,171,'2018-03-12 20:17:27','2018-03-12 20:17:27'),(324,'2','2','4.40',NULL,'2010-10-12',1083,1,'Τελικός',0,20,64,31,172,'2018-03-12 20:29:50','2018-03-12 20:29:50'),(325,'3','3','14.74',NULL,'2010-03-20',879,1,'Τελικός',0,22,66,58,173,'2018-03-12 20:33:37','2018-03-12 20:33:37'),(326,'1','1','5.05',NULL,'2008-05-11',1007,1,'Τελικός',0,19,46,20,174,'2018-03-12 20:38:13','2018-03-12 20:38:13'),(327,'1','1','54.86',NULL,'2012-07-04',977,1,'Τελικός',0,21,71,33,175,'2018-03-12 20:41:05','2018-03-12 20:41:05'),(328,'2','2','51.26',NULL,'2008-05-09',NULL,1,'Τελικός',0,15,53,86,174,'2018-03-12 20:42:12','2018-03-12 20:42:12'),(329,'Ν/Α','N/A','68.05',NULL,'2008-07-16',1062,1,'Ν/Α',0,22,67,35,176,'2018-03-12 20:46:17','2018-03-12 20:46:17'),(330,'N/A','N/A','4.90',NULL,'2008-02-02',967,1,'Τελικός',1,19,95,20,177,'2018-03-13 09:24:04','2018-03-13 11:12:09'),(331,'4','4','4.90',NULL,'2008-02-26',967,1,'Τελικός',1,19,95,20,178,'2018-03-13 09:26:13','2018-03-13 11:12:09'),(332,'1','1','72.41',NULL,'2007-06-16',NULL,1,'Τελικός',1,17,54,190,179,'2018-03-13 09:30:01','2018-03-13 11:12:09'),(333,'1','1','65.42',NULL,'2011-05-15',970,1,'Τελικός',1,29,51,191,180,'2018-03-13 09:37:18','2018-03-13 11:12:09'),(334,'2','2','58.38',NULL,'2011-05-15',862,1,'Τελικός',1,17,51,192,180,'2018-03-13 09:38:06','2018-03-13 11:12:10'),(335,'N/A','N/A','00:00:14.40',NULL,'1992-06-13',995,1,'N/A',1,17,16,2,181,'2018-03-13 09:41:15','2018-03-13 11:12:10'),(336,'1','1','18.26',NULL,'2011-05-07',NULL,1,'Τελικός',1,19,50,193,182,'2018-03-13 09:49:49','2018-03-13 11:12:10'),(337,'1','1','60.87',NULL,'2011-05-07',NULL,1,'Τελικός',1,19,59,194,182,'2018-03-13 09:50:28','2018-03-13 11:12:10'),(338,'1','1','68.66',NULL,'2011-05-08',NULL,1,'Τελικός',1,18,53,86,182,'2018-03-13 09:51:01','2018-03-13 11:12:11'),(339,'9','9','18.72',NULL,'2011-07-21',NULL,1,'Τελικός',1,19,50,193,183,'2018-03-13 09:56:24','2018-03-13 11:12:11'),(340,'4','4','61.22',NULL,'2011-07-24',NULL,1,'Τελικός',1,19,59,194,183,'2018-03-13 09:57:54','2018-03-13 11:12:11'),(341,'2','2','64.53',NULL,'2017-06-17',882,1,'Τελικός',1,17,55,195,107,'2018-03-13 10:02:48','2018-03-13 11:12:11'),(342,'3','3','53.77',NULL,'2017-03-26',946,1,'Τελικός',1,19,57,168,108,'2018-03-13 10:05:25','2018-03-13 11:12:11'),(343,'1','1','71.85',NULL,'2017-08-03',NULL,1,'Τελικός',1,17,56,195,184,'2018-03-13 10:09:17','2018-03-13 11:12:12'),(344,'4','4','52.15',NULL,'2015-07-09',NULL,1,'Τελικός',1,15,56,195,185,'2018-03-13 10:23:09','2018-03-13 11:12:12'),(345,'N/A','N/A','3932',NULL,'1988-04-14',513,1,'N/A',1,15,60,196,186,'2018-03-13 10:33:19','2018-03-13 11:12:12'),(346,'1','ΕΣ','00:00:46.83',NULL,'2013-07-20',1056,1,'Προκριματικός 4',1,21,6,197,187,'2018-03-13 11:01:53','2018-03-13 11:12:12'),(347,'N/A','N/A','00:14:18.2H',NULL,'1976-07-01',940,1,'N/A',1,22,13,13,188,'2018-03-13 11:05:36','2018-03-13 11:12:12'),(348,'N/A','N/A','00:00:50.50',NULL,'1994-05-27',1105,1,'N/A',1,21,19,177,189,'2018-03-13 11:09:13','2018-03-13 11:12:13'),(349,'N/A','N/A','19.54',NULL,'1996-06-22',1093,1,'N/A',1,22,48,95,190,'2018-03-13 11:10:26','2018-03-13 11:12:29'),(350,'Ν/Α','Ν/Α','00:16:13.25',NULL,'1988-08-14',1025,1,'Ν/Α',0,25,33,6,191,'2018-03-13 19:09:09','2018-03-13 19:09:09'),(351,'5','9','00:00:43.87',NULL,'2016-07-09',1141,1,'Προκριματικός 1',0,1016,41,171,193,'2018-03-13 19:30:06','2018-03-15 16:01:47'),(352,'1','1','16.26',NULL,'2017-04-29',898,1,'Τελικός',0,19,66,52,192,'2018-03-13 19:36:51','2018-03-13 19:37:32'),(353,'5','5','00:00:45.98',NULL,'2015-07-19',1054,1,'Τελικός',0,1015,41,199,194,'2018-03-13 19:48:12','2018-03-15 16:01:47'),(354,'3','6','00:00:45.77',NULL,'2015-07-19',1062,1,'Προκριματικός 2',0,1015,41,199,194,'2018-03-13 19:55:58','2018-03-15 16:01:47'),(355,'N/A','N/A','00:08:31.04',NULL,'1978-07-15',1118,1,'N/A',1,22,12,12,195,'2018-03-14 11:10:26','2018-03-14 18:56:35'),(356,'N/A','N/A','2.30',NULL,'2006-02-14',1179,1,'N/A',1,22,45,18,196,'2018-03-14 11:19:06','2018-03-14 18:56:36'),(357,'N/A','N/A','00:00:46.6H',NULL,'1972-08-03',1062,1,'N/A',1,21,6,200,197,'2018-03-14 12:03:16','2018-03-14 18:56:36'),(358,'N/A','N/A','16.37',NULL,'1983-10-01',1098,1,'N/A',1,21,47,44,198,'2018-03-14 12:05:10','2018-03-14 18:56:37'),(359,'N/A','N/A','71.19',NULL,'2000-08-05',976,1,'N/A',1,22,55,201,199,'2018-03-14 12:18:11','2018-03-14 18:56:37'),(360,'N/A','N/A','00:03:17.60',NULL,'2012-05-23',935,1,'N/A',1,1012,23,202,200,'2018-03-14 18:29:33','2018-03-15 16:01:47'),(361,'2','2','00:00:10.94',0.90,'2016-05-13',904,1,'Δέκαθλο Σειρά 2',1,21,2,203,201,'2018-03-14 18:39:07','2018-03-14 18:56:37'),(362,'2','2','7.19',0.80,'2016-05-13',963,1,'Δέκαθλο',1,21,44,203,201,'2018-03-14 18:40:27','2018-03-14 18:56:37'),(363,'8','8','12.20',NULL,'2016-05-13',658,1,'Δέκαθλο',1,21,48,203,201,'2018-03-14 18:41:35','2018-03-14 18:56:38'),(364,'9','9','1.80',NULL,'2016-05-13',741,1,'Δέκαθλο',1,21,45,203,201,'2018-03-14 18:42:29','2018-03-14 18:56:38'),(365,'3','3','00:00:50.45',NULL,'2016-05-13',832,1,'Δέκαθλο Σειρά 1',1,21,6,203,201,'2018-03-14 18:43:28','2018-03-14 18:56:39'),(366,'1','1','00:00:14.68',0.10,'2016-05-14',947,1,'Δέκαθλο Σειρά 1',1,21,16,203,201,'2018-03-14 18:44:20','2018-03-14 18:56:39'),(367,'3','3','38.03',NULL,'2016-05-14',664,1,'Δέκαθλο',1,21,57,203,201,'2018-03-14 18:45:36','2018-03-14 18:56:39'),(368,'4','4','4.30',NULL,'2016-05-14',806,1,'Δέκαθλο',1,21,46,203,201,'2018-03-14 18:47:10','2018-03-14 18:56:39'),(369,'1','1','59.25',NULL,'2016-05-14',807,1,'Δέκαθλο',1,21,55,203,201,'2018-03-14 18:48:43','2018-03-14 18:56:40'),(370,'8','8','00:04:50.04',NULL,'2016-05-14',366,1,'Δέκαθλο',1,21,11,203,201,'2018-03-14 18:52:02','2018-03-14 18:56:40'),(371,'1','1','7334',NULL,'2016-05-14',1024,1,'Τελικός',1,21,60,203,201,'2018-03-14 18:52:59','2018-03-14 18:56:40'),(372,'2','2','53.52',NULL,'2017-05-20',828,1,'Τελικός',0,16,67,64,106,'2018-03-14 20:02:48','2018-03-14 20:02:48'),(373,'3','3','15.57',NULL,'2017-07-20',NULL,1,'Τελικός',0,17,121,62,202,'2018-03-14 20:39:54','2018-03-14 20:39:54'),(374,'6','10','00:00:47.20',NULL,'2013-07-21',1005,1,'Προκριματικός 1',0,1013,41,204,203,'2018-03-14 20:51:47','2018-03-15 16:01:47'),(375,'6','6','00:04:27.82',NULL,'2009-06-21',992,1,'Τελικός',0,17,30,26,123,'2018-03-14 21:06:03','2018-03-14 21:06:03'),(376,'Ν/Α','Ν/Α','6.42',NULL,'1976-02-07',1078,1,'Ν/Α',0,23,99,29,204,'2018-03-14 21:22:20','2018-03-14 21:22:20'),(377,'Ν/Α','Ν/Α','00:00:23.96',NULL,'2002-02-17',1084,1,'Τελικός',0,29,86,8,205,'2018-03-14 21:29:10','2018-03-14 21:29:10'),(378,'N/A','N/A','00:00:47.06',NULL,'1975-09-19',1041,1,'N/A',1,19,6,205,210,'2018-03-15 11:34:34','2018-03-15 12:17:08'),(379,'N/A','N/A','00:03:45.84',NULL,'1991-08-22',1029,1,'N/A',1,19,11,40,211,'2018-03-15 11:48:13','2018-03-15 12:17:09'),(380,'N/A','N/A','00:08:22.44',NULL,'1991-05-04',928,1,'N/A',1,19,123,40,212,'2018-03-15 11:50:42','2018-03-15 12:17:09'),(381,'N/A','N/A','00:14:31.99',NULL,'1991-04-28',896,1,'N/A',1,19,13,40,213,'2018-03-15 11:51:34','2018-03-15 12:17:10'),(382,'N/A','N/A','00:14:31.99',NULL,'1991-06-09',896,1,'N/A',1,19,13,40,214,'2018-03-15 11:52:19','2018-03-15 12:17:10'),(383,'N/A','N/A','00:30:44.6H',NULL,'1991-08-30',892,1,'N/A',1,19,14,40,215,'2018-03-15 11:53:09','2018-03-15 12:17:10'),(384,'N/A','N/A','00:05:38.88',NULL,'1991-08-26',1054,1,'N/A',1,19,124,40,216,'2018-03-15 11:55:17','2018-03-15 12:17:10'),(385,'N/A','N/A','1.81',NULL,'1991-05-03',1033,1,'N/A',0,16,63,61,212,'2018-03-15 12:15:17','2018-03-15 12:15:17'),(386,'N/A','N/A','00:00:13.99',NULL,'1993-05-15',1068,1,'N/A',1,18,16,2,217,'2018-03-15 12:20:29','2018-03-15 12:51:43'),(387,'N/A','N/A','16.31',NULL,'1981-06-28',1091,1,'N/A',1,19,47,44,218,'2018-03-15 12:25:18','2018-03-15 12:51:43'),(388,'N/A','N/A','00:08:45.04',NULL,'1991-06-23',1057,1,'N/A',1,19,12,40,219,'2018-03-15 12:28:58','2018-03-15 12:51:43'),(389,'N/A','N/A','00:40:08.10',NULL,'1991-06-23',749,1,'N/A',0,17,34,206,219,'2018-03-15 12:32:54','2018-03-15 12:32:54'),(390,'N/A','N/A','77.86',NULL,'2012-06-22',NULL,1,'Τελικός',1,19,53,86,220,'2018-03-15 12:38:38','2018-03-15 12:51:44'),(391,'N/A','N/A','6720',NULL,'1993-08-30',930,1,'N/A',1,19,60,25,221,'2018-03-15 12:48:41','2018-03-15 12:51:44'),(392,'N/A','N/A','00:00:13.80',NULL,'1993-04-29',NULL,1,'N/A',1,18,18,2,222,'2018-03-15 12:59:08','2018-03-15 13:14:21'),(393,'N/A','N/A','00:00:50.79',NULL,'1992-08-22',1091,1,'N/A',1,19,19,177,223,'2018-03-15 13:02:14','2018-03-15 13:14:21'),(394,'N/A','N/A','18.75',NULL,'1993-07-14',1046,1,'N/A',1,19,48,95,224,'2018-03-15 13:10:37','2018-03-15 13:14:22'),(395,'N/A','N/A','64.90',NULL,'1996-06-01',887,1,'N/A',1,18,55,201,225,'2018-03-15 13:12:18','2018-03-15 13:14:22'),(396,'2','9','00:00:40.44',NULL,'2004-07-17',1043,1,'Προκριματικός 3',1,1004,21,207,226,'2018-03-15 13:32:16','2018-03-15 16:01:47'),(397,'6','6','00:00:40.50',NULL,'2004-07-18',1036,1,'Τελικός',1,1004,21,207,226,'2018-03-15 13:33:11','2018-03-15 16:01:47'),(398,'5','5','7.73',NULL,'1980-06-14',1079,1,'Τελικός',1,19,44,16,227,'2018-03-15 13:53:28','2018-03-15 15:50:49'),(399,'2','2','00:00:11.36',NULL,'2014-07-05',783,1,'Δέκαθλο',1,19,2,203,228,'2018-03-15 14:06:02','2018-03-15 15:50:49'),(400,'1','1','6.81',NULL,'2014-07-05',882,1,'Δέκαθλο',1,19,44,203,228,'2018-03-15 14:06:46','2018-03-15 15:50:49'),(401,'5','5','11.83',NULL,'2014-07-05',NULL,1,'Δέκαθλο',1,19,50,203,228,'2018-03-15 14:07:15','2018-03-15 15:50:49'),(402,'4','4','1.75',NULL,'2014-07-05',698,1,'Δέκαθλο',1,19,45,203,228,'2018-03-15 14:07:47','2018-03-15 15:50:50'),(403,'2','2','00:00:51.56',NULL,'2014-07-05',768,1,'Δέκαθλο',1,19,6,203,228,'2018-03-15 14:08:19','2018-03-15 15:50:50'),(404,'4','4','00:00:15.31',NULL,'2014-07-06',NULL,1,'Δέκαθλο',1,19,18,203,228,'2018-03-15 14:08:47','2018-03-15 15:50:50'),(405,'4','4','35.91',NULL,'2014-07-06',NULL,1,'Δέκαθλο',1,19,59,203,228,'2018-03-15 14:09:24','2018-03-15 15:50:51'),(406,'1','1','4.40',NULL,'2014-07-06',833,1,'Δέκαθλο',1,19,46,203,228,'2018-03-15 14:23:28','2018-03-15 15:50:51'),(407,'2','2','52.47',NULL,'2014-07-06',710,1,'Δέκαθλο',1,19,55,203,228,'2018-03-15 14:24:25','2018-03-15 15:50:51'),(408,'1','1','00:04:46.32',NULL,'2014-07-06',395,1,'Δέκαθλο',1,19,11,203,228,'2018-03-15 14:25:08','2018-03-15 15:50:51'),(409,'1','1','6867',NULL,'2014-07-06',NULL,1,'Τελικός',1,19,61,203,228,'2018-03-15 14:26:34','2018-03-15 15:50:52'),(410,'N/A','N/A','00:00:10.4H',NULL,'1977-06-01',996,1,'N/A',1,17,2,181,229,'2018-03-15 16:43:46','2018-03-15 17:20:30'),(411,'N/A','N/A','00:09:08.66',NULL,'1990-06-27',958,1,'N/A',1,17,32,212,230,'2018-03-15 16:58:11','2018-03-15 17:20:30'),(412,'N/A','N/A','00:00:52.39',NULL,'1990-06-28',1014,1,'N/A',1,17,19,177,230,'2018-03-15 16:59:17','2018-03-15 17:20:31'),(413,'N/A','N/A','00:04:41.02',NULL,'1990-06-27',898,1,'N/A',0,15,30,213,230,'2018-03-15 17:00:32','2018-03-15 17:00:32'),(414,'N/A','N/A','00:03:49.2H',NULL,'1989-04-26',986,1,'N/A',0,17,11,40,231,'2018-03-15 17:23:25','2018-03-15 17:23:25'),(415,'16','16','00:31:52.65',NULL,'1989-08-26',802,1,'Τελικός',0,17,14,40,232,'2018-03-15 17:32:20','2018-03-15 17:32:20');
/*!40000 ALTER TABLE `results` ENABLE KEYS */;
UNLOCK TABLES;

--
-- Table structure for table `role_user`
--

DROP TABLE IF EXISTS `role_user`;
/*!40101 SET @saved_cs_client     = @@character_set_client */;
/*!40101 SET character_set_client = utf8 */;
CREATE TABLE `role_user` (
  `id` int(10) unsigned NOT NULL AUTO_INCREMENT,
  `role_id` int(10) unsigned NOT NULL,
  `user_id` int(10) unsigned NOT NULL,
  PRIMARY KEY (`id`),
  KEY `role_user_role_id_foreign` (`role_id`),
  KEY `role_user_user_id_foreign` (`user_id`),
  CONSTRAINT `role_user_role_id_foreign` FOREIGN KEY (`role_id`) REFERENCES `roles` (`id`),
  CONSTRAINT `role_user_user_id_foreign` FOREIGN KEY (`user_id`) REFERENCES `users` (`id`)
) ENGINE=InnoDB AUTO_INCREMENT=4 DEFAULT CHARSET=utf8mb4 COLLATE=utf8mb4_unicode_ci;
/*!40101 SET character_set_client = @saved_cs_client */;

--
-- Dumping data for table `role_user`
--

LOCK TABLES `role_user` WRITE;
/*!40000 ALTER TABLE `role_user` DISABLE KEYS */;
INSERT INTO `role_user` VALUES (1,3,1),(2,3,2),(3,1,3);
/*!40000 ALTER TABLE `role_user` ENABLE KEYS */;
UNLOCK TABLES;

--
-- Table structure for table `roles`
--

DROP TABLE IF EXISTS `roles`;
/*!40101 SET @saved_cs_client     = @@character_set_client */;
/*!40101 SET character_set_client = utf8 */;
CREATE TABLE `roles` (
  `id` int(10) unsigned NOT NULL AUTO_INCREMENT,
  `name` varchar(191) COLLATE utf8mb4_unicode_ci NOT NULL,
  `created_at` timestamp NULL DEFAULT NULL,
  `updated_at` timestamp NULL DEFAULT NULL,
  PRIMARY KEY (`id`)
) ENGINE=InnoDB AUTO_INCREMENT=4 DEFAULT CHARSET=utf8mb4 COLLATE=utf8mb4_unicode_ci;
/*!40101 SET character_set_client = @saved_cs_client */;

--
-- Dumping data for table `roles`
--

LOCK TABLES `roles` WRITE;
/*!40000 ALTER TABLE `roles` DISABLE KEYS */;
INSERT INTO `roles` VALUES (1,'user','2017-12-26 14:00:48','2017-12-26 14:00:48'),(2,'moderator','2017-12-26 14:00:48','2017-12-26 14:00:48'),(3,'admin','2017-12-26 14:00:48','2017-12-26 14:00:48');
/*!40000 ALTER TABLE `roles` ENABLE KEYS */;
UNLOCK TABLES;

--
-- Table structure for table `users`
--

DROP TABLE IF EXISTS `users`;
/*!40101 SET @saved_cs_client     = @@character_set_client */;
/*!40101 SET character_set_client = utf8 */;
CREATE TABLE `users` (
  `id` int(10) unsigned NOT NULL AUTO_INCREMENT,
  `name` varchar(191) COLLATE utf8mb4_unicode_ci NOT NULL,
  `email` varchar(191) COLLATE utf8mb4_unicode_ci NOT NULL,
  `password` varchar(191) COLLATE utf8mb4_unicode_ci NOT NULL,
  `remember_token` varchar(100) COLLATE utf8mb4_unicode_ci DEFAULT NULL,
  `created_at` timestamp NULL DEFAULT NULL,
  `updated_at` timestamp NULL DEFAULT NULL,
  PRIMARY KEY (`id`),
  UNIQUE KEY `users_email_unique` (`email`)
) ENGINE=InnoDB AUTO_INCREMENT=4 DEFAULT CHARSET=utf8mb4 COLLATE=utf8mb4_unicode_ci;
/*!40101 SET character_set_client = @saved_cs_client */;

--
-- Dumping data for table `users`
--

LOCK TABLES `users` WRITE;
/*!40000 ALTER TABLE `users` DISABLE KEYS */;
INSERT INTO `users` VALUES (1,'Gehenna','gehenna63@hotmail.com','$2y$10$BVxADDyiGjCunmpF3VgcC.tmhI2ljfQi2lO1Vffcum3TUKS/pi4x2','hxY0uqczmDUoTuoz3bgQ1vnkMCvqjhnXunKzTkxLGRMktZRCKjWsvlmewl7Q','2017-12-26 14:27:40','2017-12-26 14:27:40'),(2,'Stavros Stavrinou','stavrinoust@gmail.com','$2y$10$C94twiZb4YPHw8X180ldROEzC0xTiOORuPrONuCNLG/21qrRqrUY.','R32JvSLPj5mfnHV6i36fh6kXGEcLSqaJ5PMCbs6yIqG2VfR2vtcouHia79KX','2017-12-26 15:55:43','2017-12-26 15:55:43'),(3,'Tester','tester@olastivos.com','$2y$10$VyXRfeh8hLNt6OrGfx8W/.f99bk7nr..W2IIBPy23f31ZsIGx/1XW',NULL,'2018-02-28 18:40:15','2018-02-28 18:40:15');
/*!40000 ALTER TABLE `users` ENABLE KEYS */;
UNLOCK TABLES;

--
-- Table structure for table `videables`
--

DROP TABLE IF EXISTS `videables`;
/*!40101 SET @saved_cs_client     = @@character_set_client */;
/*!40101 SET character_set_client = utf8 */;
CREATE TABLE `videables` (
  `id` int(10) unsigned NOT NULL AUTO_INCREMENT,
  `videable_id` int(10) unsigned NOT NULL,
  `videable_type` varchar(191) COLLATE utf8mb4_unicode_ci NOT NULL,
  `video_id` int(10) unsigned NOT NULL,
  `created_at` timestamp NULL DEFAULT NULL,
  `updated_at` timestamp NULL DEFAULT NULL,
  PRIMARY KEY (`id`)
) ENGINE=InnoDB AUTO_INCREMENT=12 DEFAULT CHARSET=utf8mb4 COLLATE=utf8mb4_unicode_ci;
/*!40101 SET character_set_client = @saved_cs_client */;

--
-- Dumping data for table `videables`
--

LOCK TABLES `videables` WRITE;
/*!40000 ALTER TABLE `videables` DISABLE KEYS */;
INSERT INTO `videables` VALUES (1,1,'App\\Athlete',1,NULL,NULL),(2,13,'App\\Competition',1,NULL,NULL),(3,3,'App\\Athlete',2,NULL,NULL),(4,34,'App\\Competition',2,NULL,NULL),(5,34,'App\\Competition',3,NULL,NULL),(6,38,'App\\Athlete',4,NULL,NULL),(7,60,'App\\Competition',4,NULL,NULL),(8,5,'App\\Athlete',5,NULL,NULL),(9,82,'App\\Competition',5,NULL,NULL),(10,11,'App\\Athlete',6,NULL,NULL),(11,102,'App\\Competition',6,NULL,NULL);
/*!40000 ALTER TABLE `videables` ENABLE KEYS */;
UNLOCK TABLES;

--
-- Table structure for table `videos`
--

DROP TABLE IF EXISTS `videos`;
/*!40101 SET @saved_cs_client     = @@character_set_client */;
/*!40101 SET character_set_client = utf8 */;
CREATE TABLE `videos` (
  `id` int(10) unsigned NOT NULL AUTO_INCREMENT,
  `name` varchar(191) COLLATE utf8mb4_unicode_ci NOT NULL,
  `path` varchar(191) COLLATE utf8mb4_unicode_ci NOT NULL,
  `created_at` timestamp NULL DEFAULT NULL,
  `updated_at` timestamp NULL DEFAULT NULL,
  PRIMARY KEY (`id`)
) ENGINE=InnoDB AUTO_INCREMENT=7 DEFAULT CHARSET=utf8mb4 COLLATE=utf8mb4_unicode_ci;
/*!40101 SET character_set_client = @saved_cs_client */;

--
-- Dumping data for table `videos`
--

LOCK TABLES `videos` WRITE;
/*!40000 ALTER TABLE `videos` DISABLE KEYS */;
INSERT INTO `videos` VALUES (1,'Γιάννης Ζησιμίδης - Παγκύπριο Ρεκόρ 100μ - Βαρδιονογιάννεια 1996','https://www.youtube.com/embed/fQPWcY_K0CU','2018-01-02 10:29:59','2018-01-02 10:35:07'),(2,'Πανελλήνιο Πρωτάθλημα Κλειστού Στίβου 2014 / α\'ημέρα','https://www.youtube.com/embed/Iu5f8s7oVdg','2018-01-14 09:49:02','2018-01-14 09:49:02'),(3,'Πανελλήνιο Πρωτάθλημα Κλειστού Στίβου 2014 / β\'ημέρα','https://www.youtube.com/embed/Bk0Ib8pWpKw','2018-01-14 09:49:49','2018-01-14 09:49:49'),(4,'Χρίστος Δημητρίου - Παγκύπριο Ρεκόρ κλειστού στίβου 800μ','https://www.youtube.com/embed/Wynom8DZzgY','2018-02-03 12:44:04','2018-02-03 12:44:04'),(5,'Ναταλία Ευαγγελίδου - Παγκύπριο Ρεκόρ κλειστού στίβου 1500μ - AIT Indoor Grand Prix 2018','https://www.youtube.com/embed/bOracRakV3M','2018-02-24 10:47:54','2018-02-24 10:47:54'),(6,'Αμίν Χατίρι - Παγκύπριο Ρεκόρ  1 Μίλι','https://www.youtube.com/embed/j2PQKL1a1d0','2018-02-28 10:44:18','2018-02-28 10:44:18');
/*!40000 ALTER TABLE `videos` ENABLE KEYS */;
UNLOCK TABLES;
/*!40103 SET TIME_ZONE=@OLD_TIME_ZONE */;

/*!40101 SET SQL_MODE=@OLD_SQL_MODE */;
/*!40014 SET FOREIGN_KEY_CHECKS=@OLD_FOREIGN_KEY_CHECKS */;
/*!40014 SET UNIQUE_CHECKS=@OLD_UNIQUE_CHECKS */;
/*!40101 SET CHARACTER_SET_CLIENT=@OLD_CHARACTER_SET_CLIENT */;
/*!40101 SET CHARACTER_SET_RESULTS=@OLD_CHARACTER_SET_RESULTS */;
/*!40101 SET COLLATION_CONNECTION=@OLD_COLLATION_CONNECTION */;
/*!40111 SET SQL_NOTES=@OLD_SQL_NOTES */;

-- Dump completed on 2018-03-15 17:34:22
